Date,Location,Water_Level_ft,Height (ft),Completion Cost,Gross Storage Capacity (Aft),Live storage (Aft),C.C.A. (Acres),Capacity of Channel (Cfs),Length of Canal (ft),DSL (ft),NPL (ft),HFL (ft),River / Nullah,Year of Completion,Catchment Area (Sq. Km),Latitude,Longitude,Col4,Col5,Col6,Col7,Col8,Col9,Col10,Col11,Col12,Col13,Col14,Col15,Col16,Col17,Col18
1/7/2025,RAWAL,1738,133.5,,47500,43000,343,76,7450,1708,1752,1761,Korang River,1962,275.19, 33.693833°, 73.122913°,,,,,,,,,,,,,,,
1/7/2025,KHASALA,1328.6,68,,2415,1497.5,1250,6,11810,1316.5,1332,1340,Khasala Kas,1985,25.4, 33.446145°, 72.970844°,,,,,,,,,,,,,,,
1/7/2025,Dhok Sandymar,1719.5,59.3,895.775,862,643,550,3.5,15500,1707.5,1726.5,1731.5,Nikki Kas,1990,9.194, 33.659503°, 72.860919°,,,,,,,,,,,,,,,
1/7/2025,JAWA,1377.4,83.43,,1575,900,727,5,23350,1364.81,1384.5,1395.34,Jawa Kas,1994,21, 33.427909°, 72.935279°,,,,,,,,,,,,,,,
1/7/2025,MISRIOT,1626.5,40.4,,573,281,100,2,8300,1623.45,1631.1,1634.1,Domel Kas,1963,8.2, 33.516654°, 72.990760°,,,,,,,,,,,,,,,
1/7/2025,SHAKADARA,1154.5,115,,5679,2082,4200,50.1,82215,1151.65,1187.64,1196.87,Shakadara Kas,1994,155.58, 33.694179°, 72.322768°,,,,,,,,,,,,,,,
1/7/2025,SIPIALA,1634,37.58,,568,290,140,2,11830,1634,1644,1646.5,Sipiala Kas,1964,10.29, 33.540721°, 72.781781°,,,,,,,,,,,,,,,
1/7/2025,HAJI SHAH,1030,66.25,358.243,2200,1600,1520,14,26350,1022,1040,1043,Chel Kas,2017,40.15, 33.880640°, 72.319057°,,,,,,,,,,,,,,,
1/7/2025,TALIKINA,1377.5,57.87,,2050,1350,550,5,16200,1374.65,1389.41,1393.38,Dotal Kas,2005,12, 33.571851°, 72.266621°,,,,,,,,,,,,,,,
1/7/2025,QIBLA BANDI,1231.5,75,,2900,2200,850,12,13150,1223,1240,1245,Qibla Bandi Kas,1971,22, 33.887929°, 72.580842°,,,,,,,,,,,,,,,
1/7/2025,MUJAHID,1360,85.6,,4900,3910,12000,14,52100,1330,1360,1367.6,Tutrian Kas,,10, 33.399305°, 72.774180°,,,,,,,,,,,,,,,
1/7/2025,CHAHAN,,153.7,,27386,15706,12000,45,,1362,1398,1414.7,Sill River,2022,242, 33.459444°, 72.881715°,,,,,,,,,,,,,,,
1/7/2025,MAHOTA,,89.5,,19065,11343,6000,48.5,25600,1235,1257,1269.3,Karahi Nullah,2025,160, 33.171047°, 72.834401°,,,,,,,,,,,,,,,
2/7/2025,RAWAL,1738.6,,,,,,,,,,,,,,,,,,,,,,,,,,,,,,
2/7/2025,KHASALA,1329,,,,,,,,,,,,,,,,,,,,,,,,,,,,,,
2/7/2025,Dhok Sandymar,1719.5,,,,,,,,,,,,,,,,,,,,,,,,,,,,,,
2/7/2025,JAWA,1377.4,,,,,,,,,,,,,,,,,,,,,,,,,,,,,,
2/7/2025,MISRIOT,1626.5,,,,,,,,,,,,,,,,,,,,,,,,,,,,,,
2/7/2025,SHAKADARA,1154.5,,,,,,,,,,,,,,,,,,,,,,,,,,,,,,
2/7/2025,SIPIALA,1634,,,,,,,,,,,,,,,,,,,,,,,,,,,,,,
2/7/2025,HAJI SHAH,1030,,,,,,,,,,,,,,,,,,,,,,,,,,,,,,
2/7/2025,TALIKINA,1374.3,,,,,,,,,,,,,,,,,,,,,,,,,,,,,,
2/7/2025,QIBLA BANDI,1231.5,,,,,,,,,,,,,,,,,,,,,,,,,,,,,,
2/7/2025,MUJAHID,1360,,,,,,,,,,,,,,,,,,,,,,,,,,,,,,
2/7/2025,CHAHAN,,,,,,,,,,,,,,,,,,,,,,,,,,,,,,,
2/7/2025,MAHOTA,,,,,,,,,,,,,,,,,,,,,,,,,,,,,,,
3/7/2025,RAWAL,1739.1,,,,,,,,,,,,,,,,,,,,,,,,,,,,,,
3/7/2025,KHASALA,1329,,,,,,,,,,,,,,,,,,,,,,,,,,,,,,
3/7/2025,Dhok Sandymar,1719.5,,,,,,,,,,,,,,,,,,,,,,,,,,,,,,
3/7/2025,JAWA,1377.4,,,,,,,,,,,,,,,,,,,,,,,,,,,,,,
3/7/2025,MISRIOT,1626.5,,,,,,,,,,,,,,,,,,,,,,,,,,,,,,
3/7/2025,SHAKADARA,1154.5,,,,,,,,,,,,,,,,,,,,,,,,,,,,,,
3/7/2025,SIPIALA,1634,,,,,,,,,,,,,,,,,,,,,,,,,,,,,,
3/7/2025,HAJI SHAH,1030,,,,,,,,,,,,,,,,,,,,,,,,,,,,,,
3/7/2025,TALIKINA,1374.3,,,,,,,,,,,,,,,,,,,,,,,,,,,,,,
3/7/2025,QIBLA BANDI,1231.5,,,,,,,,,,,,,,,,,,,,,,,,,,,,,,
3/7/2025,MUJAHID,1359,,,,,,,,,,,,,,,,,,,,,,,,,,,,,,
3/7/2025,CHAHAN,,,,,,,,,,,,,,,,,,,,,,,,,,,,,,,
3/7/2025,MAHOTA,,,,,,,,,,,,,,,,,,,,,,,,,,,,,,,
4/7/2025,RAWAL,1739.1,,,,,,,,,,,,,,,,,,,,,,,,,,,,,,
4/7/2025,KHASALA,1329,,,,,,,,,,,,,,,,,,,,,,,,,,,,,,
4/7/2025,Dhok Sandymar,1719.5,,,,,,,,,,,,,,,,,,,,,,,,,,,,,,
4/7/2025,JAWA,1377.4,,,,,,,,,,,,,,,,,,,,,,,,,,,,,,
4/7/2025,MISRIOT,1626.5,,,,,,,,,,,,,,,,,,,,,,,,,,,,,,
4/7/2025,SHAKADARA,1154.5,,,,,,,,,,,,,,,,,,,,,,,,,,,,,,
4/7/2025,SIPIALA,1634,,,,,,,,,,,,,,,,,,,,,,,,,,,,,,
4/7/2025,HAJI SHAH,1030,,,,,,,,,,,,,,,,,,,,,,,,,,,,,,
4/7/2025,TALIKINA,1374.3,,,,,,,,,,,,,,,,,,,,,,,,,,,,,,
4/7/2025,QIBLA BANDI,1231.5,,,,,,,,,,,,,,,,,,,,,,,,,,,,,,
4/7/2025,MUJAHID,1359,,,,,,,,,,,,,,,,,,,,,,,,,,,,,,
4/7/2025,CHAHAN,,,,,,,,,,,,,,,,,,,,,,,,,,,,,,,
4/7/2025,MAHOTA,,,,,,,,,,,,,,,,,,,,,,,,,,,,,,,
5/7/2025,RAWAL,1739.4,,,,,,,,,,,,,,,,,,,,,,,,,,,,,,
5/7/2025,KHASALA,1329,,,,,,,,,,,,,,,,,,,,,,,,,,,,,,
5/7/2025,Dhok Sandymar,1719.5,,,,,,,,,,,,,,,,,,,,,,,,,,,,,,
5/7/2025,JAWA,1377.4,,,,,,,,,,,,,,,,,,,,,,,,,,,,,,
5/7/2025,MISRIOT,1626.5,,,,,,,,,,,,,,,,,,,,,,,,,,,,,,
5/7/2025,SHAKADARA,1154.5,,,,,,,,,,,,,,,,,,,,,,,,,,,,,,
5/7/2025,SIPIALA,1634,,,,,,,,,,,,,,,,,,,,,,,,,,,,,,
5/7/2025,HAJI SHAH,1030.6,,,,,,,,,,,,,,,,,,,,,,,,,,,,,,
5/7/2025,TALIKINA,1374.3,,,,,,,,,,,,,,,,,,,,,,,,,,,,,,
5/7/2025,QIBLA BANDI,1231.5,,,,,,,,,,,,,,,,,,,,,,,,,,,,,,
5/7/2025,MUJAHID,1359,,,,,,,,,,,,,,,,,,,,,,,,,,,,,,
5/7/2025,CHAHAN,,,,,,,,,,,,,,,,,,,,,,,,,,,,,,,
5/7/2025,MAHOTA,,,,,,,,,,,,,,,,,,,,,,,,,,,,,,,
6/7/2025,RAWAL,1741.5,,,,,,,,,,,,,,,,,,,,,,,,,,,,,,
6/7/2025,KHASALA,1329.5,,,,,,,,,,,,,,,,,,,,,,,,,,,,,,
6/7/2025,Dhok Sandymar,1719.5,,,,,,,,,,,,,,,,,,,,,,,,,,,,,,
6/7/2025,JAWA,1377.9,,,,,,,,,,,,,,,,,,,,,,,,,,,,,,
6/7/2025,MISRIOT,1627,,,,,,,,,,,,,,,,,,,,,,,,,,,,,,
6/7/2025,SHAKADARA,1154.5,,,,,,,,,,,,,,,,,,,,,,,,,,,,,,
6/7/2025,SIPIALA,1634,,,,,,,,,,,,,,,,,,,,,,,,,,,,,,
6/7/2025,HAJI SHAH,1030.6,,,,,,,,,,,,,,,,,,,,,,,,,,,,,,
6/7/2025,TALIKINA,1374.3,,,,,,,,,,,,,,,,,,,,,,,,,,,,,,
6/7/2025,QIBLA BANDI,1231.5,,,,,,,,,,,,,,,,,,,,,,,,,,,,,,
6/7/2025,MUJAHID,1359,,,,,,,,,,,,,,,,,,,,,,,,,,,,,,
6/7/2025,CHAHAN,,,,,,,,,,,,,,,,,,,,,,,,,,,,,,,
6/7/2025,MAHOTA,,,,,,,,,,,,,,,,,,,,,,,,,,,,,,,
7/7/2025,RAWAL,1741.6,,,,,,,,,,,,,,,,,,,,,,,,,,,,,,
7/7/2025,KHASALA,1329.8,,,,,,,,,,,,,,,,,,,,,,,,,,,,,,
7/7/2025,Dhok Sandymar,1721.5,,,,,,,,,,,,,,,,,,,,,,,,,,,,,,
7/7/2025,JAWA,1377.9,,,,,,,,,,,,,,,,,,,,,,,,,,,,,,
7/7/2025,MISRIOT,1627,,,,,,,,,,,,,,,,,,,,,,,,,,,,,,
7/7/2025,SHAKADARA,1154.5,,,,,,,,,,,,,,,,,,,,,,,,,,,,,,
7/7/2025,SIPIALA,1634.5,,,,,,,,,,,,,,,,,,,,,,,,,,,,,,
7/7/2025,HAJI SHAH,1030.6,,,,,,,,,,,,,,,,,,,,,,,,,,,,,,
7/7/2025,TALIKINA,1374.3,,,,,,,,,,,,,,,,,,,,,,,,,,,,,,
7/7/2025,QIBLA BANDI,1231.5,,,,,,,,,,,,,,,,,,,,,,,,,,,,,,
7/7/2025,MUJAHID,1359,,,,,,,,,,,,,,,,,,,,,,,,,,,,,,
7/7/2025,CHAHAN,,,,,,,,,,,,,,,,,,,,,,,,,,,,,,,
7/7/2025,MAHOTA,,,,,,,,,,,,,,,,,,,,,,,,,,,,,,,
8/7/2025,RAWAL,1741.9,,,,,,,,,,,,,,,,,,,,,,,,,,,,,,
8/7/2025,KHASALA,1329.8,,,,,,,,,,,,,,,,,,,,,,,,,,,,,,
8/7/2025,Dhok Sandymar,1721.5,,,,,,,,,,,,,,,,,,,,,,,,,,,,,,
8/7/2025,JAWA,1377.9,,,,,,,,,,,,,,,,,,,,,,,,,,,,,,
8/7/2025,MISRIOT,1627,,,,,,,,,,,,,,,,,,,,,,,,,,,,,,
8/7/2025,SHAKADARA,1155,,,,,,,,,,,,,,,,,,,,,,,,,,,,,,
8/7/2025,SIPIALA,1634.5,,,,,,,,,,,,,,,,,,,,,,,,,,,,,,
8/7/2025,HAJI SHAH,1030.6,,,,,,,,,,,,,,,,,,,,,,,,,,,,,,
8/7/2025,TALIKINA,1375,,,,,,,,,,,,,,,,,,,,,,,,,,,,,,
8/7/2025,QIBLA BANDI,1231.5,,,,,,,,,,,,,,,,,,,,,,,,,,,,,,
8/7/2025,MUJAHID,1359,,,,,,,,,,,,,,,,,,,,,,,,,,,,,,
8/7/2025,CHAHAN,,,,,,,,,,,,,,,,,,,,,,,,,,,,,,,
8/7/2025,MAHOTA,,,,,,,,,,,,,,,,,,,,,,,,,,,,,,,
9/7/2025,RAWAL,1742.8,,,,,,,,,,,,,,,,,,,,,,,,,,,,,,
9/7/2025,KHASALA,1331.2,,,,,,,,,,,,,,,,,,,,,,,,,,,,,,
9/7/2025,Dhok Sandymar,1742.8,,,,,,,,,,,,,,,,,,,,,,,,,,,,,,
9/7/2025,JAWA,1318.5,,,,,,,,,,,,,,,,,,,,,,,,,,,,,,
9/7/2025,MISRIOT,1627.5,,,,,,,,,,,,,,,,,,,,,,,,,,,,,,
9/7/2025,SHAKADARA,115.1,,,,,,,,,,,,,,,,,,,,,,,,,,,,,,
9/7/2025,SIPIALA,1634.5,,,,,,,,,,,,,,,,,,,,,,,,,,,,,,
9/7/2025,HAJI SHAH,1030.6,,,,,,,,,,,,,,,,,,,,,,,,,,,,,,
9/7/2025,TALIKINA,1375,,,,,,,,,,,,,,,,,,,,,,,,,,,,,,
9/7/2025,QIBLA BANDI,1233,,,,,,,,,,,,,,,,,,,,,,,,,,,,,,
9/7/2025,MUJAHID,1359,,,,,,,,,,,,,,,,,,,,,,,,,,,,,,
9/7/2025,CHAHAN,,,,,,,,,,,,,,,,,,,,,,,,,,,,,,,
9/7/2025,MAHOTA,,,,,,,,,,,,,,,,,,,,,,,,,,,,,,,
10/7/2025,RAWAL,1742.8,,,,,,,,,,,,,,,,,,,,,,,,,,,,,,
10/7/2025,KHASALA,1332,,,,,,,,,,,,,,,,,,,,,,,,,,,,,,
10/7/2025,Dhok Sandymar,1724.5,,,,,,,,,,,,,,,,,,,,,,,,,,,,,,
10/7/2025,JAWA,1378.7,,,,,,,,,,,,,,,,,,,,,,,,,,,,,,
10/7/2025,MISRIOT,1623.45,,,,,,,,,,,,,,,,,,,,,,,,,,,,,,
10/7/2025,SHAKADARA,1160,,,,,,,,,,,,,,,,,,,,,,,,,,,,,,
10/7/2025,SIPIALA,1635,,,,,,,,,,,,,,,,,,,,,,,,,,,,,,
10/7/2025,HAJI SHAH,1031,,,,,,,,,,,,,,,,,,,,,,,,,,,,,,
10/7/2025,TALIKINA,1375,,,,,,,,,,,,,,,,,,,,,,,,,,,,,,
10/7/2025,QIBLA BANDI,1233,,,,,,,,,,,,,,,,,,,,,,,,,,,,,,
10/7/2025,MUJAHID,1359,,,,,,,,,,,,,,,,,,,,,,,,,,,,,,
10/7/2025,CHAHAN,1401.2,,,,,,,,,,,,,,,,,,,,,,,,,,,,,,
10/7/2025,MAHOTA,,,,,,,,,,,,,,,,,,,,,,,,,,,,,,,
11/7/2025,RAWAL,1744.1,,,,,,,,,,,,,,,,,,,,,,,,,,,,,,
11/7/2025,KHASALA,1332,,,,,,,,,,,,,,,,,,,,,,,,,,,,,,
11/7/2025,Dhok Sandymar,1725,,,,,,,,,,,,,,,,,,,,,,,,,,,,,,
11/7/2025,JAWA,1378.7,,,,,,,,,,,,,,,,,,,,,,,,,,,,,,
11/7/2025,MISRIOT,1626.7,,,,,,,,,,,,,,,,,,,,,,,,,,,,,,
11/7/2025,SHAKADARA,1160,,,,,,,,,,,,,,,,,,,,,,,,,,,,,,
11/7/2025,SIPIALA,1635,,,,,,,,,,,,,,,,,,,,,,,,,,,,,,
11/7/2025,HAJI SHAH,1031,,,,,,,,,,,,,,,,,,,,,,,,,,,,,,
11/7/2025,TALIKINA,1375,,,,,,,,,,,,,,,,,,,,,,,,,,,,,,
11/7/2025,QIBLA BANDI,1233,,,,,,,,,,,,,,,,,,,,,,,,,,,,,,
11/7/2025,MUJAHID,1359,,,,,,,,,,,,,,,,,,,,,,,,,,,,,,
11/7/2025,CHAHAN,1401.2,,,,,,,,,,,,,,,,,,,,,,,,,,,,,,
11/7/2025,MAHOTA,,,,,,,,,,,,,,,,,,,,,,,,,,,,,,,
12/7/2025,RAWAL,1744.2,,,,,,,,,,,,,,,,,,,,,,,,,,,,,,
12/7/2025,KHASALA,1332,,,,,,,,,,,,,,,,,,,,,,,,,,,,,,
12/7/2025,Dhok Sandymar,1725,,,,,,,,,,,,,,,,,,,,,,,,,,,,,,
12/7/2025,JAWA,1378.7,,,,,,,,,,,,,,,,,,,,,,,,,,,,,,
12/7/2025,MISRIOT,1628,,,,,,,,,,,,,,,,,,,,,,,,,,,,,,
12/7/2025,SHAKADARA,1161,,,,,,,,,,,,,,,,,,,,,,,,,,,,,,
12/7/2025,SIPIALA,1635,,,,,,,,,,,,,,,,,,,,,,,,,,,,,,
12/7/2025,HAJI SHAH,1031,,,,,,,,,,,,,,,,,,,,,,,,,,,,,,
12/7/2025,TALIKINA,1375.5,,,,,,,,,,,,,,,,,,,,,,,,,,,,,,
12/7/2025,QIBLA BANDI,1233,,,,,,,,,,,,,,,,,,,,,,,,,,,,,,
12/7/2025,MUJAHID,1359,,,,,,,,,,,,,,,,,,,,,,,,,,,,,,
12/7/2025,CHAHAN,1400.5,,,,,,,,,,,,,,,,,,,,,,,,,,,,,,
12/7/2025,MAHOTA,,,,,,,,,,,,,,,,,,,,,,,,,,,,,,,
13/7/2025,RAWAL,1744.2,,,,,,,,,,,,,,,,,,,,,,,,,,,,,,
13/7/2025,KHASALA,1332,,,,,,,,,,,,,,,,,,,,,,,,,,,,,,
13/7/2025,Dhok Sandymar,1724.5,,,,,,,,,,,,,,,,,,,,,,,,,,,,,,
13/7/2025,JAWA,1378.9,,,,,,,,,,,,,,,,,,,,,,,,,,,,,,
13/7/2025,MISRIOT,1628,,,,,,,,,,,,,,,,,,,,,,,,,,,,,,
13/7/2025,SHAKADARA,1161.5,,,,,,,,,,,,,,,,,,,,,,,,,,,,,,
13/7/2025,SIPIALA,1635,,,,,,,,,,,,,,,,,,,,,,,,,,,,,,
13/7/2025,HAJI SHAH,1031,,,,,,,,,,,,,,,,,,,,,,,,,,,,,,
13/7/2025,TALIKINA,1375.5,,,,,,,,,,,,,,,,,,,,,,,,,,,,,,
13/7/2025,QIBLA BANDI,1233,,,,,,,,,,,,,,,,,,,,,,,,,,,,,,
13/7/2025,MUJAHID,1359.5,,,,,,,,,,,,,,,,,,,,,,,,,,,,,,
13/7/2025,CHAHAN,1400.5,,,,,,,,,,,,,,,,,,,,,,,,,,,,,,
13/7/2025,MAHOTA,,,,,,,,,,,,,,,,,,,,,,,,,,,,,,,
14/7/2025,RAWAL,1744.2,,,,,,,,,,,,,,,,,,,,,,,,,,,,,,
14/7/2025,KHASALA,1332,,,,,,,,,,,,,,,,,,,,,,,,,,,,,,
14/7/2025,Dhok Sandymar,1724.5,,,,,,,,,,,,,,,,,,,,,,,,,,,,,,
14/7/2025,JAWA,1378.9,,,,,,,,,,,,,,,,,,,,,,,,,,,,,,
14/7/2025,MISRIOT,1628,,,,,,,,,,,,,,,,,,,,,,,,,,,,,,
14/7/2025,SHAKADARA,1162,,,,,,,,,,,,,,,,,,,,,,,,,,,,,,
14/7/2025,SIPIALA,1635,,,,,,,,,,,,,,,,,,,,,,,,,,,,,,
14/7/2025,HAJI SHAH,1032,,,,,,,,,,,,,,,,,,,,,,,,,,,,,,
14/7/2025,TALIKINA,1375,,,,,,,,,,,,,,,,,,,,,,,,,,,,,,
14/7/2025,QIBLA BANDI,1233,,,,,,,,,,,,,,,,,,,,,,,,,,,,,,
14/7/2025,MUJAHID,1359.5,,,,,,,,,,,,,,,,,,,,,,,,,,,,,,
14/7/2025,CHAHAN,1400.2,,,,,,,,,,,,,,,,,,,,,,,,,,,,,,
14/7/2025,MAHOTA,,,,,,,,,,,,,,,,,,,,,,,,,,,,,,,
15/7/2025,RAWAL,1744.8,,,,,,,,,,,,,,,,,,,,,,,,,,,,,,
15/7/2025,KHASALA,1332,,,,,,,,,,,,,,,,,,,,,,,,,,,,,,
15/7/2025,Dhok Sandymar,1725,,,,,,,,,,,,,,,,,,,,,,,,,,,,,,
15/7/2025,JAWA,1378.3,,,,,,,,,,,,,,,,,,,,,,,,,,,,,,
15/7/2025,MISRIOT,1628.5,,,,,,,,,,,,,,,,,,,,,,,,,,,,,,
15/7/2025,SHAKADARA,1162,,,,,,,,,,,,,,,,,,,,,,,,,,,,,,
15/7/2025,SIPIALA,1635.5,,,,,,,,,,,,,,,,,,,,,,,,,,,,,,
15/7/2025,HAJI SHAH,1032,,,,,,,,,,,,,,,,,,,,,,,,,,,,,,
15/7/2025,TALIKINA,1375.5,,,,,,,,,,,,,,,,,,,,,,,,,,,,,,
15/7/2025,QIBLA BANDI,1233,,,,,,,,,,,,,,,,,,,,,,,,,,,,,,
15/7/2025,MUJAHID,1359.5,,,,,,,,,,,,,,,,,,,,,,,,,,,,,,
15/7/2025,CHAHAN,1400,,,,,,,,,,,,,,,,,,,,,,,,,,,,,,
15/7/2025,MAHOTA,,,,,,,,,,,,,,,,,,,,,,,,,,,,,,,
16/7/2025,RAWAL,1744.8,,,,,,,,,,,,,,,,,,,,,,,,,,,,,,
16/7/2025,KHASALA,1332,,,,,,,,,,,,,,,,,,,,,,,,,,,,,,
16/7/2025,Dhok Sandymar,1725,,,,,,,,,,,,,,,,,,,,,,,,,,,,,,
16/7/2025,JAWA,1378.9,,,,,,,,,,,,,,,,,,,,,,,,,,,,,,
16/7/2025,MISRIOT,1628.5,,,,,,,,,,,,,,,,,,,,,,,,,,,,,,
16/7/2025,SHAKADARA,1162.5,,,,,,,,,,,,,,,,,,,,,,,,,,,,,,
16/7/2025,SIPIALA,1635.5,,,,,,,,,,,,,,,,,,,,,,,,,,,,,,
16/7/2025,HAJI SHAH,1032,,,,,,,,,,,,,,,,,,,,,,,,,,,,,,
16/7/2025,TALIKINA,1375.6,,,,,,,,,,,,,,,,,,,,,,,,,,,,,,
16/7/2025,QIBLA BANDI,1233,,,,,,,,,,,,,,,,,,,,,,,,,,,,,,
16/7/2025,MUJAHID,1359.5,,,,,,,,,,,,,,,,,,,,,,,,,,,,,,
16/7/2025,CHAHAN,1400,,,,,,,,,,,,,,,,,,,,,,,,,,,,,,
16/7/2025,MAHOTA,,,,,,,,,,,,,,,,,,,,,,,,,,,,,,,
17/7/2025,RAWAL,1745.8,,,,,,,,,,,,,,,,,,,,,,,,,,,,,,
17/7/2025,KHASALA,1332,,,,,,,,,,,,,,,,,,,,,,,,,,,,,,
17/7/2025,Dhok Sandymar,1726.5,,,,,,,,,,,,,,,,,,,,,,,,,,,,,,
17/7/2025,JAWA,1382,,,,,,,,,,,,,,,,,,,,,,,,,,,,,,
17/7/2025,MISRIOT,1629.1,,,,,,,,,,,,,,,,,,,,,,,,,,,,,,
17/7/2025,SHAKADARA,1166,,,,,,,,,,,,,,,,,,,,,,,,,,,,,,
17/7/2025,SIPIALA,1644,,,,,,,,,,,,,,,,,,,,,,,,,,,,,,
17/7/2025,HAJI SHAH,1032.5,,,,,,,,,,,,,,,,,,,,,,,,,,,,,,
17/7/2025,TALIKINA,1375.6,,,,,,,,,,,,,,,,,,,,,,,,,,,,,,
17/7/2025,QIBLA BANDI,1233.3,,,,,,,,,,,,,,,,,,,,,,,,,,,,,,
17/7/2025,MUJAHID,1360,,,,,,,,,,,,,,,,,,,,,,,,,,,,,,
17/7/2025,CHAHAN,1414.7,,,,,,,,,,,,,,,,,,,,,,,,,,,,,,
17/7/2025,MAHOTA,,,,,,,,,,,,,,,,,,,,,,,,,,,,,,,
18/7/2025,RAWAL,1748,,,,,,,,,,,,,,,,,,,,,,,,,,,,,,
18/7/2025,KHASALA,1332.6,,,,,,,,,,,,,,,,,,,,,,,,,,,,,,
18/7/2025,Dhok Sandymar,1726.5,,,,,,,,,,,,,,,,,,,,,,,,,,,,,,
18/7/2025,JAWA,1382,,,,,,,,,,,,,,,,,,,,,,,,,,,,,,
18/7/2025,MISRIOT,1629.1,,,,,,,,,,,,,,,,,,,,,,,,,,,,,,
18/7/2025,SHAKADARA,1166.8,,,,,,,,,,,,,,,,,,,,,,,,,,,,,,
18/7/2025,SIPIALA,1645.5,,,,,,,,,,,,,,,,,,,,,,,,,,,,,,
18/7/2025,HAJI SHAH,1032.5,,,,,,,,,,,,,,,,,,,,,,,,,,,,,,
18/7/2025,TALIKINA,1375.6,,,,,,,,,,,,,,,,,,,,,,,,,,,,,,
18/7/2025,QIBLA BANDI,1235.7,,,,,,,,,,,,,,,,,,,,,,,,,,,,,,
18/7/2025,MUJAHID,1361,,,,,,,,,,,,,,,,,,,,,,,,,,,,,,
18/7/2025,CHAHAN,1398,,,,,,,,,,,,,,,,,,,,,,,,,,,,,,
18/7/2025,MAHOTA,,,,,,,,,,,,,,,,,,,,,,,,,,,,,,,
19/7/2025,RAWAL,1748.3,,,,,,,,,,,,,,,,,,,,,,,,,,,,,,
19/7/2025,KHASALA,1332,,,,,,,,,,,,,,,,,,,,,,,,,,,,,,
19/7/2025,Dhok Sandymar,1726.5,,,,,,,,,,,,,,,,,,,,,,,,,,,,,,
19/7/2025,JAWA,1384.5,,,,,,,,,,,,,,,,,,,,,,,,,,,,,,
19/7/2025,MISRIOT,1631.1,,,,,,,,,,,,,,,,,,,,,,,,,,,,,,
19/7/2025,SHAKADARA,1166.9,,,,,,,,,,,,,,,,,,,,,,,,,,,,,,
19/7/2025,SIPIALA,1644.2,,,,,,,,,,,,,,,,,,,,,,,,,,,,,,
19/7/2025,HAJI SHAH,1032.5,,,,,,,,,,,,,,,,,,,,,,,,,,,,,,
19/7/2025,TALIKINA,1375.6,,,,,,,,,,,,,,,,,,,,,,,,,,,,,,
19/7/2025,QIBLA BANDI,1235.7,,,,,,,,,,,,,,,,,,,,,,,,,,,,,,
19/7/2025,MUJAHID,1360.4,,,,,,,,,,,,,,,,,,,,,,,,,,,,,,
19/7/2025,CHAHAN,1401,,,,,,,,,,,,,,,,,,,,,,,,,,,,,,
19/7/2025,MAHOTA,,,,,,,,,,,,,,,,,,,,,,,,,,,,,,,
20/7/2025,RAWAL,1747.9,,,,,,,,,,,,,,,,,,,,,,,,,,,,,,
20/7/2025,KHASALA,1332,,,,,,,,,,,,,,,,,,,,,,,,,,,,,,
20/7/2025,Dhok Sandymar,1726.5,,,,,,,,,,,,,,,,,,,,,,,,,,,,,,
20/7/2025,JAWA,1384.5,,,,,,,,,,,,,,,,,,,,,,,,,,,,,,
20/7/2025,MISRIOT,1631.1,,,,,,,,,,,,,,,,,,,,,,,,,,,,,,
20/7/2025,SHAKADARA,1166.95,,,,,,,,,,,,,,,,,,,,,,,,,,,,,,
20/7/2025,SIPIALA,1644.1,,,,,,,,,,,,,,,,,,,,,,,,,,,,,,
20/7/2025,HAJI SHAH,1032.5,,,,,,,,,,,,,,,,,,,,,,,,,,,,,,
20/7/2025,TALIKINA,1375.6,,,,,,,,,,,,,,,,,,,,,,,,,,,,,,
20/7/2025,QIBLA BANDI,1235.7,,,,,,,,,,,,,,,,,,,,,,,,,,,,,,
20/7/2025,MUJAHID,1360.4,,,,,,,,,,,,,,,,,,,,,,,,,,,,,,
20/7/2025,CHAHAN,1400,,,,,,,,,,,,,,,,,,,,,,,,,,,,,,
20/7/2025,MAHOTA,,,,,,,,,,,,,,,,,,,,,,,,,,,,,,,
21/7/2025,RAWAL,1746.9,,,,,,,,,,,,,,,,,,,,,,,,,,,,,,
21/7/2025,KHASALA,1332,,,,,,,,,,,,,,,,,,,,,,,,,,,,,,
21/7/2025,Dhok Sandymar,1726.5,,,,,,,,,,,,,,,,,,,,,,,,,,,,,,
21/7/2025,JAWA,1384.5,,,,,,,,,,,,,,,,,,,,,,,,,,,,,,
21/7/2025,MISRIOT,1631.1,,,,,,,,,,,,,,,,,,,,,,,,,,,,,,
21/7/2025,SHAKADARA,1167,,,,,,,,,,,,,,,,,,,,,,,,,,,,,,
21/7/2025,SIPIALA,1644.1,,,,,,,,,,,,,,,,,,,,,,,,,,,,,,
21/7/2025,HAJI SHAH,1032.5,,,,,,,,,,,,,,,,,,,,,,,,,,,,,,
21/7/2025,TALIKINA,1375.6,,,,,,,,,,,,,,,,,,,,,,,,,,,,,,
21/7/2025,QIBLA BANDI,1235.7,,,,,,,,,,,,,,,,,,,,,,,,,,,,,,
21/7/2025,MUJAHID,1360.2,,,,,,,,,,,,,,,,,,,,,,,,,,,,,,
21/7/2025,CHAHAN,1400,,,,,,,,,,,,,,,,,,,,,,,,,,,,,,
21/7/2025,MAHOTA,,,,,,,,,,,,,,,,,,,,,,,,,,,,,,,
22/7/2025,RAWAL,1748.6,,,,,,,,,,,,,,,,,,,,,,,,,,,,,,
22/7/2025,KHASALA,1032,,,,,,,,,,,,,,,,,,,,,,,,,,,,,,
22/7/2025,Dhok Sandymar,1726.5,,,,,,,,,,,,,,,,,,,,,,,,,,,,,,
22/7/2025,JAWA,1384.5,,,,,,,,,,,,,,,,,,,,,,,,,,,,,,
22/7/2025,MISRIOT,1631,,,,,,,,,,,,,,,,,,,,,,,,,,,,,,
22/7/2025,SHAKADARA,1167,,,,,,,,,,,,,,,,,,,,,,,,,,,,,,
22/7/2025,SIPIALA,1644,,,,,,,,,,,,,,,,,,,,,,,,,,,,,,
22/7/2025,HAJI SHAH,1032.8,,,,,,,,,,,,,,,,,,,,,,,,,,,,,,
22/7/2025,TALIKINA,1375.6,,,,,,,,,,,,,,,,,,,,,,,,,,,,,,
22/7/2025,QIBLA BANDI,1236,,,,,,,,,,,,,,,,,,,,,,,,,,,,,,
22/7/2025,MUJAHID,1360.2,,,,,,,,,,,,,,,,,,,,,,,,,,,,,,
22/7/2025,CHAHAN,1402.5,,,,,,,,,,,,,,,,,,,,,,,,,,,,,,
22/7/2025,MAHOTA,,,,,,,,,,,,,,,,,,,,,,,,,,,,,,,
23/7/2025,RAWAL,1749.4,,,,,,,,,,,,,,,,,,,,,,,,,,,,,,
23/7/2025,KHASALA,1332,,,,,,,,,,,,,,,,,,,,,,,,,,,,,,
23/7/2025,Dhok Sandymar,1726.5,,,,,,,,,,,,,,,,,,,,,,,,,,,,,,
23/7/2025,JAWA,1384.5,,,,,,,,,,,,,,,,,,,,,,,,,,,,,,
23/7/2025,MISRIOT,1631.1,,,,,,,,,,,,,,,,,,,,,,,,,,,,,,
23/7/2025,SHAKADARA,1167.1,,,,,,,,,,,,,,,,,,,,,,,,,,,,,,
23/7/2025,SIPIALA,1644,,,,,,,,,,,,,,,,,,,,,,,,,,,,,,
23/7/2025,HAJI SHAH,1033.4,,,,,,,,,,,,,,,,,,,,,,,,,,,,,,
23/7/2025,TALIKINA,1375.6,,,,,,,,,,,,,,,,,,,,,,,,,,,,,,
23/7/2025,QIBLA BANDI,1236,,,,,,,,,,,,,,,,,,,,,,,,,,,,,,
23/7/2025,MUJAHID,1360.1,,,,,,,,,,,,,,,,,,,,,,,,,,,,,,
23/7/2025,CHAHAN,1402.4,,,,,,,,,,,,,,,,,,,,,,,,,,,,,,
23/7/2025,MAHOTA,,,,,,,,,,,,,,,,,,,,,,,,,,,,,,,
24/7/2025,RAWAL,1748.9,,,,,,,,,,,,,,,,,,,,,,,,,,,,,,
24/7/2025,KHASALA,1332,,,,,,,,,,,,,,,,,,,,,,,,,,,,,,
24/7/2025,Dhok Sandymar,1726.5,,,,,,,,,,,,,,,,,,,,,,,,,,,,,,
24/7/2025,JAWA,1384.5,,,,,,,,,,,,,,,,,,,,,,,,,,,,,,
24/7/2025,MISRIOT,1631.1,,,,,,,,,,,,,,,,,,,,,,,,,,,,,,
24/7/2025,SHAKADARA,1167.2,,,,,,,,,,,,,,,,,,,,,,,,,,,,,,
24/7/2025,SIPIALA,1645,,,,,,,,,,,,,,,,,,,,,,,,,,,,,,
24/7/2025,HAJI SHAH,1035.8,,,,,,,,,,,,,,,,,,,,,,,,,,,,,,
24/7/2025,TALIKINA,1375.6,,,,,,,,,,,,,,,,,,,,,,,,,,,,,,
24/7/2025,QIBLA BANDI,1236.2,,,,,,,,,,,,,,,,,,,,,,,,,,,,,,
24/7/2025,MUJAHID,1360.2,,,,,,,,,,,,,,,,,,,,,,,,,,,,,,
24/7/2025,CHAHAN,1400.9,,,,,,,,,,,,,,,,,,,,,,,,,,,,,,
24/7/2025,MAHOTA,,,,,,,,,,,,,,,,,,,,,,,,,,,,,,,
25/7/2025,RAWAL,1749.6,,,,,,,,,,,,,,,,,,,,,,,,,,,,,,
25/7/2025,KHASALA,1332,,,,,,,,,,,,,,,,,,,,,,,,,,,,,,
25/7/2025,Dhok Sandymar,1726.5,,,,,,,,,,,,,,,,,,,,,,,,,,,,,,
25/7/2025,JAWA,1384.5,,,,,,,,,,,,,,,,,,,,,,,,,,,,,,
25/7/2025,MISRIOT,1631.1,,,,,,,,,,,,,,,,,,,,,,,,,,,,,,
25/7/2025,SHAKADARA,1167.2,,,,,,,,,,,,,,,,,,,,,,,,,,,,,,
25/7/2025,SIPIALA,1644.3,,,,,,,,,,,,,,,,,,,,,,,,,,,,,,
25/7/2025,HAJI SHAH,1035.9,,,,,,,,,,,,,,,,,,,,,,,,,,,,,,
25/7/2025,TALIKINA,1375.6,,,,,,,,,,,,,,,,,,,,,,,,,,,,,,
25/7/2025,QIBLA BANDI,1236.2,,,,,,,,,,,,,,,,,,,,,,,,,,,,,,
25/7/2025,MUJAHID,1360.1,,,,,,,,,,,,,,,,,,,,,,,,,,,,,,
25/7/2025,CHAHAN,1400.2,,,,,,,,,,,,,,,,,,,,,,,,,,,,,,
25/7/2025,MAHOTA,,,,,,,,,,,,,,,,,,,,,,,,,,,,,,,
26/7/2025,RAWAL,1750.2,,,,,,,,,,,,,,,,,,,,,,,,,,,,,,
26/7/2025,KHASALA,1332,,,,,,,,,,,,,,,,,,,,,,,,,,,,,,
26/7/2025,Dhok Sandymar,1726.5,,,,,,,,,,,,,,,,,,,,,,,,,,,,,,
26/7/2025,JAWA,1384.5,,,,,,,,,,,,,,,,,,,,,,,,,,,,,,
26/7/2025,MISRIOT,1631.1,,,,,,,,,,,,,,,,,,,,,,,,,,,,,,
26/7/2025,SHAKADARA,1167.3,,,,,,,,,,,,,,,,,,,,,,,,,,,,,,
26/7/2025,SIPIALA,1644.2,,,,,,,,,,,,,,,,,,,,,,,,,,,,,,
26/7/2025,HAJI SHAH,1035.9,,,,,,,,,,,,,,,,,,,,,,,,,,,,,,
26/7/2025,TALIKINA,1375.6,,,,,,,,,,,,,,,,,,,,,,,,,,,,,,
26/7/2025,QIBLA BANDI,1236.2,,,,,,,,,,,,,,,,,,,,,,,,,,,,,,
26/7/2025,MUJAHID,1360.1,,,,,,,,,,,,,,,,,,,,,,,,,,,,,,
26/7/2025,CHAHAN,1399.8,,,,,,,,,,,,,,,,,,,,,,,,,,,,,,
26/7/2025,MAHOTA,,,,,,,,,,,,,,,,,,,,,,,,,,,,,,,
27/7/2025,RAWAL,1750.2,,,,,,,,,,,,,,,,,,,,,,,,,,,,,,
27/7/2025,KHASALA,1332,,,,,,,,,,,,,,,,,,,,,,,,,,,,,,
27/7/2025,Dhok Sandymar,1726.5,,,,,,,,,,,,,,,,,,,,,,,,,,,,,,
27/7/2025,JAWA,1384.5,,,,,,,,,,,,,,,,,,,,,,,,,,,,,,
27/7/2025,MISRIOT,1631.1,,,,,,,,,,,,,,,,,,,,,,,,,,,,,,
27/7/2025,SHAKADARA,1167.3,,,,,,,,,,,,,,,,,,,,,,,,,,,,,,
27/7/2025,SIPIALA,1644,,,,,,,,,,,,,,,,,,,,,,,,,,,,,,
27/7/2025,HAJI SHAH,1036,,,,,,,,,,,,,,,,,,,,,,,,,,,,,,
27/7/2025,TALIKINA,1375.6,,,,,,,,,,,,,,,,,,,,,,,,,,,,,,
27/7/2025,QIBLA BANDI,1236.2,,,,,,,,,,,,,,,,,,,,,,,,,,,,,,
27/7/2025,MUJAHID,1360.1,,,,,,,,,,,,,,,,,,,,,,,,,,,,,,
27/7/2025,CHAHAN,1399.75,,,,,,,,,,,,,,,,,,,,,,,,,,,,,,
27/7/2025,MAHOTA,,,,,,,,,,,,,,,,,,,,,,,,,,,,,,,
28/7/2025,RAWAL,1748.1,,,,,,,,,,,,,,,,,,,,,,,,,,,,,,
28/7/2025,KHASALA,1332,,,,,,,,,,,,,,,,,,,,,,,,,,,,,,
28/7/2025,Dhok Sandymar,1726.5,,,,,,,,,,,,,,,,,,,,,,,,,,,,,,
28/7/2025,JAWA,1384.5,,,,,,,,,,,,,,,,,,,,,,,,,,,,,,
28/7/2025,MISRIOT,1631.1,,,,,,,,,,,,,,,,,,,,,,,,,,,,,,
28/7/2025,SHAKADARA,1167.3,,,,,,,,,,,,,,,,,,,,,,,,,,,,,,
28/7/2025,SIPIALA,1644,,,,,,,,,,,,,,,,,,,,,,,,,,,,,,
28/7/2025,HAJI SHAH,1036,,,,,,,,,,,,,,,,,,,,,,,,,,,,,,
28/7/2025,TALIKINA,1375.6,,,,,,,,,,,,,,,,,,,,,,,,,,,,,,
28/7/2025,QIBLA BANDI,1236.2,,,,,,,,,,,,,,,,,,,,,,,,,,,,,,
28/7/2025,MUJAHID,1360,,,,,,,,,,,,,,,,,,,,,,,,,,,,,,
28/7/2025,CHAHAN,1339.7,,,,,,,,,,,,,,,,,,,,,,,,,,,,,,
28/7/2025,MAHOTA,,,,,,,,,,,,,,,,,,,,,,,,,,,,,,,
29/7/2025,RAWAL,1748.8,,,,,,,,,,,,,,,,,,,,,,,,,,,,,,
29/7/2025,KHASALA,1332,,,,,,,,,,,,,,,,,,,,,,,,,,,,,,
29/7/2025,Dhok Sandymar,1726.5,,,,,,,,,,,,,,,,,,,,,,,,,,,,,,
29/7/2025,JAWA,1384.5,,,,,,,,,,,,,,,,,,,,,,,,,,,,,,
29/7/2025,MISRIOT,1631.1,,,,,,,,,,,,,,,,,,,,,,,,,,,,,,
29/7/2025,SHAKADARA,1167.3,,,,,,,,,,,,,,,,,,,,,,,,,,,,,,
29/7/2025,SIPIALA,1644,,,,,,,,,,,,,,,,,,,,,,,,,,,,,,
29/7/2025,HAJI SHAH,1036,,,,,,,,,,,,,,,,,,,,,,,,,,,,,,
29/7/2025,TALIKINA,1375.6,,,,,,,,,,,,,,,,,,,,,,,,,,,,,,
29/7/2025,QIBLA BANDI,1236.2,,,,,,,,,,,,,,,,,,,,,,,,,,,,,,
29/7/2025,MUJAHID,1360,,,,,,,,,,,,,,,,,,,,,,,,,,,,,,
29/7/2025,CHAHAN,1399.6,,,,,,,,,,,,,,,,,,,,,,,,,,,,,,
29/7/2025,MAHOTA,,,,,,,,,,,,,,,,,,,,,,,,,,,,,,,
30/7/2025,RAWAL,1750.2,,,,,,,,,,,,,,,,,,,,,,,,,,,,,,
30/7/2025,KHASALA,1332,,,,,,,,,,,,,,,,,,,,,,,,,,,,,,
30/7/2025,Dhok Sandymar,1726.5,,,,,,,,,,,,,,,,,,,,,,,,,,,,,,
30/7/2025,JAWA,1384.5,,,,,,,,,,,,,,,,,,,,,,,,,,,,,,
30/7/2025,MISRIOT,1631.1,,,,,,,,,,,,,,,,,,,,,,,,,,,,,,
30/7/2025,SHAKADARA,1167.3,,,,,,,,,,,,,,,,,,,,,,,,,,,,,,
30/7/2025,SIPIALA,1644,,,,,,,,,,,,,,,,,,,,,,,,,,,,,,
30/7/2025,HAJI SHAH,1036,,,,,,,,,,,,,,,,,,,,,,,,,,,,,,
30/7/2025,TALIKINA,1376,,,,,,,,,,,,,,,,,,,,,,,,,,,,,,
30/7/2025,QIBLA BANDI,1236.2,,,,,,,,,,,,,,,,,,,,,,,,,,,,,,
30/7/2025,MUJAHID,1360.2,,,,,,,,,,,,,,,,,,,,,,,,,,,,,,
30/7/2025,CHAHAN,1400.4,,,,,,,,,,,,,,,,,,,,,,,,,,,,,,
30/7/2025,MAHOTA,,,,,,,,,,,,,,,,,,,,,,,,,,,,,,,
31/7/2025,RAWAL,1749.9,,,,,,,,,,,,,,,,,,,,,,,,,,,,,,
31/7/2025,KHASALA,1332,,,,,,,,,,,,,,,,,,,,,,,,,,,,,,
31/7/2025,Dhok Sandymar,1726.5,,,,,,,,,,,,,,,,,,,,,,,,,,,,,,
31/7/2025,JAWA,1384.5,,,,,,,,,,,,,,,,,,,,,,,,,,,,,,
31/7/2025,MISRIOT,1631.1,,,,,,,,,,,,,,,,,,,,,,,,,,,,,,
31/7/2025,SHAKADARA,1167.3,,,,,,,,,,,,,,,,,,,,,,,,,,,,,,
31/7/2025,SIPIALA,1644,,,,,,,,,,,,,,,,,,,,,,,,,,,,,,
31/7/2025,HAJI SHAH,1036,,,,,,,,,,,,,,,,,,,,,,,,,,,,,,
31/7/2025,TALIKINA,1376.2,,,,,,,,,,,,,,,,,,,,,,,,,,,,,,
31/7/2025,QIBLA BANDI,1236.2,,,,,,,,,,,,,,,,,,,,,,,,,,,,,,
31/7/2025,MUJAHID,1360.1,,,,,,,,,,,,,,,,,,,,,,,,,,,,,,
31/7/2025,CHAHAN,1400.1,,,,,,,,,,,,,,,,,,,,,,,,,,,,,,
31/7/2025,MAHOTA,,,,,,,,,,,,,,,,,,,,,,,,,,,,,,,
1/8/2025,RAWAL,1749.3,,,,,,,,,,,,,,,,,,,,,,,,,,,,,,
1/8/2025,KHASALA,1332,,,,,,,,,,,,,,,,,,,,,,,,,,,,,,
1/8/2025,Dhok Sandymar,1726.5,,,,,,,,,,,,,,,,,,,,,,,,,,,,,,
1/8/2025,JAWA,1384.5,,,,,,,,,,,,,,,,,,,,,,,,,,,,,,
1/8/2025,MISRIOT,1631.1,,,,,,,,,,,,,,,,,,,,,,,,,,,,,,
1/8/2025,SHAKADARA,1167.3,,,,,,,,,,,,,,,,,,,,,,,,,,,,,,
1/8/2025,SIPIALA,1644,,,,,,,,,,,,,,,,,,,,,,,,,,,,,,
1/8/2025,HAJI SHAH,1036,,,,,,,,,,,,,,,,,,,,,,,,,,,,,,
1/8/2025,TALIKINA,1376.2,,,,,,,,,,,,,,,,,,,,,,,,,,,,,,
1/8/2025,QIBLA BANDI,1236.2,,,,,,,,,,,,,,,,,,,,,,,,,,,,,,
1/8/2025,MUJAHID,1360.1,,,,,,,,,,,,,,,,,,,,,,,,,,,,,,
1/8/2025,CHAHAN,1399.85,,,,,,,,,,,,,,,,,,,,,,,,,,,,,,
1/8/2025,MAHOTA,,,,,,,,,,,,,,,,,,,,,,,,,,,,,,,
2/8/2025,RAWAL,1750.2,,,,,,,,,,,,,,,,,,,,,,,,,,,,,,
2/8/2025,KHASALA,1332,,,,,,,,,,,,,,,,,,,,,,,,,,,,,,
2/8/2025,Dhok Sandymar,1726.5,,,,,,,,,,,,,,,,,,,,,,,,,,,,,,
2/8/2025,JAWA,1384.5,,,,,,,,,,,,,,,,,,,,,,,,,,,,,,
2/8/2025,MISRIOT,1631.1,,,,,,,,,,,,,,,,,,,,,,,,,,,,,,
2/8/2025,SHAKADARA,1167.3,,,,,,,,,,,,,,,,,,,,,,,,,,,,,,
2/8/2025,SIPIALA,1644,,,,,,,,,,,,,,,,,,,,,,,,,,,,,,
2/8/2025,HAJI SHAH,1036,,,,,,,,,,,,,,,,,,,,,,,,,,,,,,
2/8/2025,TALIKINA,1377,,,,,,,,,,,,,,,,,,,,,,,,,,,,,,
2/8/2025,QIBLA BANDI,1236.2,,,,,,,,,,,,,,,,,,,,,,,,,,,,,,
2/8/2025,MUJAHID,1360,,,,,,,,,,,,,,,,,,,,,,,,,,,,,,
2/8/2025,CHAHAN,1401,,,,,,,,,,,,,,,,,,,,,,,,,,,,,,
2/8/2025,MAHOTA,,,,,,,,,,,,,,,,,,,,,,,,,,,,,,,
3/8/2025,RAWAL,1750.7,,,,,,,,,,,,,,,,,,,,,,,,,,,,,,
3/8/2025,KHASALA,1332,,,,,,,,,,,,,,,,,,,,,,,,,,,,,,
3/8/2025,Dhok Sandymar,1726.5,,,,,,,,,,,,,,,,,,,,,,,,,,,,,,
3/8/2025,JAWA,1384.5,,,,,,,,,,,,,,,,,,,,,,,,,,,,,,
3/8/2025,MISRIOT,1631.1,,,,,,,,,,,,,,,,,,,,,,,,,,,,,,
3/8/2025,SHAKADARA,1167.3,,,,,,,,,,,,,,,,,,,,,,,,,,,,,,
3/8/2025,SIPIALA,1644,,,,,,,,,,,,,,,,,,,,,,,,,,,,,,
3/8/2025,HAJI SHAH,1036,,,,,,,,,,,,,,,,,,,,,,,,,,,,,,
3/8/2025,TALIKINA,1377.5,,,,,,,,,,,,,,,,,,,,,,,,,,,,,,
3/8/2025,QIBLA BANDI,1237.7,,,,,,,,,,,,,,,,,,,,,,,,,,,,,,
3/8/2025,MUJAHID,1360,,,,,,,,,,,,,,,,,,,,,,,,,,,,,,
3/8/2025,CHAHAN,1401.7,,,,,,,,,,,,,,,,,,,,,,,,,,,,,,
3/8/2025,MAHOTA,,,,,,,,,,,,,,,,,,,,,,,,,,,,,,,
4/8/2025,RAWAL,1750.4,,,,,,,,,,,,,,,,,,,,,,,,,,,,,,
4/8/2025,KHASALA,1332,,,,,,,,,,,,,,,,,,,,,,,,,,,,,,
4/8/2025,Dhok Sandymar,1726.5,,,,,,,,,,,,,,,,,,,,,,,,,,,,,,
4/8/2025,JAWA,1384.5,,,,,,,,,,,,,,,,,,,,,,,,,,,,,,
4/8/2025,MISRIOT,1631.1,,,,,,,,,,,,,,,,,,,,,,,,,,,,,,
4/8/2025,SHAKADARA,1167.3,,,,,,,,,,,,,,,,,,,,,,,,,,,,,,
4/8/2025,SIPIALA,1644,,,,,,,,,,,,,,,,,,,,,,,,,,,,,,
4/8/2025,HAJI SHAH,1036.1,,,,,,,,,,,,,,,,,,,,,,,,,,,,,,
4/8/2025,TALIKINA,1378,,,,,,,,,,,,,,,,,,,,,,,,,,,,,,
4/8/2025,QIBLA BANDI,1237.7,,,,,,,,,,,,,,,,,,,,,,,,,,,,,,
4/8/2025,MUJAHID,1360.6,,,,,,,,,,,,,,,,,,,,,,,,,,,,,,
4/8/2025,CHAHAN,1400.8,,,,,,,,,,,,,,,,,,,,,,,,,,,,,,
4/8/2025,MAHOTA,,,,,,,,,,,,,,,,,,,,,,,,,,,,,,,
5/8/2025,RAWAL,1748.1,,,,,,,,,,,,,,,,,,,,,,,,,,,,,,
5/8/2025,KHASALA,1332,,,,,,,,,,,,,,,,,,,,,,,,,,,,,,
5/8/2025,Dhok Sandymar,1726.5,,,,,,,,,,,,,,,,,,,,,,,,,,,,,,
5/8/2025,JAWA,1384.5,,,,,,,,,,,,,,,,,,,,,,,,,,,,,,
5/8/2025,MISRIOT,1631.1,,,,,,,,,,,,,,,,,,,,,,,,,,,,,,
5/8/2025,SHAKADARA,1167.3,,,,,,,,,,,,,,,,,,,,,,,,,,,,,,
5/8/2025,SIPIALA,1644.1,,,,,,,,,,,,,,,,,,,,,,,,,,,,,,
5/8/2025,HAJI SHAH,1036.1,,,,,,,,,,,,,,,,,,,,,,,,,,,,,,
5/8/2025,TALIKINA,1378,,,,,,,,,,,,,,,,,,,,,,,,,,,,,,
5/8/2025,QIBLA BANDI,1237.9,,,,,,,,,,,,,,,,,,,,,,,,,,,,,,
5/8/2025,MUJAHID,1360.1,,,,,,,,,,,,,,,,,,,,,,,,,,,,,,
5/8/2025,CHAHAN,1400.3,,,,,,,,,,,,,,,,,,,,,,,,,,,,,,
5/8/2025,MAHOTA,,,,,,,,,,,,,,,,,,,,,,,,,,,,,,,
6/8/2025,RAWAL,1750.6,,,,,,,,,,,,,,,,,,,,,,,,,,,,,,
6/8/2025,KHASALA,1332,,,,,,,,,,,,,,,,,,,,,,,,,,,,,,
6/8/2025,Dhok Sandymar,1726.5,,,,,,,,,,,,,,,,,,,,,,,,,,,,,,
6/8/2025,JAWA,1384.5,,,,,,,,,,,,,,,,,,,,,,,,,,,,,,
6/8/2025,MISRIOT,1631.1,,,,,,,,,,,,,,,,,,,,,,,,,,,,,,
6/8/2025,SHAKADARA,1167.3,,,,,,,,,,,,,,,,,,,,,,,,,,,,,,
6/8/2025,SIPIALA,1644,,,,,,,,,,,,,,,,,,,,,,,,,,,,,,
6/8/2025,HAJI SHAH,1036.3,,,,,,,,,,,,,,,,,,,,,,,,,,,,,,
6/8/2025,TALIKINA,1378.2,,,,,,,,,,,,,,,,,,,,,,,,,,,,,,
6/8/2025,QIBLA BANDI,1238,,,,,,,,,,,,,,,,,,,,,,,,,,,,,,
6/8/2025,MUJAHID,1360,,,,,,,,,,,,,,,,,,,,,,,,,,,,,,
6/8/2025,CHAHAN,1400,,,,,,,,,,,,,,,,,,,,,,,,,,,,,,
6/8/2025,MAHOTA,,,,,,,,,,,,,,,,,,,,,,,,,,,,,,,
7/8/2025,RAWAL,1750.1,,,,,,,,,,,,,,,,,,,,,,,,,,,,,,
7/8/2025,KHASALA,1332,,,,,,,,,,,,,,,,,,,,,,,,,,,,,,
7/8/2025,Dhok Sandymar,1726.5,,,,,,,,,,,,,,,,,,,,,,,,,,,,,,
7/8/2025,JAWA,1384.5,,,,,,,,,,,,,,,,,,,,,,,,,,,,,,
7/8/2025,MISRIOT,1631.1,,,,,,,,,,,,,,,,,,,,,,,,,,,,,,
7/8/2025,SHAKADARA,1184,,,,,,,,,,,,,,,,,,,,,,,,,,,,,,
7/8/2025,SIPIALA,1644,,,,,,,,,,,,,,,,,,,,,,,,,,,,,,
7/8/2025,HAJI SHAH,1036.5,,,,,,,,,,,,,,,,,,,,,,,,,,,,,,
7/8/2025,TALIKINA,1378.2,,,,,,,,,,,,,,,,,,,,,,,,,,,,,,
7/8/2025,QIBLA BANDI,1240.2,,,,,,,,,,,,,,,,,,,,,,,,,,,,,,
7/8/2025,MUJAHID,1360,,,,,,,,,,,,,,,,,,,,,,,,,,,,,,
7/8/2025,CHAHAN,1400.75,,,,,,,,,,,,,,,,,,,,,,,,,,,,,,
7/8/2025,MAHOTA,,,,,,,,,,,,,,,,,,,,,,,,,,,,,,,
8/8/2025,RAWAL,1750.1,,,,,,,,,,,,,,,,,,,,,,,,,,,,,,
8/8/2025,KHASALA,1332,,,,,,,,,,,,,,,,,,,,,,,,,,,,,,
8/8/2025,Dhok Sandymar,1726.5,,,,,,,,,,,,,,,,,,,,,,,,,,,,,,
8/8/2025,JAWA,1384.5,,,,,,,,,,,,,,,,,,,,,,,,,,,,,,
8/8/2025,MISRIOT,1631.1,,,,,,,,,,,,,,,,,,,,,,,,,,,,,,
8/8/2025,SHAKADARA,1184,,,,,,,,,,,,,,,,,,,,,,,,,,,,,,
8/8/2025,SIPIALA,1644,,,,,,,,,,,,,,,,,,,,,,,,,,,,,,
8/8/2025,HAJI SHAH,1036.5,,,,,,,,,,,,,,,,,,,,,,,,,,,,,,
8/8/2025,TALIKINA,1378.2,,,,,,,,,,,,,,,,,,,,,,,,,,,,,,
8/8/2025,QIBLA BANDI,1240.2,,,,,,,,,,,,,,,,,,,,,,,,,,,,,,
8/8/2025,MUJAHID,1360,,,,,,,,,,,,,,,,,,,,,,,,,,,,,,
8/8/2025,CHAHAN,1400.75,,,,,,,,,,,,,,,,,,,,,,,,,,,,,,
8/8/2025,MAHOTA,,,,,,,,,,,,,,,,,,,,,,,,,,,,,,,
9/8/2025,RAWAL,1750.5,,,,,,,,,,,,,,,,,,,,,,,,,,,,,,
9/8/2025,KHASALA,1332,,,,,,,,,,,,,,,,,,,,,,,,,,,,,,
9/8/2025,Dhok Sandymar,1726.5,,,,,,,,,,,,,,,,,,,,,,,,,,,,,,
9/8/2025,JAWA,1384.5,,,,,,,,,,,,,,,,,,,,,,,,,,,,,,
9/8/2025,MISRIOT,1631.1,,,,,,,,,,,,,,,,,,,,,,,,,,,,,,
9/8/2025,SHAKADARA,1187.4,,,,,,,,,,,,,,,,,,,,,,,,,,,,,,
9/8/2025,SIPIALA,1644,,,,,,,,,,,,,,,,,,,,,,,,,,,,,,
9/8/2025,HAJI SHAH,1036.7,,,,,,,,,,,,,,,,,,,,,,,,,,,,,,
9/8/2025,TALIKINA,1380.6,,,,,,,,,,,,,,,,,,,,,,,,,,,,,,
9/8/2025,QIBLA BANDI,1240.5,,,,,,,,,,,,,,,,,,,,,,,,,,,,,,
9/8/2025,MUJAHID,1360.3,,,,,,,,,,,,,,,,,,,,,,,,,,,,,,
9/8/2025,CHAHAN,1400.2,,,,,,,,,,,,,,,,,,,,,,,,,,,,,,
9/8/2025,MAHOTA,,,,,,,,,,,,,,,,,,,,,,,,,,,,,,,
10/8/2025,RAWAL,1750.9,,,,,,,,,,,,,,,,,,,,,,,,,,,,,,
10/8/2025,KHASALA,1332,,,,,,,,,,,,,,,,,,,,,,,,,,,,,,
10/8/2025,Dhok Sandymar,1726.5,,,,,,,,,,,,,,,,,,,,,,,,,,,,,,
10/8/2025,JAWA,1384.5,,,,,,,,,,,,,,,,,,,,,,,,,,,,,,
10/8/2025,MISRIOT,1631.1,,,,,,,,,,,,,,,,,,,,,,,,,,,,,,
10/8/2025,SHAKADARA,1188.54,,,,,,,,,,,,,,,,,,,,,,,,,,,,,,
10/8/2025,SIPIALA,1644,,,,,,,,,,,,,,,,,,,,,,,,,,,,,,
10/8/2025,HAJI SHAH,1036.7,,,,,,,,,,,,,,,,,,,,,,,,,,,,,,
10/8/2025,TALIKINA,1381.4,,,,,,,,,,,,,,,,,,,,,,,,,,,,,,
10/8/2025,QIBLA BANDI,1240.3,,,,,,,,,,,,,,,,,,,,,,,,,,,,,,
10/8/2025,MUJAHID,1360.1,,,,,,,,,,,,,,,,,,,,,,,,,,,,,,
10/8/2025,CHAHAN,1400.1,,,,,,,,,,,,,,,,,,,,,,,,,,,,,,
10/8/2025,MAHOTA,,,,,,,,,,,,,,,,,,,,,,,,,,,,,,,
11/8/2025,RAWAL,1751.3,,,,,,,,,,,,,,,,,,,,,,,,,,,,,,
11/8/2025,KHASALA,1332,,,,,,,,,,,,,,,,,,,,,,,,,,,,,,
11/8/2025,Dhok Sandymar,1726.5,,,,,,,,,,,,,,,,,,,,,,,,,,,,,,
11/8/2025,JAWA,1384.5,,,,,,,,,,,,,,,,,,,,,,,,,,,,,,
11/8/2025,MISRIOT,1631.1,,,,,,,,,,,,,,,,,,,,,,,,,,,,,,
11/8/2025,SHAKADARA,1187.94,,,,,,,,,,,,,,,,,,,,,,,,,,,,,,
11/8/2025,SIPIALA,1644.3,,,,,,,,,,,,,,,,,,,,,,,,,,,,,,
11/8/2025,HAJI SHAH,1036.7,,,,,,,,,,,,,,,,,,,,,,,,,,,,,,
11/8/2025,TALIKINA,1381.6,,,,,,,,,,,,,,,,,,,,,,,,,,,,,,
11/8/2025,QIBLA BANDI,1240.2,,,,,,,,,,,,,,,,,,,,,,,,,,,,,,
11/8/2025,MUJAHID,1360.1,,,,,,,,,,,,,,,,,,,,,,,,,,,,,,
11/8/2025,CHAHAN,1400.1,,,,,,,,,,,,,,,,,,,,,,,,,,,,,,
11/8/2025,MAHOTA,,,,,,,,,,,,,,,,,,,,,,,,,,,,,,,
12/8/2025,RAWAL,1749.4,,,,,,,,,,,,,,,,,,,,,,,,,,,,,,
12/8/2025,KHASALA,1332,,,,,,,,,,,,,,,,,,,,,,,,,,,,,,
12/8/2025,Dhok Sandymar,1726.5,,,,,,,,,,,,,,,,,,,,,,,,,,,,,,
12/8/2025,JAWA,1384.5,,,,,,,,,,,,,,,,,,,,,,,,,,,,,,
12/8/2025,MISRIOT,1631.1,,,,,,,,,,,,,,,,,,,,,,,,,,,,,,
12/8/2025,SHAKADARA,1187.84,,,,,,,,,,,,,,,,,,,,,,,,,,,,,,
12/8/2025,SIPIALA,1644.2,,,,,,,,,,,,,,,,,,,,,,,,,,,,,,
12/8/2025,HAJI SHAH,1036.7,,,,,,,,,,,,,,,,,,,,,,,,,,,,,,
12/8/2025,TALIKINA,1381.6,,,,,,,,,,,,,,,,,,,,,,,,,,,,,,
12/8/2025,QIBLA BANDI,1240.1,,,,,,,,,,,,,,,,,,,,,,,,,,,,,,
12/8/2025,MUJAHID,1360.1,,,,,,,,,,,,,,,,,,,,,,,,,,,,,,
12/8/2025,CHAHAN,1399.9,,,,,,,,,,,,,,,,,,,,,,,,,,,,,,
12/8/2025,MAHOTA,,,,,,,,,,,,,,,,,,,,,,,,,,,,,,,
13/8/2025,RAWAL,1749.7,,,,,,,,,,,,,,,,,,,,,,,,,,,,,,
13/8/2025,KHASALA,1332,,,,,,,,,,,,,,,,,,,,,,,,,,,,,,
13/8/2025,Dhok Sandymar,1726.5,,,,,,,,,,,,,,,,,,,,,,,,,,,,,,
13/8/2025,JAWA,1384.5,,,,,,,,,,,,,,,,,,,,,,,,,,,,,,
13/8/2025,MISRIOT,1631.1,,,,,,,,,,,,,,,,,,,,,,,,,,,,,,
13/8/2025,SHAKADARA,1187.64,,,,,,,,,,,,,,,,,,,,,,,,,,,,,,
13/8/2025,SIPIALA,1644.1,,,,,,,,,,,,,,,,,,,,,,,,,,,,,,
13/8/2025,HAJI SHAH,1036.7,,,,,,,,,,,,,,,,,,,,,,,,,,,,,,
13/8/2025,TALIKINA,1381.6,,,,,,,,,,,,,,,,,,,,,,,,,,,,,,
13/8/2025,QIBLA BANDI,1240.1,,,,,,,,,,,,,,,,,,,,,,,,,,,,,,
13/8/2025,MUJAHID,1360.1,,,,,,,,,,,,,,,,,,,,,,,,,,,,,,
13/8/2025,CHAHAN,1399.7,,,,,,,,,,,,,,,,,,,,,,,,,,,,,,
13/8/2025,MAHOTA,,,,,,,,,,,,,,,,,,,,,,,,,,,,,,,
14/8/2025,RAWAL,1750.2,,,,,,,,,,,,,,,,,,,,,,,,,,,,,,
14/8/2025,KHASALA,1332,,,,,,,,,,,,,,,,,,,,,,,,,,,,,,
14/8/2025,Dhok Sandymar,1726.5,,,,,,,,,,,,,,,,,,,,,,,,,,,,,,
14/8/2025,JAWA,1384.5,,,,,,,,,,,,,,,,,,,,,,,,,,,,,,
14/8/2025,MISRIOT,1631.1,,,,,,,,,,,,,,,,,,,,,,,,,,,,,,
14/8/2025,SHAKADARA,1187.64,,,,,,,,,,,,,,,,,,,,,,,,,,,,,,
14/8/2025,SIPIALA,1644,,,,,,,,,,,,,,,,,,,,,,,,,,,,,,
14/8/2025,HAJI SHAH,1036.7,,,,,,,,,,,,,,,,,,,,,,,,,,,,,,
14/8/2025,TALIKINA,1381.6,,,,,,,,,,,,,,,,,,,,,,,,,,,,,,
14/8/2025,QIBLA BANDI,1240.1,,,,,,,,,,,,,,,,,,,,,,,,,,,,,,
14/8/2025,MUJAHID,1360.1,,,,,,,,,,,,,,,,,,,,,,,,,,,,,,
14/8/2025,CHAHAN,1399.7,,,,,,,,,,,,,,,,,,,,,,,,,,,,,,
14/8/2025,MAHOTA,,,,,,,,,,,,,,,,,,,,,,,,,,,,,,,
15/8/2025,RAWAL,1751.1,,,,,,,,,,,,,,,,,,,,,,,,,,,,,,
15/8/2025,KHASALA,1332,,,,,,,,,,,,,,,,,,,,,,,,,,,,,,
15/8/2025,Dhok Sandymar,1726.5,,,,,,,,,,,,,,,,,,,,,,,,,,,,,,
15/8/2025,JAWA,1384.5,,,,,,,,,,,,,,,,,,,,,,,,,,,,,,
15/8/2025,MISRIOT,1631.1,,,,,,,,,,,,,,,,,,,,,,,,,,,,,,
15/8/2025,SHAKADARA,1187.64,,,,,,,,,,,,,,,,,,,,,,,,,,,,,,
15/8/2025,SIPIALA,1644,,,,,,,,,,,,,,,,,,,,,,,,,,,,,,
15/8/2025,HAJI SHAH,1036.7,,,,,,,,,,,,,,,,,,,,,,,,,,,,,,
15/8/2025,TALIKINA,1381.6,,,,,,,,,,,,,,,,,,,,,,,,,,,,,,
15/8/2025,QIBLA BANDI,1240.1,,,,,,,,,,,,,,,,,,,,,,,,,,,,,,
15/8/2025,MUJAHID,1360.1,,,,,,,,,,,,,,,,,,,,,,,,,,,,,,
15/8/2025,CHAHAN,1399.7,,,,,,,,,,,,,,,,,,,,,,,,,,,,,,
15/8/2025,MAHOTA,,,,,,,,,,,,,,,,,,,,,,,,,,,,,,,
16/8/2025,RAWAL,1750.7,,,,,,,,,,,,,,,,,,,,,,,,,,,,,,
16/8/2025,KHASALA,1332,,,,,,,,,,,,,,,,,,,,,,,,,,,,,,
16/8/2025,Dhok Sandymar,1726.5,,,,,,,,,,,,,,,,,,,,,,,,,,,,,,
16/8/2025,JAWA,1384.5,,,,,,,,,,,,,,,,,,,,,,,,,,,,,,
16/8/2025,MISRIOT,1631.1,,,,,,,,,,,,,,,,,,,,,,,,,,,,,,
16/8/2025,SHAKADARA,1187.64,,,,,,,,,,,,,,,,,,,,,,,,,,,,,,
16/8/2025,SIPIALA,1644,,,,,,,,,,,,,,,,,,,,,,,,,,,,,,
16/8/2025,HAJI SHAH,1036.7,,,,,,,,,,,,,,,,,,,,,,,,,,,,,,
16/8/2025,TALIKINA,1381.6,,,,,,,,,,,,,,,,,,,,,,,,,,,,,,
16/8/2025,QIBLA BANDI,1240.1,,,,,,,,,,,,,,,,,,,,,,,,,,,,,,
16/8/2025,MUJAHID,1360.1,,,,,,,,,,,,,,,,,,,,,,,,,,,,,,
16/8/2025,CHAHAN,1399.7,,,,,,,,,,,,,,,,,,,,,,,,,,,,,,
16/8/2025,MAHOTA,,,,,,,,,,,,,,,,,,,,,,,,,,,,,,,
17/8/2025,RAWAL,1751.8,,,,,,,,,,,,,,,,,,,,,,,,,,,,,,
17/8/2025,KHASALA,1332,,,,,,,,,,,,,,,,,,,,,,,,,,,,,,
17/8/2025,Dhok Sandymar,1726.7,,,,,,,,,,,,,,,,,,,,,,,,,,,,,,
17/8/2025,JAWA,1384.5,,,,,,,,,,,,,,,,,,,,,,,,,,,,,,
17/8/2025,MISRIOT,1631.1,,,,,,,,,,,,,,,,,,,,,,,,,,,,,,
17/8/2025,SHAKADARA,1187.64,,,,,,,,,,,,,,,,,,,,,,,,,,,,,,
17/8/2025,SIPIALA,1644,,,,,,,,,,,,,,,,,,,,,,,,,,,,,,
17/8/2025,HAJI SHAH,1036.7,,,,,,,,,,,,,,,,,,,,,,,,,,,,,,
17/8/2025,TALIKINA,1381.6,,,,,,,,,,,,,,,,,,,,,,,,,,,,,,
17/8/2025,QIBLA BANDI,1240.4,,,,,,,,,,,,,,,,,,,,,,,,,,,,,,
17/8/2025,MUJAHID,1360.3,,,,,,,,,,,,,,,,,,,,,,,,,,,,,,
17/8/2025,CHAHAN,1399.5,,,,,,,,,,,,,,,,,,,,,,,,,,,,,,
17/8/2025,MAHOTA,,,,,,,,,,,,,,,,,,,,,,,,,,,,,,,
18/8/2025,RAWAL,1751.2,,,,,,,,,,,,,,,,,,,,,,,,,,,,,,
18/8/2025,KHASALA,1332,,,,,,,,,,,,,,,,,,,,,,,,,,,,,,
18/8/2025,Dhok Sandymar,1726.7,,,,,,,,,,,,,,,,,,,,,,,,,,,,,,
18/8/2025,JAWA,1384.5,,,,,,,,,,,,,,,,,,,,,,,,,,,,,,
18/8/2025,MISRIOT,1631.1,,,,,,,,,,,,,,,,,,,,,,,,,,,,,,
18/8/2025,SHAKADARA,1191.14,,,,,,,,,,,,,,,,,,,,,,,,,,,,,,
18/8/2025,SIPIALA,1644.4,,,,,,,,,,,,,,,,,,,,,,,,,,,,,,
18/8/2025,HAJI SHAH,1037.7,,,,,,,,,,,,,,,,,,,,,,,,,,,,,,
18/8/2025,TALIKINA,1382.6,,,,,,,,,,,,,,,,,,,,,,,,,,,,,,
18/8/2025,QIBLA BANDI,1240.5,,,,,,,,,,,,,,,,,,,,,,,,,,,,,,
18/8/2025,MUJAHID,1360.3,,,,,,,,,,,,,,,,,,,,,,,,,,,,,,
18/8/2025,CHAHAN,1401,,,,,,,,,,,,,,,,,,,,,,,,,,,,,,
18/8/2025,MAHOTA,,,,,,,,,,,,,,,,,,,,,,,,,,,,,,,
19/8/2025,RAWAL,1750.5,,,,,,,,,,,,,,,,,,,,,,,,,,,,,,
19/8/2025,KHASALA,1332,,,,,,,,,,,,,,,,,,,,,,,,,,,,,,
19/8/2025,Dhok Sandymar,1726.5,,,,,,,,,,,,,,,,,,,,,,,,,,,,,,
19/8/2025,JAWA,1384.5,,,,,,,,,,,,,,,,,,,,,,,,,,,,,,
19/8/2025,MISRIOT,1631.1,,,,,,,,,,,,,,,,,,,,,,,,,,,,,,
19/8/2025,SHAKADARA,1188.14,,,,,,,,,,,,,,,,,,,,,,,,,,,,,,
19/8/2025,SIPIALA,1644.2,,,,,,,,,,,,,,,,,,,,,,,,,,,,,,
19/8/2025,HAJI SHAH,1037.8,,,,,,,,,,,,,,,,,,,,,,,,,,,,,,
19/8/2025,TALIKINA,1383.3,,,,,,,,,,,,,,,,,,,,,,,,,,,,,,
19/8/2025,QIBLA BANDI,1240.3,,,,,,,,,,,,,,,,,,,,,,,,,,,,,,
19/8/2025,MUJAHID,1360.1,,,,,,,,,,,,,,,,,,,,,,,,,,,,,,
19/8/2025,CHAHAN,1400.5,,,,,,,,,,,,,,,,,,,,,,,,,,,,,,
19/8/2025,MAHOTA,,,,,,,,,,,,,,,,,,,,,,,,,,,,,,,
20/8/2025,RAWAL,1749.6,,,,,,,,,,,,,,,,,,,,,,,,,,,,,,
20/8/2025,KHASALA,1332,,,,,,,,,,,,,,,,,,,,,,,,,,,,,,
20/8/2025,Dhok Sandymar,1726.5,,,,,,,,,,,,,,,,,,,,,,,,,,,,,,
20/8/2025,JAWA,1384.5,,,,,,,,,,,,,,,,,,,,,,,,,,,,,,
20/8/2025,MISRIOT,1631.1,,,,,,,,,,,,,,,,,,,,,,,,,,,,,,
20/8/2025,SHAKADARA,1187.94,,,,,,,,,,,,,,,,,,,,,,,,,,,,,,
20/8/2025,SIPIALA,1644.2,,,,,,,,,,,,,,,,,,,,,,,,,,,,,,
20/8/2025,HAJI SHAH,1037.8,,,,,,,,,,,,,,,,,,,,,,,,,,,,,,
20/8/2025,TALIKINA,1383.4,,,,,,,,,,,,,,,,,,,,,,,,,,,,,,
20/8/2025,QIBLA BANDI,1240.2,,,,,,,,,,,,,,,,,,,,,,,,,,,,,,
20/8/2025,MUJAHID,1360.1,,,,,,,,,,,,,,,,,,,,,,,,,,,,,,
20/8/2025,CHAHAN,1400.5,,,,,,,,,,,,,,,,,,,,,,,,,,,,,,
20/8/2025,MAHOTA,,,,,,,,,,,,,,,,,,,,,,,,,,,,,,,
21/8/2025,RAWAL,1750,,,,,,,,,,,,,,,,,,,,,,,,,,,,,,
21/8/2025,KHASALA,1332,,,,,,,,,,,,,,,,,,,,,,,,,,,,,,
21/8/2025,Dhok Sandymar,1726.5,,,,,,,,,,,,,,,,,,,,,,,,,,,,,,
21/8/2025,JAWA,1384.5,,,,,,,,,,,,,,,,,,,,,,,,,,,,,,
21/8/2025,MISRIOT,1631.1,,,,,,,,,,,,,,,,,,,,,,,,,,,,,,
21/8/2025,SHAKADARA,1187.94,,,,,,,,,,,,,,,,,,,,,,,,,,,,,,
21/8/2025,SIPIALA,1644.1,,,,,,,,,,,,,,,,,,,,,,,,,,,,,,
21/8/2025,HAJI SHAH,1037.8,,,,,,,,,,,,,,,,,,,,,,,,,,,,,,
21/8/2025,TALIKINA,1383.3,,,,,,,,,,,,,,,,,,,,,,,,,,,,,,
21/8/2025,QIBLA BANDI,1240.2,,,,,,,,,,,,,,,,,,,,,,,,,,,,,,
21/8/2025,MUJAHID,1360.1,,,,,,,,,,,,,,,,,,,,,,,,,,,,,,
21/8/2025,CHAHAN,1399.9,,,,,,,,,,,,,,,,,,,,,,,,,,,,,,
21/8/2025,MAHOTA,,,,,,,,,,,,,,,,,,,,,,,,,,,,,,,
22/8/2025,RAWAL,1750.5,,,,,,,,,,,,,,,,,,,,,,,,,,,,,,
22/8/2025,KHASALA,1332,,,,,,,,,,,,,,,,,,,,,,,,,,,,,,
22/8/2025,Dhok Sandymar,1726.5,,,,,,,,,,,,,,,,,,,,,,,,,,,,,,
22/8/2025,JAWA,1384.5,,,,,,,,,,,,,,,,,,,,,,,,,,,,,,
22/8/2025,MISRIOT,1631.1,,,,,,,,,,,,,,,,,,,,,,,,,,,,,,
22/8/2025,SHAKADARA,1187.84,,,,,,,,,,,,,,,,,,,,,,,,,,,,,,
22/8/2025,SIPIALA,1644,,,,,,,,,,,,,,,,,,,,,,,,,,,,,,
22/8/2025,HAJI SHAH,1038,,,,,,,,,,,,,,,,,,,,,,,,,,,,,,
22/8/2025,TALIKINA,1383.3,,,,,,,,,,,,,,,,,,,,,,,,,,,,,,
22/8/2025,QIBLA BANDI,1240.2,,,,,,,,,,,,,,,,,,,,,,,,,,,,,,
22/8/2025,MUJAHID,1360,,,,,,,,,,,,,,,,,,,,,,,,,,,,,,
22/8/2025,CHAHAN,1399.7,,,,,,,,,,,,,,,,,,,,,,,,,,,,,,
22/8/2025,MAHOTA,,,,,,,,,,,,,,,,,,,,,,,,,,,,,,,
23/8/2025,RAWAL,1751.1,,,,,,,,,,,,,,,,,,,,,,,,,,,,,,
23/8/2025,KHASALA,1332,,,,,,,,,,,,,,,,,,,,,,,,,,,,,,
23/8/2025,Dhok Sandymar,1726.5,,,,,,,,,,,,,,,,,,,,,,,,,,,,,,
23/8/2025,JAWA,1384.5,,,,,,,,,,,,,,,,,,,,,,,,,,,,,,
23/8/2025,MISRIOT,1631.1,,,,,,,,,,,,,,,,,,,,,,,,,,,,,,
23/8/2025,SHAKADARA,1187.64,,,,,,,,,,,,,,,,,,,,,,,,,,,,,,
23/8/2025,SIPIALA,1644,,,,,,,,,,,,,,,,,,,,,,,,,,,,,,
23/8/2025,HAJI SHAH,1038,,,,,,,,,,,,,,,,,,,,,,,,,,,,,,
23/8/2025,TALIKINA,1383.3,,,,,,,,,,,,,,,,,,,,,,,,,,,,,,
23/8/2025,QIBLA BANDI,1240.1,,,,,,,,,,,,,,,,,,,,,,,,,,,,,,
23/8/2025,MUJAHID,1360,,,,,,,,,,,,,,,,,,,,,,,,,,,,,,
23/8/2025,CHAHAN,1399.6,,,,,,,,,,,,,,,,,,,,,,,,,,,,,,
23/8/2025,MAHOTA,,,,,,,,,,,,,,,,,,,,,,,,,,,,,,,
24/8/2025,RAWAL,1748.9,,,,,,,,,,,,,,,,,,,,,,,,,,,,,,
24/8/2025,KHASALA,1332,,,,,,,,,,,,,,,,,,,,,,,,,,,,,,
24/8/2025,Dhok Sandymar,1726.5,,,,,,,,,,,,,,,,,,,,,,,,,,,,,,
24/8/2025,JAWA,1384.5,,,,,,,,,,,,,,,,,,,,,,,,,,,,,,
24/8/2025,MISRIOT,1631.1,,,,,,,,,,,,,,,,,,,,,,,,,,,,,,
24/8/2025,SHAKADARA,1189.04,,,,,,,,,,,,,,,,,,,,,,,,,,,,,,
24/8/2025,SIPIALA,1644,,,,,,,,,,,,,,,,,,,,,,,,,,,,,,
24/8/2025,HAJI SHAH,1038,,,,,,,,,,,,,,,,,,,,,,,,,,,,,,
24/8/2025,TALIKINA,1383.8,,,,,,,,,,,,,,,,,,,,,,,,,,,,,,
24/8/2025,QIBLA BANDI,1240.3,,,,,,,,,,,,,,,,,,,,,,,,,,,,,,
24/8/2025,MUJAHID,1360.2,,,,,,,,,,,,,,,,,,,,,,,,,,,,,,
24/8/2025,CHAHAN,1402.7,,,,,,,,,,,,,,,,,,,,,,,,,,,,,,
24/8/2025,MAHOTA,,,,,,,,,,,,,,,,,,,,,,,,,,,,,,,
25/8/2025,RAWAL,1749.3,,,,,,,,,,,,,,,,,,,,,,,,,,,,,,
25/8/2025,KHASALA,1332,,,,,,,,,,,,,,,,,,,,,,,,,,,,,,
25/8/2025,Dhok Sandymar,1726.5,,,,,,,,,,,,,,,,,,,,,,,,,,,,,,
25/8/2025,JAWA,1384.5,,,,,,,,,,,,,,,,,,,,,,,,,,,,,,
25/8/2025,MISRIOT,1631.1,,,,,,,,,,,,,,,,,,,,,,,,,,,,,,
25/8/2025,SHAKADARA,1188.64,,,,,,,,,,,,,,,,,,,,,,,,,,,,,,
25/8/2025,SIPIALA,1644.19,,,,,,,,,,,,,,,,,,,,,,,,,,,,,,
25/8/2025,HAJI SHAH,1038.5,,,,,,,,,,,,,,,,,,,,,,,,,,,,,,
25/8/2025,TALIKINA,1383.8,,,,,,,,,,,,,,,,,,,,,,,,,,,,,,
25/8/2025,QIBLA BANDI,1240.2,,,,,,,,,,,,,,,,,,,,,,,,,,,,,,
25/8/2025,MUJAHID,1260.3,,,,,,,,,,,,,,,,,,,,,,,,,,,,,,
25/8/2025,CHAHAN,1499.8,,,,,,,,,,,,,,,,,,,,,,,,,,,,,,
25/8/2025,MAHOTA,,,,,,,,,,,,,,,,,,,,,,,,,,,,,,,
26/8/2025,RAWAL,1749.8,,,,,,,,,,,,,,,,,,,,,,,,,,,,,,
26/8/2025,KHASALA,1332,,,,,,,,,,,,,,,,,,,,,,,,,,,,,,
26/8/2025,Dhok Sandymar,1726.5,,,,,,,,,,,,,,,,,,,,,,,,,,,,,,
26/8/2025,JAWA,1384.5,,,,,,,,,,,,,,,,,,,,,,,,,,,,,,
26/8/2025,MISRIOT,1631.1,,,,,,,,,,,,,,,,,,,,,,,,,,,,,,
26/8/2025,SHAKADARA,1188.44,,,,,,,,,,,,,,,,,,,,,,,,,,,,,,
26/8/2025,SIPIALA,1644,,,,,,,,,,,,,,,,,,,,,,,,,,,,,,
26/8/2025,HAJI SHAH,1038.5,,,,,,,,,,,,,,,,,,,,,,,,,,,,,,
26/8/2025,TALIKINA,1383.5,,,,,,,,,,,,,,,,,,,,,,,,,,,,,,
26/8/2025,QIBLA BANDI,1240.1,,,,,,,,,,,,,,,,,,,,,,,,,,,,,,
26/8/2025,MUJAHID,1360.2,,,,,,,,,,,,,,,,,,,,,,,,,,,,,,
26/8/2025,CHAHAN,1400.15,,,,,,,,,,,,,,,,,,,,,,,,,,,,,,
26/8/2025,MAHOTA,,,,,,,,,,,,,,,,,,,,,,,,,,,,,,,
27/8/2025,RAWAL,1750.3,,,,,,,,,,,,,,,,,,,,,,,,,,,,,,
27/8/2025,KHASALA,1332,,,,,,,,,,,,,,,,,,,,,,,,,,,,,,
27/8/2025,Dhok Sandymar,1726.5,,,,,,,,,,,,,,,,,,,,,,,,,,,,,,
27/8/2025,JAWA,1384.5,,,,,,,,,,,,,,,,,,,,,,,,,,,,,,
27/8/2025,MISRIOT,1631.1,,,,,,,,,,,,,,,,,,,,,,,,,,,,,,
27/8/2025,SHAKADARA,1188.14,,,,,,,,,,,,,,,,,,,,,,,,,,,,,,
27/8/2025,SIPIALA,1644,,,,,,,,,,,,,,,,,,,,,,,,,,,,,,
27/8/2025,HAJI SHAH,1038.5,,,,,,,,,,,,,,,,,,,,,,,,,,,,,,
27/8/2025,TALIKINA,1383.8,,,,,,,,,,,,,,,,,,,,,,,,,,,,,,
27/8/2025,QIBLA BANDI,1240.1,,,,,,,,,,,,,,,,,,,,,,,,,,,,,,
27/8/2025,MUJAHID,1360.1,,,,,,,,,,,,,,,,,,,,,,,,,,,,,,
27/8/2025,CHAHAN,1399.9,,,,,,,,,,,,,,,,,,,,,,,,,,,,,,
27/8/2025,MAHOTA,,,,,,,,,,,,,,,,,,,,,,,,,,,,,,,
28/8/2025,RAWAL,1750.9,,,,,,,,,,,,,,,,,,,,,,,,,,,,,,
28/8/2025,KHASALA,1332,,,,,,,,,,,,,,,,,,,,,,,,,,,,,,
28/8/2025,Dhok Sandymar,1726.5,,,,,,,,,,,,,,,,,,,,,,,,,,,,,,
28/8/2025,JAWA,1384.5,,,,,,,,,,,,,,,,,,,,,,,,,,,,,,
28/8/2025,MISRIOT,1631.1,,,,,,,,,,,,,,,,,,,,,,,,,,,,,,
28/8/2025,SHAKADARA,1188.14,,,,,,,,,,,,,,,,,,,,,,,,,,,,,,
28/8/2025,SIPIALA,1644,,,,,,,,,,,,,,,,,,,,,,,,,,,,,,
28/8/2025,HAJI SHAH,1038.5,,,,,,,,,,,,,,,,,,,,,,,,,,,,,,
28/8/2025,TALIKINA,1383.8,,,,,,,,,,,,,,,,,,,,,,,,,,,,,,
28/8/2025,QIBLA BANDI,1240.1,,,,,,,,,,,,,,,,,,,,,,,,,,,,,,
28/8/2025,MUJAHID,1360.1,,,,,,,,,,,,,,,,,,,,,,,,,,,,,,
28/8/2025,CHAHAN,1399.75,,,,,,,,,,,,,,,,,,,,,,,,,,,,,,
28/8/2025,MAHOTA,,,,,,,,,,,,,,,,,,,,,,,,,,,,,,,
29/8/2025,RAWAL,1750.6,,,,,,,,,,,,,,,,,,,,,,,,,,,,,,
29/8/2025,KHASALA,1332,,,,,,,,,,,,,,,,,,,,,,,,,,,,,,
29/8/2025,Dhok Sandymar,1726.5,,,,,,,,,,,,,,,,,,,,,,,,,,,,,,
29/8/2025,JAWA,1384.5,,,,,,,,,,,,,,,,,,,,,,,,,,,,,,
29/8/2025,MISRIOT,1631.1,,,,,,,,,,,,,,,,,,,,,,,,,,,,,,
29/8/2025,SHAKADARA,1188.14,,,,,,,,,,,,,,,,,,,,,,,,,,,,,,
29/8/2025,SIPIALA,1644,,,,,,,,,,,,,,,,,,,,,,,,,,,,,,
29/8/2025,HAJI SHAH,1038.5,,,,,,,,,,,,,,,,,,,,,,,,,,,,,,
29/8/2025,TALIKINA,1383.8,,,,,,,,,,,,,,,,,,,,,,,,,,,,,,
29/8/2025,QIBLA BANDI,1240.1,,,,,,,,,,,,,,,,,,,,,,,,,,,,,,
29/8/2025,MUJAHID,1360.1,,,,,,,,,,,,,,,,,,,,,,,,,,,,,,
29/8/2025,CHAHAN,1399.7,,,,,,,,,,,,,,,,,,,,,,,,,,,,,,
29/8/2025,MAHOTA,,,,,,,,,,,,,,,,,,,,,,,,,,,,,,,
30/8/2025,RAWAL,1750.8,,,,,,,,,,,,,,,,,,,,,,,,,,,,,,
30/8/2025,KHASALA,1332,,,,,,,,,,,,,,,,,,,,,,,,,,,,,,
30/8/2025,Dhok Sandymar,1726.5,,,,,,,,,,,,,,,,,,,,,,,,,,,,,,
30/8/2025,JAWA,1384.5,,,,,,,,,,,,,,,,,,,,,,,,,,,,,,
30/8/2025,MISRIOT,1631.1,,,,,,,,,,,,,,,,,,,,,,,,,,,,,,
30/8/2025,SHAKADARA,1187.64,,,,,,,,,,,,,,,,,,,,,,,,,,,,,,
30/8/2025,SIPIALA,1644,,,,,,,,,,,,,,,,,,,,,,,,,,,,,,
30/8/2025,HAJI SHAH,1038.5,,,,,,,,,,,,,,,,,,,,,,,,,,,,,,
30/8/2025,TALIKINA,1383.8,,,,,,,,,,,,,,,,,,,,,,,,,,,,,,
30/8/2025,QIBLA BANDI,1240.1,,,,,,,,,,,,,,,,,,,,,,,,,,,,,,
30/8/2025,MUJAHID,1360.1,,,,,,,,,,,,,,,,,,,,,,,,,,,,,,
30/8/2025,CHAHAN,1399.6,,,,,,,,,,,,,,,,,,,,,,,,,,,,,,
30/8/2025,MAHOTA,,,,,,,,,,,,,,,,,,,,,,,,,,,,,,,
31/8/2025,RAWAL,1749.9,,,,,,,,,,,,,,,,,,,,,,,,,,,,,,
31/8/2025,KHASALA,1332,,,,,,,,,,,,,,,,,,,,,,,,,,,,,,
31/8/2025,Dhok Sandymar,1726.5,,,,,,,,,,,,,,,,,,,,,,,,,,,,,,
31/8/2025,JAWA,1384.5,,,,,,,,,,,,,,,,,,,,,,,,,,,,,,
31/8/2025,MISRIOT,1631.1,,,,,,,,,,,,,,,,,,,,,,,,,,,,,,
31/8/2025,SHAKADARA,1187.64,,,,,,,,,,,,,,,,,,,,,,,,,,,,,,
31/8/2025,SIPIALA,1644,,,,,,,,,,,,,,,,,,,,,,,,,,,,,,
31/8/2025,HAJI SHAH,1038.5,,,,,,,,,,,,,,,,,,,,,,,,,,,,,,
31/8/2025,TALIKINA,1383.8,,,,,,,,,,,,,,,,,,,,,,,,,,,,,,
31/8/2025,QIBLA BANDI,1240.05,,,,,,,,,,,,,,,,,,,,,,,,,,,,,,
31/8/2025,MUJAHID,1360.1,,,,,,,,,,,,,,,,,,,,,,,,,,,,,,
31/8/2025,CHAHAN,1399.5,,,,,,,,,,,,,,,,,,,,,,,,,,,,,,
31/8/2025,MAHOTA,,,,,,,,,,,,,,,,,,,,,,,,,,,,,,,
1/9/2025,RAWAL,1750.3,,,,,,,,,,,,,,,,,,,,,,,,,,,,,,
1/9/2025,KHASALA,1332,,,,,,,,,,,,,,,,,,,,,,,,,,,,,,
1/9/2025,Dhok Sandymar,1726.5,,,,,,,,,,,,,,,,,,,,,,,,,,,,,,
1/9/2025,JAWA,1384.5,,,,,,,,,,,,,,,,,,,,,,,,,,,,,,
1/9/2025,MISRIOT,1631.1,,,,,,,,,,,,,,,,,,,,,,,,,,,,,,
1/9/2025,SHAKADARA,1187.64,,,,,,,,,,,,,,,,,,,,,,,,,,,,,,
1/9/2025,SIPIALA,1644,,,,,,,,,,,,,,,,,,,,,,,,,,,,,,
1/9/2025,HAJI SHAH,1038.5,,,,,,,,,,,,,,,,,,,,,,,,,,,,,,
1/9/2025,TALIKINA,1383.8,,,,,,,,,,,,,,,,,,,,,,,,,,,,,,
1/9/2025,QIBLA BANDI,1240.05,,,,,,,,,,,,,,,,,,,,,,,,,,,,,,
1/9/2025,MUJAHID,1360.1,,,,,,,,,,,,,,,,,,,,,,,,,,,,,,
1/9/2025,CHAHAN,1399.4,,,,,,,,,,,,,,,,,,,,,,,,,,,,,,
1/9/2025,MAHOTA,,,,,,,,,,,,,,,,,,,,,,,,,,,,,,,
2/9/2025,RAWAL,1751.8,,,,,,,,,,,,,,,,,,,,,,,,,,,,,,
2/9/2025,KHASALA,1332,,,,,,,,,,,,,,,,,,,,,,,,,,,,,,
2/9/2025,Dhok Sandymar,1726.5,,,,,,,,,,,,,,,,,,,,,,,,,,,,,,
2/9/2025,JAWA,1384.5,,,,,,,,,,,,,,,,,,,,,,,,,,,,,,
2/9/2025,MISRIOT,1631.1,,,,,,,,,,,,,,,,,,,,,,,,,,,,,,
2/9/2025,SHAKADARA,1187.64,,,,,,,,,,,,,,,,,,,,,,,,,,,,,,
2/9/2025,SIPIALA,1644,,,,,,,,,,,,,,,,,,,,,,,,,,,,,,
2/9/2025,HAJI SHAH,1038.5,,,,,,,,,,,,,,,,,,,,,,,,,,,,,,
2/9/2025,TALIKINA,1383.8,,,,,,,,,,,,,,,,,,,,,,,,,,,,,,
2/9/2025,QIBLA BANDI,1240.05,,,,,,,,,,,,,,,,,,,,,,,,,,,,,,
2/9/2025,MUJAHID,1360.1,,,,,,,,,,,,,,,,,,,,,,,,,,,,,,
2/9/2025,CHAHAN,1401.1,,,,,,,,,,,,,,,,,,,,,,,,,,,,,,
2/9/2025,MAHOTA,,,,,,,,,,,,,,,,,,,,,,,,,,,,,,,
3/9/2025,RAWAL,1750.5,,,,,,,,,,,,,,,,,,,,,,,,,,,,,,
3/9/2025,KHASALA,1332,,,,,,,,,,,,,,,,,,,,,,,,,,,,,,
3/9/2025,Dhok Sandymar,1726.5,,,,,,,,,,,,,,,,,,,,,,,,,,,,,,
3/9/2025,JAWA,1384.5,,,,,,,,,,,,,,,,,,,,,,,,,,,,,,
3/9/2025,MISRIOT,1631.1,,,,,,,,,,,,,,,,,,,,,,,,,,,,,,
3/9/2025,SHAKADARA,1187.64,,,,,,,,,,,,,,,,,,,,,,,,,,,,,,
3/9/2025,SIPIALA,1644,,,,,,,,,,,,,,,,,,,,,,,,,,,,,,
3/9/2025,HAJI SHAH,1038.5,,,,,,,,,,,,,,,,,,,,,,,,,,,,,,
3/9/2025,TALIKINA,1383.8,,,,,,,,,,,,,,,,,,,,,,,,,,,,,,
3/9/2025,QIBLA BANDI,1240.05,,,,,,,,,,,,,,,,,,,,,,,,,,,,,,
3/9/2025,MUJAHID,1360.1,,,,,,,,,,,,,,,,,,,,,,,,,,,,,,
3/9/2025,CHAHAN,1400.4,,,,,,,,,,,,,,,,,,,,,,,,,,,,,,
3/9/2025,MAHOTA,,,,,,,,,,,,,,,,,,,,,,,,,,,,,,,
4/9/2025,RAWAL,1751.2,,,,,,,,,,,,,,,,,,,,,,,,,,,,,,
4/9/2025,KHASALA,1332,,,,,,,,,,,,,,,,,,,,,,,,,,,,,,
4/9/2025,Dhok Sandymar,1726.5,,,,,,,,,,,,,,,,,,,,,,,,,,,,,,
4/9/2025,JAWA,1384.5,,,,,,,,,,,,,,,,,,,,,,,,,,,,,,
4/9/2025,MISRIOT,1631.1,,,,,,,,,,,,,,,,,,,,,,,,,,,,,,
4/9/2025,SHAKADARA,1187.64,,,,,,,,,,,,,,,,,,,,,,,,,,,,,,
4/9/2025,SIPIALA,1644,,,,,,,,,,,,,,,,,,,,,,,,,,,,,,
4/9/2025,HAJI SHAH,1038.5,,,,,,,,,,,,,,,,,,,,,,,,,,,,,,
4/9/2025,TALIKINA,1383.8,,,,,,,,,,,,,,,,,,,,,,,,,,,,,,
4/9/2025,QIBLA BANDI,1240.05,,,,,,,,,,,,,,,,,,,,,,,,,,,,,,
4/9/2025,MUJAHID,1360.1,,,,,,,,,,,,,,,,,,,,,,,,,,,,,,
4/9/2025,CHAHAN,1400,,,,,,,,,,,,,,,,,,,,,,,,,,,,,,
4/9/2025,MAHOTA,,,,,,,,,,,,,,,,,,,,,,,,,,,,,,,
5/9/2025,RAWAL,1750.4,,,,,,,,,,,,,,,,,,,,,,,,,,,,,,
5/9/2025,KHASALA,1332,,,,,,,,,,,,,,,,,,,,,,,,,,,,,,
5/9/2025,Dhok Sandymar,1726.5,,,,,,,,,,,,,,,,,,,,,,,,,,,,,,
5/9/2025,JAWA,1384.5,,,,,,,,,,,,,,,,,,,,,,,,,,,,,,
5/9/2025,MISRIOT,1631.1,,,,,,,,,,,,,,,,,,,,,,,,,,,,,,
5/9/2025,SHAKADARA,1187.64,,,,,,,,,,,,,,,,,,,,,,,,,,,,,,
5/9/2025,SIPIALA,1644,,,,,,,,,,,,,,,,,,,,,,,,,,,,,,
5/9/2025,HAJI SHAH,1038.4,,,,,,,,,,,,,,,,,,,,,,,,,,,,,,
5/9/2025,TALIKINA,1383.8,,,,,,,,,,,,,,,,,,,,,,,,,,,,,,
5/9/2025,QIBLA BANDI,1239.9,,,,,,,,,,,,,,,,,,,,,,,,,,,,,,
5/9/2025,MUJAHID,1360,,,,,,,,,,,,,,,,,,,,,,,,,,,,,,
5/9/2025,CHAHAN,1399.9,,,,,,,,,,,,,,,,,,,,,,,,,,,,,,
5/9/2025,MAHOTA,,,,,,,,,,,,,,,,,,,,,,,,,,,,,,,
6/9/2025,RAWAL,1751.8,,,,,,,,,,,,,,,,,,,,,,,,,,,,,,
6/9/2025,KHASALA,1332,,,,,,,,,,,,,,,,,,,,,,,,,,,,,,
6/9/2025,Dhok Sandymar,1726.5,,,,,,,,,,,,,,,,,,,,,,,,,,,,,,
6/9/2025,JAWA,1384.5,,,,,,,,,,,,,,,,,,,,,,,,,,,,,,
6/9/2025,MISRIOT,1631.1,,,,,,,,,,,,,,,,,,,,,,,,,,,,,,
6/9/2025,SHAKADARA,1187.64,,,,,,,,,,,,,,,,,,,,,,,,,,,,,,
6/9/2025,SIPIALA,1644,,,,,,,,,,,,,,,,,,,,,,,,,,,,,,
6/9/2025,HAJI SHAH,1038.4,,,,,,,,,,,,,,,,,,,,,,,,,,,,,,
6/9/2025,TALIKINA,1383.8,,,,,,,,,,,,,,,,,,,,,,,,,,,,,,
6/9/2025,QIBLA BANDI,1240,,,,,,,,,,,,,,,,,,,,,,,,,,,,,,
6/9/2025,MUJAHID,1360,,,,,,,,,,,,,,,,,,,,,,,,,,,,,,
6/9/2025,CHAHAN,1399.78,,,,,,,,,,,,,,,,,,,,,,,,,,,,,,
6/9/2025,MAHOTA,,,,,,,,,,,,,,,,,,,,,,,,,,,,,,,
7/9/2025,RAWAL,1752,,,,,,,,,,,,,,,,,,,,,,,,,,,,,,
7/9/2025,KHASALA,1332,,,,,,,,,,,,,,,,,,,,,,,,,,,,,,
7/9/2025,Dhok Sandymar,1726.5,,,,,,,,,,,,,,,,,,,,,,,,,,,,,,
7/9/2025,JAWA,1384.5,,,,,,,,,,,,,,,,,,,,,,,,,,,,,,
7/9/2025,MISRIOT,1631.1,,,,,,,,,,,,,,,,,,,,,,,,,,,,,,
7/9/2025,SHAKADARA,1187.64,,,,,,,,,,,,,,,,,,,,,,,,,,,,,,
7/9/2025,SIPIALA,1644,,,,,,,,,,,,,,,,,,,,,,,,,,,,,,
7/9/2025,HAJI SHAH,1038.4,,,,,,,,,,,,,,,,,,,,,,,,,,,,,,
7/9/2025,TALIKINA,1383.8,,,,,,,,,,,,,,,,,,,,,,,,,,,,,,
7/9/2025,QIBLA BANDI,1240,,,,,,,,,,,,,,,,,,,,,,,,,,,,,,
7/9/2025,MUJAHID,1360,,,,,,,,,,,,,,,,,,,,,,,,,,,,,,
7/9/2025,CHAHAN,1399.78,,,,,,,,,,,,,,,,,,,,,,,,,,,,,,
7/9/2025,MAHOTA,,,,,,,,,,,,,,,,,,,,,,,,,,,,,,,
8/9/2025,RAWAL,1750.4,,,,,,,,,,,,,,,,,,,,,,,,,,,,,,
8/9/2025,KHASALA,1332,,,,,,,,,,,,,,,,,,,,,,,,,,,,,,
8/9/2025,Dhok Sandymar,1726.5,,,,,,,,,,,,,,,,,,,,,,,,,,,,,,
8/9/2025,JAWA,1384.5,,,,,,,,,,,,,,,,,,,,,,,,,,,,,,
8/9/2025,MISRIOT,1631.1,,,,,,,,,,,,,,,,,,,,,,,,,,,,,,
8/9/2025,SHAKADARA,1187.64,,,,,,,,,,,,,,,,,,,,,,,,,,,,,,
8/9/2025,SIPIALA,1644,,,,,,,,,,,,,,,,,,,,,,,,,,,,,,
8/9/2025,HAJI SHAH,1038.4,,,,,,,,,,,,,,,,,,,,,,,,,,,,,,
8/9/2025,TALIKINA,1383.8,,,,,,,,,,,,,,,,,,,,,,,,,,,,,,
8/9/2025,QIBLA BANDI,1239.9,,,,,,,,,,,,,,,,,,,,,,,,,,,,,,
8/9/2025,MUJAHID,1360,,,,,,,,,,,,,,,,,,,,,,,,,,,,,,
8/9/2025,CHAHAN,1399.9,,,,,,,,,,,,,,,,,,,,,,,,,,,,,,
8/9/2025,MAHOTA,,,,,,,,,,,,,,,,,,,,,,,,,,,,,,,
9/9/2025,RAWAL,1750.9,,,,,,,,,,,,,,,,,,,,,,,,,,,,,,
9/9/2025,KHASALA,1332,,,,,,,,,,,,,,,,,,,,,,,,,,,,,,
9/9/2025,Dhok Sandymar,1726.5,,,,,,,,,,,,,,,,,,,,,,,,,,,,,,
9/9/2025,JAWA,1384.5,,,,,,,,,,,,,,,,,,,,,,,,,,,,,,
9/9/2025,MISRIOT,1631.1,,,,,,,,,,,,,,,,,,,,,,,,,,,,,,
9/9/2025,SHAKADARA,1187.64,,,,,,,,,,,,,,,,,,,,,,,,,,,,,,
9/9/2025,SIPIALA,1644,,,,,,,,,,,,,,,,,,,,,,,,,,,,,,
9/9/2025,HAJI SHAH,1038.35,,,,,,,,,,,,,,,,,,,,,,,,,,,,,,
9/9/2025,TALIKINA,1383.8,,,,,,,,,,,,,,,,,,,,,,,,,,,,,,
9/9/2025,QIBLA BANDI,1239.85,,,,,,,,,,,,,,,,,,,,,,,,,,,,,,
9/9/2025,MUJAHID,1360,,,,,,,,,,,,,,,,,,,,,,,,,,,,,,
9/9/2025,CHAHAN,1399.9,,,,,,,,,,,,,,,,,,,,,,,,,,,,,,
9/9/2025,MAHOTA,,,,,,,,,,,,,,,,,,,,,,,,,,,,,,,
10/9/2025,RAWAL,1751.6,,,,,,,,,,,,,,,,,,,,,,,,,,,,,,
10/9/2025,KHASALA,1332,,,,,,,,,,,,,,,,,,,,,,,,,,,,,,
10/9/2025,Dhok Sandymar,1726.5,,,,,,,,,,,,,,,,,,,,,,,,,,,,,,
10/9/2025,JAWA,1384.5,,,,,,,,,,,,,,,,,,,,,,,,,,,,,,
10/9/2025,MISRIOT,1631.1,,,,,,,,,,,,,,,,,,,,,,,,,,,,,,
10/9/2025,SHAKADARA,1187.64,,,,,,,,,,,,,,,,,,,,,,,,,,,,,,
10/9/2025,SIPIALA,1644,,,,,,,,,,,,,,,,,,,,,,,,,,,,,,
10/9/2025,HAJI SHAH,1038.25,,,,,,,,,,,,,,,,,,,,,,,,,,,,,,
10/9/2025,TALIKINA,1383.8,,,,,,,,,,,,,,,,,,,,,,,,,,,,,,
10/9/2025,QIBLA BANDI,1239.8,,,,,,,,,,,,,,,,,,,,,,,,,,,,,,
10/9/2025,MUJAHID,1360,,,,,,,,,,,,,,,,,,,,,,,,,,,,,,
10/9/2025,CHAHAN,1399.7,,,,,,,,,,,,,,,,,,,,,,,,,,,,,,
10/9/2025,MAHOTA,,,,,,,,,,,,,,,,,,,,,,,,,,,,,,,
11/9/2025,RAWAL,1751.8,,,,,,,,,,,,,,,,,,,,,,,,,,,,,,
11/9/2025,KHASALA,1332,,,,,,,,,,,,,,,,,,,,,,,,,,,,,,
11/9/2025,Dhok Sandymar,1726.5,,,,,,,,,,,,,,,,,,,,,,,,,,,,,,
11/9/2025,JAWA,1384.5,,,,,,,,,,,,,,,,,,,,,,,,,,,,,,
11/9/2025,MISRIOT,1631.1,,,,,,,,,,,,,,,,,,,,,,,,,,,,,,
11/9/2025,SHAKADARA,1187.6,,,,,,,,,,,,,,,,,,,,,,,,,,,,,,
11/9/2025,SIPIALA,1644,,,,,,,,,,,,,,,,,,,,,,,,,,,,,,
11/9/2025,HAJI SHAH,1038.25,,,,,,,,,,,,,,,,,,,,,,,,,,,,,,
11/9/2025,TALIKINA,1383.8,,,,,,,,,,,,,,,,,,,,,,,,,,,,,,
11/9/2025,QIBLA BANDI,1239.75,,,,,,,,,,,,,,,,,,,,,,,,,,,,,,
11/9/2025,MUJAHID,1360,,,,,,,,,,,,,,,,,,,,,,,,,,,,,,
11/9/2025,CHAHAN,1399.6,,,,,,,,,,,,,,,,,,,,,,,,,,,,,,
11/9/2025,MAHOTA,,,,,,,,,,,,,,,,,,,,,,,,,,,,,,,
12/9/2025,RAWAL,1750,,,,,,,,,,,,,,,,,,,,,,,,,,,,,,
12/9/2025,KHASALA,1332,,,,,,,,,,,,,,,,,,,,,,,,,,,,,,
12/9/2025,Dhok Sandymar,1726.5,,,,,,,,,,,,,,,,,,,,,,,,,,,,,,
12/9/2025,JAWA,1384.5,,,,,,,,,,,,,,,,,,,,,,,,,,,,,,
12/9/2025,MISRIOT,1631.1,,,,,,,,,,,,,,,,,,,,,,,,,,,,,,
12/9/2025,SHAKADARA,1187.6,,,,,,,,,,,,,,,,,,,,,,,,,,,,,,
12/9/2025,SIPIALA,1644,,,,,,,,,,,,,,,,,,,,,,,,,,,,,,
12/9/2025,HAJI SHAH,1038.25,,,,,,,,,,,,,,,,,,,,,,,,,,,,,,
12/9/2025,TALIKINA,1383.8,,,,,,,,,,,,,,,,,,,,,,,,,,,,,,
12/9/2025,QIBLA BANDI,1239.7,,,,,,,,,,,,,,,,,,,,,,,,,,,,,,
12/9/2025,MUJAHID,1360,,,,,,,,,,,,,,,,,,,,,,,,,,,,,,
12/9/2025,CHAHAN,1399.52,,,,,,,,,,,,,,,,,,,,,,,,,,,,,,
12/9/2025,MAHOTA,,,,,,,,,,,,,,,,,,,,,,,,,,,,,,,
13/9/2025,RAWAL,1751.9,,,,,,,,,,,,,,,,,,,,,,,,,,,,,,
13/9/2025,KHASALA,1332,,,,,,,,,,,,,,,,,,,,,,,,,,,,,,
13/9/2025,Dhok Sandymar,1726.5,,,,,,,,,,,,,,,,,,,,,,,,,,,,,,
13/9/2025,JAWA,1384.5,,,,,,,,,,,,,,,,,,,,,,,,,,,,,,
13/9/2025,MISRIOT,1631.1,,,,,,,,,,,,,,,,,,,,,,,,,,,,,,
13/9/2025,SHAKADARA,1187.6,,,,,,,,,,,,,,,,,,,,,,,,,,,,,,
13/9/2025,SIPIALA,1644,,,,,,,,,,,,,,,,,,,,,,,,,,,,,,
13/9/2025,HAJI SHAH,1038.25,,,,,,,,,,,,,,,,,,,,,,,,,,,,,,
13/9/2025,TALIKINA,1383.8,,,,,,,,,,,,,,,,,,,,,,,,,,,,,,
13/9/2025,QIBLA BANDI,1239.7,,,,,,,,,,,,,,,,,,,,,,,,,,,,,,
13/9/2025,MUJAHID,1360,,,,,,,,,,,,,,,,,,,,,,,,,,,,,,
13/9/2025,CHAHAN,1399.4,,,,,,,,,,,,,,,,,,,,,,,,,,,,,,
13/9/2025,MAHOTA,,,,,,,,,,,,,,,,,,,,,,,,,,,,,,,
14/9/2025,RAWAL,1751.5,,,,,,,,,,,,,,,,,,,,,,,,,,,,,,
14/9/2025,KHASALA,1332,,,,,,,,,,,,,,,,,,,,,,,,,,,,,,
14/9/2025,Dhok Sandymar,1726.5,,,,,,,,,,,,,,,,,,,,,,,,,,,,,,
14/9/2025,JAWA,1384.5,,,,,,,,,,,,,,,,,,,,,,,,,,,,,,
14/9/2025,MISRIOT,1631.1,,,,,,,,,,,,,,,,,,,,,,,,,,,,,,
14/9/2025,SHAKADARA,1187.6,,,,,,,,,,,,,,,,,,,,,,,,,,,,,,
14/9/2025,SIPIALA,1644,,,,,,,,,,,,,,,,,,,,,,,,,,,,,,
14/9/2025,HAJI SHAH,1038.15,,,,,,,,,,,,,,,,,,,,,,,,,,,,,,
14/9/2025,TALIKINA,1383.8,,,,,,,,,,,,,,,,,,,,,,,,,,,,,,
14/9/2025,QIBLA BANDI,1239.7,,,,,,,,,,,,,,,,,,,,,,,,,,,,,,
14/9/2025,MUJAHID,1360,,,,,,,,,,,,,,,,,,,,,,,,,,,,,,
14/9/2025,CHAHAN,1399.52,,,,,,,,,,,,,,,,,,,,,,,,,,,,,,
14/9/2025,MAHOTA,,,,,,,,,,,,,,,,,,,,,,,,,,,,,,,
15/9/2025,RAWAL,1751.6,,,,,,,,,,,,,,,,,,,,,,,,,,,,,,
15/9/2025,KHASALA,1332,,,,,,,,,,,,,,,,,,,,,,,,,,,,,,
15/9/2025,Dhok Sandymar,1726.5,,,,,,,,,,,,,,,,,,,,,,,,,,,,,,
15/9/2025,JAWA,1384.5,,,,,,,,,,,,,,,,,,,,,,,,,,,,,,
15/9/2025,MISRIOT,1631.1,,,,,,,,,,,,,,,,,,,,,,,,,,,,,,
15/9/2025,SHAKADARA,1187.6,,,,,,,,,,,,,,,,,,,,,,,,,,,,,,
15/9/2025,SIPIALA,1644,,,,,,,,,,,,,,,,,,,,,,,,,,,,,,
15/9/2025,HAJI SHAH,1038.1,,,,,,,,,,,,,,,,,,,,,,,,,,,,,,
15/9/2025,TALIKINA,1383.8,,,,,,,,,,,,,,,,,,,,,,,,,,,,,,
15/9/2025,QIBLA BANDI,1239.6,,,,,,,,,,,,,,,,,,,,,,,,,,,,,,
15/9/2025,MUJAHID,1360,,,,,,,,,,,,,,,,,,,,,,,,,,,,,,
15/9/2025,CHAHAN,1399.6,,,,,,,,,,,,,,,,,,,,,,,,,,,,,,
15/9/2025,MAHOTA,,,,,,,,,,,,,,,,,,,,,,,,,,,,,,,
16/9/2025,RAWAL,1751.9,,,,,,,,,,,,,,,,,,,,,,,,,,,,,,
16/9/2025,KHASALA,1332,,,,,,,,,,,,,,,,,,,,,,,,,,,,,,
16/9/2025,Dhok Sandymar,1726.5,,,,,,,,,,,,,,,,,,,,,,,,,,,,,,
16/9/2025,JAWA,1384.5,,,,,,,,,,,,,,,,,,,,,,,,,,,,,,
16/9/2025,MISRIOT,1631.1,,,,,,,,,,,,,,,,,,,,,,,,,,,,,,
16/9/2025,SHAKADARA,1187.6,,,,,,,,,,,,,,,,,,,,,,,,,,,,,,
16/9/2025,SIPIALA,1644,,,,,,,,,,,,,,,,,,,,,,,,,,,,,,
16/9/2025,HAJI SHAH,1038,,,,,,,,,,,,,,,,,,,,,,,,,,,,,,
16/9/2025,TALIKINA,1383.8,,,,,,,,,,,,,,,,,,,,,,,,,,,,,,
16/9/2025,QIBLA BANDI,1239.6,,,,,,,,,,,,,,,,,,,,,,,,,,,,,,
16/9/2025,MUJAHID,1360,,,,,,,,,,,,,,,,,,,,,,,,,,,,,,
16/9/2025,CHAHAN,1399.4,,,,,,,,,,,,,,,,,,,,,,,,,,,,,,
16/9/2025,MAHOTA,,,,,,,,,,,,,,,,,,,,,,,,,,,,,,,
17/9/2025,RAWAL,1752,,,,,,,,,,,,,,,,,,,,,,,,,,,,,,
17/9/2025,KHASALA,1332,,,,,,,,,,,,,,,,,,,,,,,,,,,,,,
17/9/2025,Dhok Sandymar,1726.5,,,,,,,,,,,,,,,,,,,,,,,,,,,,,,
17/9/2025,JAWA,1384.5,,,,,,,,,,,,,,,,,,,,,,,,,,,,,,
17/9/2025,MISRIOT,1631.1,,,,,,,,,,,,,,,,,,,,,,,,,,,,,,
17/9/2025,SHAKADARA,1187.6,,,,,,,,,,,,,,,,,,,,,,,,,,,,,,
17/9/2025,SIPIALA,1644,,,,,,,,,,,,,,,,,,,,,,,,,,,,,,
17/9/2025,HAJI SHAH,1038.1,,,,,,,,,,,,,,,,,,,,,,,,,,,,,,
17/9/2025,TALIKINA,1383.8,,,,,,,,,,,,,,,,,,,,,,,,,,,,,,
17/9/2025,QIBLA BANDI,1239.55,,,,,,,,,,,,,,,,,,,,,,,,,,,,,,
17/9/2025,MUJAHID,1360,,,,,,,,,,,,,,,,,,,,,,,,,,,,,,
17/9/2025,CHAHAN,1399.44,,,,,,,,,,,,,,,,,,,,,,,,,,,,,,
17/9/2025,MAHOTA,,,,,,,,,,,,,,,,,,,,,,,,,,,,,,,
18/9/2025,RAWAL,1751.2,,,,,,,,,,,,,,,,,,,,,,,,,,,,,,
18/9/2025,KHASALA,1332,,,,,,,,,,,,,,,,,,,,,,,,,,,,,,
18/9/2025,Dhok Sandymar,1726.5,,,,,,,,,,,,,,,,,,,,,,,,,,,,,,
18/9/2025,JAWA,1384.5,,,,,,,,,,,,,,,,,,,,,,,,,,,,,,
18/9/2025,MISRIOT,1631.1,,,,,,,,,,,,,,,,,,,,,,,,,,,,,,
18/9/2025,SHAKADARA,1187.6,,,,,,,,,,,,,,,,,,,,,,,,,,,,,,
18/9/2025,SIPIALA,1644,,,,,,,,,,,,,,,,,,,,,,,,,,,,,,
18/9/2025,HAJI SHAH,1037.8,,,,,,,,,,,,,,,,,,,,,,,,,,,,,,
18/9/2025,TALIKINA,1383.8,,,,,,,,,,,,,,,,,,,,,,,,,,,,,,
18/9/2025,QIBLA BANDI,1239.5,,,,,,,,,,,,,,,,,,,,,,,,,,,,,,
18/9/2025,MUJAHID,1360,,,,,,,,,,,,,,,,,,,,,,,,,,,,,,
18/9/2025,CHAHAN,1399.4,,,,,,,,,,,,,,,,,,,,,,,,,,,,,,
18/9/2025,MAHOTA,,,,,,,,,,,,,,,,,,,,,,,,,,,,,,,
19/9/2025,RAWAL,1751.7,,,,,,,,,,,,,,,,,,,,,,,,,,,,,,
19/9/2025,KHASALA,1332,,,,,,,,,,,,,,,,,,,,,,,,,,,,,,
19/9/2025,Dhok Sandymar,1726.5,,,,,,,,,,,,,,,,,,,,,,,,,,,,,,
19/9/2025,JAWA,1384.5,,,,,,,,,,,,,,,,,,,,,,,,,,,,,,
19/9/2025,MISRIOT,1631.1,,,,,,,,,,,,,,,,,,,,,,,,,,,,,,
19/9/2025,SHAKADARA,1187.6,,,,,,,,,,,,,,,,,,,,,,,,,,,,,,
19/9/2025,SIPIALA,1644,,,,,,,,,,,,,,,,,,,,,,,,,,,,,,
19/9/2025,HAJI SHAH,1037.8,,,,,,,,,,,,,,,,,,,,,,,,,,,,,,
19/9/2025,TALIKINA,1383.8,,,,,,,,,,,,,,,,,,,,,,,,,,,,,,
19/9/2025,QIBLA BANDI,1239.5,,,,,,,,,,,,,,,,,,,,,,,,,,,,,,
19/9/2025,MUJAHID,1360,,,,,,,,,,,,,,,,,,,,,,,,,,,,,,
19/9/2025,CHAHAN,1399.4,,,,,,,,,,,,,,,,,,,,,,,,,,,,,,
19/9/2025,MAHOTA,,,,,,,,,,,,,,,,,,,,,,,,,,,,,,,
20/9/2025,RAWAL,1751.8,,,,,,,,,,,,,,,,,,,,,,,,,,,,,,
20/9/2025,KHASALA,1332,,,,,,,,,,,,,,,,,,,,,,,,,,,,,,
20/9/2025,Dhok Sandymar,1726.5,,,,,,,,,,,,,,,,,,,,,,,,,,,,,,
20/9/2025,JAWA,1384.5,,,,,,,,,,,,,,,,,,,,,,,,,,,,,,
20/9/2025,MISRIOT,1631.1,,,,,,,,,,,,,,,,,,,,,,,,,,,,,,
20/9/2025,SHAKADARA,1187.6,,,,,,,,,,,,,,,,,,,,,,,,,,,,,,
20/9/2025,SIPIALA,1644,,,,,,,,,,,,,,,,,,,,,,,,,,,,,,
20/9/2025,HAJI SHAH,1037.8,,,,,,,,,,,,,,,,,,,,,,,,,,,,,,
20/9/2025,TALIKINA,1383.8,,,,,,,,,,,,,,,,,,,,,,,,,,,,,,
20/9/2025,QIBLA BANDI,1239.5,,,,,,,,,,,,,,,,,,,,,,,,,,,,,,
20/9/2025,MUJAHID,1360,,,,,,,,,,,,,,,,,,,,,,,,,,,,,,
20/9/2025,CHAHAN,1399.35,,,,,,,,,,,,,,,,,,,,,,,,,,,,,,
20/9/2025,MAHOTA,,,,,,,,,,,,,,,,,,,,,,,,,,,,,,,
21/9/2025,RAWAL,1752,,,,,,,,,,,,,,,,,,,,,,,,,,,,,,
21/9/2025,KHASALA,1332,,,,,,,,,,,,,,,,,,,,,,,,,,,,,,
21/9/2025,Dhok Sandymar,1726.5,,,,,,,,,,,,,,,,,,,,,,,,,,,,,,
21/9/2025,JAWA,1384.5,,,,,,,,,,,,,,,,,,,,,,,,,,,,,,
21/9/2025,MISRIOT,1631.1,,,,,,,,,,,,,,,,,,,,,,,,,,,,,,
21/9/2025,SHAKADARA,1187.6,,,,,,,,,,,,,,,,,,,,,,,,,,,,,,
21/9/2025,SIPIALA,1644,,,,,,,,,,,,,,,,,,,,,,,,,,,,,,
21/9/2025,HAJI SHAH,1037.8,,,,,,,,,,,,,,,,,,,,,,,,,,,,,,
21/9/2025,TALIKINA,1383.8,,,,,,,,,,,,,,,,,,,,,,,,,,,,,,
21/9/2025,QIBLA BANDI,1239.5,,,,,,,,,,,,,,,,,,,,,,,,,,,,,,
21/9/2025,MUJAHID,1360,,,,,,,,,,,,,,,,,,,,,,,,,,,,,,
21/9/2025,CHAHAN,1399.35,,,,,,,,,,,,,,,,,,,,,,,,,,,,,,
21/9/2025,MAHOTA,,,,,,,,,,,,,,,,,,,,,,,,,,,,,,,
22/9/2025,RAWAL,1752,,,,,,,,,,,,,,,,,,,,,,,,,,,,,,
22/9/2025,KHASALA,1332,,,,,,,,,,,,,,,,,,,,,,,,,,,,,,
22/9/2025,Dhok Sandymar,1726.5,,,,,,,,,,,,,,,,,,,,,,,,,,,,,,
22/9/2025,JAWA,1384.5,,,,,,,,,,,,,,,,,,,,,,,,,,,,,,
22/9/2025,MISRIOT,1631.1,,,,,,,,,,,,,,,,,,,,,,,,,,,,,,
22/9/2025,SHAKADARA,1187.6,,,,,,,,,,,,,,,,,,,,,,,,,,,,,,
22/9/2025,SIPIALA,1644,,,,,,,,,,,,,,,,,,,,,,,,,,,,,,
22/9/2025,HAJI SHAH,1037.8,,,,,,,,,,,,,,,,,,,,,,,,,,,,,,
22/9/2025,TALIKINA,1383.8,,,,,,,,,,,,,,,,,,,,,,,,,,,,,,
22/9/2025,QIBLA BANDI,1239.5,,,,,,,,,,,,,,,,,,,,,,,,,,,,,,
22/9/2025,MUJAHID,1360,,,,,,,,,,,,,,,,,,,,,,,,,,,,,,
22/9/2025,CHAHAN,1399.35,,,,,,,,,,,,,,,,,,,,,,,,,,,,,,
22/9/2025,MAHOTA,,,,,,,,,,,,,,,,,,,,,,,,,,,,,,,
23/9/2025,RAWAL,1751.6,,,,,,,,,,,,,,,,,,,,,,,,,,,,,,
23/9/2025,KHASALA,1332,,,,,,,,,,,,,,,,,,,,,,,,,,,,,,
23/9/2025,Dhok Sandymar,1726.5,,,,,,,,,,,,,,,,,,,,,,,,,,,,,,
23/9/2025,JAWA,1384.5,,,,,,,,,,,,,,,,,,,,,,,,,,,,,,
23/9/2025,MISRIOT,1631.1,,,,,,,,,,,,,,,,,,,,,,,,,,,,,,
23/9/2025,SHAKADARA,1187.6,,,,,,,,,,,,,,,,,,,,,,,,,,,,,,
23/9/2025,SIPIALA,1644,,,,,,,,,,,,,,,,,,,,,,,,,,,,,,
23/9/2025,HAJI SHAH,1037.8,,,,,,,,,,,,,,,,,,,,,,,,,,,,,,
23/9/2025,TALIKINA,1383.7,,,,,,,,,,,,,,,,,,,,,,,,,,,,,,
23/9/2025,QIBLA BANDI,1239.35,,,,,,,,,,,,,,,,,,,,,,,,,,,,,,
23/9/2025,MUJAHID,1360,,,,,,,,,,,,,,,,,,,,,,,,,,,,,,
23/9/2025,CHAHAN,1399.35,,,,,,,,,,,,,,,,,,,,,,,,,,,,,,
23/9/2025,MAHOTA,,,,,,,,,,,,,,,,,,,,,,,,,,,,,,,
24/9/2025,RAWAL,1751.8,,,,,,,,,,,,,,,,,,,,,,,,,,,,,,
24/9/2025,KHASALA,1332,,,,,,,,,,,,,,,,,,,,,,,,,,,,,,
24/9/2025,Dhok Sandymar,1726.2,,,,,,,,,,,,,,,,,,,,,,,,,,,,,,
24/9/2025,JAWA,1384.5,,,,,,,,,,,,,,,,,,,,,,,,,,,,,,
24/9/2025,MISRIOT,1631.1,,,,,,,,,,,,,,,,,,,,,,,,,,,,,,
24/9/2025,SHAKADARA,1187.6,,,,,,,,,,,,,,,,,,,,,,,,,,,,,,
24/9/2025,SIPIALA,1644,,,,,,,,,,,,,,,,,,,,,,,,,,,,,,
24/9/2025,HAJI SHAH,1037.65,,,,,,,,,,,,,,,,,,,,,,,,,,,,,,
24/9/2025,TALIKINA,1383.7,,,,,,,,,,,,,,,,,,,,,,,,,,,,,,
24/9/2025,QIBLA BANDI,1239.3,,,,,,,,,,,,,,,,,,,,,,,,,,,,,,
24/9/2025,MUJAHID,1360,,,,,,,,,,,,,,,,,,,,,,,,,,,,,,
24/9/2025,CHAHAN,1399.35,,,,,,,,,,,,,,,,,,,,,,,,,,,,,,
24/9/2025,MAHOTA,,,,,,,,,,,,,,,,,,,,,,,,,,,,,,,
25/9/2025,RAWAL,1751.9,,,,,,,,,,,,,,,,,,,,,,,,,,,,,,
25/9/2025,KHASALA,1332,,,,,,,,,,,,,,,,,,,,,,,,,,,,,,
25/9/2025,Dhok Sandymar,1726,,,,,,,,,,,,,,,,,,,,,,,,,,,,,,
25/9/2025,JAWA,1384.5,,,,,,,,,,,,,,,,,,,,,,,,,,,,,,
25/9/2025,MISRIOT,1631.1,,,,,,,,,,,,,,,,,,,,,,,,,,,,,,
25/9/2025,SHAKADARA,1187.6,,,,,,,,,,,,,,,,,,,,,,,,,,,,,,
25/9/2025,SIPIALA,1644,,,,,,,,,,,,,,,,,,,,,,,,,,,,,,
25/9/2025,HAJI SHAH,1037.65,,,,,,,,,,,,,,,,,,,,,,,,,,,,,,
25/9/2025,TALIKINA,1383.7,,,,,,,,,,,,,,,,,,,,,,,,,,,,,,
25/9/2025,QIBLA BANDI,1239.25,,,,,,,,,,,,,,,,,,,,,,,,,,,,,,
25/9/2025,MUJAHID,1360,,,,,,,,,,,,,,,,,,,,,,,,,,,,,,
25/9/2025,CHAHAN,1399.35,,,,,,,,,,,,,,,,,,,,,,,,,,,,,,
25/9/2025,MAHOTA,,,,,,,,,,,,,,,,,,,,,,,,,,,,,,,
26/9/2025,RAWAL,1752,,,,,,,,,,,,,,,,,,,,,,,,,,,,,,
26/9/2025,KHASALA,1332,,,,,,,,,,,,,,,,,,,,,,,,,,,,,,
26/9/2025,Dhok Sandymar,1726,,,,,,,,,,,,,,,,,,,,,,,,,,,,,,
26/9/2025,JAWA,1384.5,,,,,,,,,,,,,,,,,,,,,,,,,,,,,,
26/9/2025,MISRIOT,1631.1,,,,,,,,,,,,,,,,,,,,,,,,,,,,,,
26/9/2025,SHAKADARA,1187.55,,,,,,,,,,,,,,,,,,,,,,,,,,,,,,
26/9/2025,SIPIALA,1644,,,,,,,,,,,,,,,,,,,,,,,,,,,,,,
26/9/2025,HAJI SHAH,1037.65,,,,,,,,,,,,,,,,,,,,,,,,,,,,,,
26/9/2025,TALIKINA,1383.7,,,,,,,,,,,,,,,,,,,,,,,,,,,,,,
26/9/2025,QIBLA BANDI,1239.2,,,,,,,,,,,,,,,,,,,,,,,,,,,,,,
26/9/2025,MUJAHID,1360,,,,,,,,,,,,,,,,,,,,,,,,,,,,,,
26/9/2025,CHAHAN,1399.35,,,,,,,,,,,,,,,,,,,,,,,,,,,,,,
26/9/2025,MAHOTA,,,,,,,,,,,,,,,,,,,,,,,,,,,,,,,
27/9/2025,RAWAL,1752,,,,,,,,,,,,,,,,,,,,,,,,,,,,,,
27/9/2025,KHASALA,1332,,,,,,,,,,,,,,,,,,,,,,,,,,,,,,
27/9/2025,Dhok Sandymar,1726,,,,,,,,,,,,,,,,,,,,,,,,,,,,,,
27/9/2025,JAWA,1384.5,,,,,,,,,,,,,,,,,,,,,,,,,,,,,,
27/9/2025,MISRIOT,1631.1,,,,,,,,,,,,,,,,,,,,,,,,,,,,,,
27/9/2025,SHAKADARA,1187.55,,,,,,,,,,,,,,,,,,,,,,,,,,,,,,
27/9/2025,SIPIALA,1644,,,,,,,,,,,,,,,,,,,,,,,,,,,,,,
27/9/2025,HAJI SHAH,1037.6,,,,,,,,,,,,,,,,,,,,,,,,,,,,,,
27/9/2025,TALIKINA,1383.7,,,,,,,,,,,,,,,,,,,,,,,,,,,,,,
27/9/2025,QIBLA BANDI,1239.15,,,,,,,,,,,,,,,,,,,,,,,,,,,,,,
27/9/2025,MUJAHID,1360,,,,,,,,,,,,,,,,,,,,,,,,,,,,,,
27/9/2025,CHAHAN,1399.35,,,,,,,,,,,,,,,,,,,,,,,,,,,,,,
27/9/2025,MAHOTA,,,,,,,,,,,,,,,,,,,,,,,,,,,,,,,
28/9/2025,RAWAL,1752,,,,,,,,,,,,,,,,,,,,,,,,,,,,,,
28/9/2025,KHASALA,1332,,,,,,,,,,,,,,,,,,,,,,,,,,,,,,
28/9/2025,Dhok Sandymar,1726,,,,,,,,,,,,,,,,,,,,,,,,,,,,,,
28/9/2025,JAWA,1384.5,,,,,,,,,,,,,,,,,,,,,,,,,,,,,,
28/9/2025,MISRIOT,1631.1,,,,,,,,,,,,,,,,,,,,,,,,,,,,,,
28/9/2025,SHAKADARA,1187.55,,,,,,,,,,,,,,,,,,,,,,,,,,,,,,
28/9/2025,SIPIALA,1644,,,,,,,,,,,,,,,,,,,,,,,,,,,,,,
28/9/2025,HAJI SHAH,1037.6,,,,,,,,,,,,,,,,,,,,,,,,,,,,,,
28/9/2025,TALIKINA,1383.7,,,,,,,,,,,,,,,,,,,,,,,,,,,,,,
28/9/2025,QIBLA BANDI,1239.1,,,,,,,,,,,,,,,,,,,,,,,,,,,,,,
28/9/2025,MUJAHID,1360,,,,,,,,,,,,,,,,,,,,,,,,,,,,,,
28/9/2025,CHAHAN,1399.35,,,,,,,,,,,,,,,,,,,,,,,,,,,,,,
28/9/2025,MAHOTA,,,,,,,,,,,,,,,,,,,,,,,,,,,,,,,
29/9/2025,RAWAL,1752,,,,,,,,,,,,,,,,,,,,,,,,,,,,,,
29/9/2025,KHASALA,1332,,,,,,,,,,,,,,,,,,,,,,,,,,,,,,
29/9/2025,Dhok Sandymar,1725.9,,,,,,,,,,,,,,,,,,,,,,,,,,,,,,
29/9/2025,JAWA,1384.5,,,,,,,,,,,,,,,,,,,,,,,,,,,,,,
29/9/2025,MISRIOT,1631.1,,,,,,,,,,,,,,,,,,,,,,,,,,,,,,
29/9/2025,SHAKADARA,1187.55,,,,,,,,,,,,,,,,,,,,,,,,,,,,,,
29/9/2025,SIPIALA,1644,,,,,,,,,,,,,,,,,,,,,,,,,,,,,,
29/9/2025,HAJI SHAH,1037.6,,,,,,,,,,,,,,,,,,,,,,,,,,,,,,
29/9/2025,TALIKINA,1383.7,,,,,,,,,,,,,,,,,,,,,,,,,,,,,,
29/9/2025,QIBLA BANDI,1239.05,,,,,,,,,,,,,,,,,,,,,,,,,,,,,,
29/9/2025,MUJAHID,1360,,,,,,,,,,,,,,,,,,,,,,,,,,,,,,
29/9/2025,CHAHAN,1399.1,,,,,,,,,,,,,,,,,,,,,,,,,,,,,,
29/9/2025,MAHOTA,,,,,,,,,,,,,,,,,,,,,,,,,,,,,,,
30/9/2025,RAWAL,1751.9,,,,,,,,,,,,,,,,,,,,,,,,,,,,,,
30/9/2025,KHASALA,1332,,,,,,,,,,,,,,,,,,,,,,,,,,,,,,
30/9/2025,Dhok Sandymar,1725.9,,,,,,,,,,,,,,,,,,,,,,,,,,,,,,
30/9/2025,JAWA,1384.5,,,,,,,,,,,,,,,,,,,,,,,,,,,,,,
30/9/2025,MISRIOT,1631.1,,,,,,,,,,,,,,,,,,,,,,,,,,,,,,
30/9/2025,SHAKADARA,1187.55,,,,,,,,,,,,,,,,,,,,,,,,,,,,,,
30/9/2025,SIPIALA,1644,,,,,,,,,,,,,,,,,,,,,,,,,,,,,,
30/9/2025,HAJI SHAH,1037.55,,,,,,,,,,,,,,,,,,,,,,,,,,,,,,
30/9/2025,TALIKINA,1383.7,,,,,,,,,,,,,,,,,,,,,,,,,,,,,,
30/9/2025,QIBLA BANDI,1239,,,,,,,,,,,,,,,,,,,,,,,,,,,,,,
30/9/2025,MUJAHID,1360,,,,,,,,,,,,,,,,,,,,,,,,,,,,,,
30/9/2025,CHAHAN,1399.1,,,,,,,,,,,,,,,,,,,,,,,,,,,,,,
30/9/2025,MAHOTA,,,,,,,,,,,,,,,,,,,,,,,,,,,,,,,
1/10/2025,RAWAL,1752,,,,,,,,,,,,,,,,,,,,,,,,,,,,,,
1/10/2025,KHASALA,1332,,,,,,,,,,,,,,,,,,,,,,,,,,,,,,
1/10/2025,Dhok Sandymar,1725.9,,,,,,,,,,,,,,,,,,,,,,,,,,,,,,
1/10/2025,JAWA,1384.5,,,,,,,,,,,,,,,,,,,,,,,,,,,,,,
1/10/2025,MISRIOT,1631.1,,,,,,,,,,,,,,,,,,,,,,,,,,,,,,
1/10/2025,SHAKADARA,1187.5,,,,,,,,,,,,,,,,,,,,,,,,,,,,,,
1/10/2025,SIPIALA,1644,,,,,,,,,,,,,,,,,,,,,,,,,,,,,,
1/10/2025,HAJI SHAH,1037.5,,,,,,,,,,,,,,,,,,,,,,,,,,,,,,
1/10/2025,TALIKINA,1383.7,,,,,,,,,,,,,,,,,,,,,,,,,,,,,,
1/10/2025,QIBLA BANDI,1239,,,,,,,,,,,,,,,,,,,,,,,,,,,,,,
1/10/2025,MUJAHID,1360,,,,,,,,,,,,,,,,,,,,,,,,,,,,,,
1/10/2025,CHAHAN,1399,,,,,,,,,,,,,,,,,,,,,,,,,,,,,,
1/10/2025,MAHOTA,,,,,,,,,,,,,,,,,,,,,,,,,,,,,,,
2/10/2025,RAWAL,1752,,,,,,,,,,,,,,,,,,,,,,,,,,,,,,
2/10/2025,KHASALA,1332,,,,,,,,,,,,,,,,,,,,,,,,,,,,,,
2/10/2025,Dhok Sandymar,1725.9,,,,,,,,,,,,,,,,,,,,,,,,,,,,,,
2/10/2025,JAWA,1384.5,,,,,,,,,,,,,,,,,,,,,,,,,,,,,,
2/10/2025,MISRIOT,1631.1,,,,,,,,,,,,,,,,,,,,,,,,,,,,,,
2/10/2025,SHAKADARA,1187.5,,,,,,,,,,,,,,,,,,,,,,,,,,,,,,
2/10/2025,SIPIALA,1644,,,,,,,,,,,,,,,,,,,,,,,,,,,,,,
2/10/2025,HAJI SHAH,1037.5,,,,,,,,,,,,,,,,,,,,,,,,,,,,,,
2/10/2025,TALIKINA,1383.7,,,,,,,,,,,,,,,,,,,,,,,,,,,,,,
2/10/2025,QIBLA BANDI,1239,,,,,,,,,,,,,,,,,,,,,,,,,,,,,,
2/10/2025,MUJAHID,1360,,,,,,,,,,,,,,,,,,,,,,,,,,,,,,
2/10/2025,CHAHAN,1399,,,,,,,,,,,,,,,,,,,,,,,,,,,,,,
2/10/2025,MAHOTA,,,,,,,,,,,,,,,,,,,,,,,,,,,,,,,
3/10/2025,RAWAL,1752,,,,,,,,,,,,,,,,,,,,,,,,,,,,,,
3/10/2025,KHASALA,1332,,,,,,,,,,,,,,,,,,,,,,,,,,,,,,
3/10/2025,Dhok Sandymar,1725.9,,,,,,,,,,,,,,,,,,,,,,,,,,,,,,
3/10/2025,JAWA,1384.5,,,,,,,,,,,,,,,,,,,,,,,,,,,,,,
3/10/2025,MISRIOT,1631.1,,,,,,,,,,,,,,,,,,,,,,,,,,,,,,
3/10/2025,SHAKADARA,1187.5,,,,,,,,,,,,,,,,,,,,,,,,,,,,,,
3/10/2025,SIPIALA,1644,,,,,,,,,,,,,,,,,,,,,,,,,,,,,,
3/10/2025,HAJI SHAH,1037.5,,,,,,,,,,,,,,,,,,,,,,,,,,,,,,
3/10/2025,TALIKINA,1383.7,,,,,,,,,,,,,,,,,,,,,,,,,,,,,,
3/10/2025,QIBLA BANDI,1239,,,,,,,,,,,,,,,,,,,,,,,,,,,,,,
3/10/2025,MUJAHID,1360,,,,,,,,,,,,,,,,,,,,,,,,,,,,,,
3/10/2025,CHAHAN,1399,,,,,,,,,,,,,,,,,,,,,,,,,,,,,,
3/10/2025,MAHOTA,,,,,,,,,,,,,,,,,,,,,,,,,,,,,,,
4/10/2025,RAWAL,1751.6,,,,,,,,,,,,,,,,,,,,,,,,,,,,,,
4/10/2025,KHASALA,1332,,,,,,,,,,,,,,,,,,,,,,,,,,,,,,
4/10/2025,Dhok Sandymar,1725.9,,,,,,,,,,,,,,,,,,,,,,,,,,,,,,
4/10/2025,JAWA,1384.5,,,,,,,,,,,,,,,,,,,,,,,,,,,,,,
4/10/2025,MISRIOT,1631.1,,,,,,,,,,,,,,,,,,,,,,,,,,,,,,
4/10/2025,SHAKADARA,1187.5,,,,,,,,,,,,,,,,,,,,,,,,,,,,,,
4/10/2025,SIPIALA,1644,,,,,,,,,,,,,,,,,,,,,,,,,,,,,,
4/10/2025,HAJI SHAH,1037.45,,,,,,,,,,,,,,,,,,,,,,,,,,,,,,
4/10/2025,TALIKINA,1383.7,,,,,,,,,,,,,,,,,,,,,,,,,,,,,,
4/10/2025,QIBLA BANDI,1239,,,,,,,,,,,,,,,,,,,,,,,,,,,,,,
4/10/2025,MUJAHID,1360,,,,,,,,,,,,,,,,,,,,,,,,,,,,,,
4/10/2025,CHAHAN,1399,,,,,,,,,,,,,,,,,,,,,,,,,,,,,,
4/10/2025,MAHOTA,,,,,,,,,,,,,,,,,,,,,,,,,,,,,,,
5/10/2025,RAWAL,1751.6,,,,,,,,,,,,,,,,,,,,,,,,,,,,,,
5/10/2025,KHASALA,1332,,,,,,,,,,,,,,,,,,,,,,,,,,,,,,
5/10/2025,Dhok Sandymar,1725.7,,,,,,,,,,,,,,,,,,,,,,,,,,,,,,
5/10/2025,JAWA,1384.5,,,,,,,,,,,,,,,,,,,,,,,,,,,,,,
5/10/2025,MISRIOT,1631.1,,,,,,,,,,,,,,,,,,,,,,,,,,,,,,
5/10/2025,SHAKADARA,1187.5,,,,,,,,,,,,,,,,,,,,,,,,,,,,,,
5/10/2025,SIPIALA,1644,,,,,,,,,,,,,,,,,,,,,,,,,,,,,,
5/10/2025,HAJI SHAH,1037.35,,,,,,,,,,,,,,,,,,,,,,,,,,,,,,
5/10/2025,TALIKINA,1383.7,,,,,,,,,,,,,,,,,,,,,,,,,,,,,,
5/10/2025,QIBLA BANDI,1238.9,,,,,,,,,,,,,,,,,,,,,,,,,,,,,,
5/10/2025,MUJAHID,1360,,,,,,,,,,,,,,,,,,,,,,,,,,,,,,
5/10/2025,CHAHAN,1399,,,,,,,,,,,,,,,,,,,,,,,,,,,,,,
5/10/2025,MAHOTA,,,,,,,,,,,,,,,,,,,,,,,,,,,,,,,
6/10/2025,RAWAL,1751.6,,,,,,,,,,,,,,,,,,,,,,,,,,,,,,
6/10/2025,KHASALA,1332,,,,,,,,,,,,,,,,,,,,,,,,,,,,,,
6/10/2025,Dhok Sandymar,1725.7,,,,,,,,,,,,,,,,,,,,,,,,,,,,,,
6/10/2025,JAWA,1384.5,,,,,,,,,,,,,,,,,,,,,,,,,,,,,,
6/10/2025,MISRIOT,1631.1,,,,,,,,,,,,,,,,,,,,,,,,,,,,,,
6/10/2025,SHAKADARA,1187.5,,,,,,,,,,,,,,,,,,,,,,,,,,,,,,
6/10/2025,SIPIALA,1644,,,,,,,,,,,,,,,,,,,,,,,,,,,,,,
6/10/2025,HAJI SHAH,1037.35,,,,,,,,,,,,,,,,,,,,,,,,,,,,,,
6/10/2025,TALIKINA,1383.7,,,,,,,,,,,,,,,,,,,,,,,,,,,,,,
6/10/2025,QIBLA BANDI,1238.9,,,,,,,,,,,,,,,,,,,,,,,,,,,,,,
6/10/2025,MUJAHID,1360,,,,,,,,,,,,,,,,,,,,,,,,,,,,,,
6/10/2025,CHAHAN,1399.15,,,,,,,,,,,,,,,,,,,,,,,,,,,,,,
6/10/2025,MAHOTA,,,,,,,,,,,,,,,,,,,,,,,,,,,,,,,
7/10/2025,RAWAL,1752,,,,,,,,,,,,,,,,,,,,,,,,,,,,,,
7/10/2025,KHASALA,1332,,,,,,,,,,,,,,,,,,,,,,,,,,,,,,
7/10/2025,Dhok Sandymar,1725.6,,,,,,,,,,,,,,,,,,,,,,,,,,,,,,
7/10/2025,JAWA,1384.5,,,,,,,,,,,,,,,,,,,,,,,,,,,,,,
7/10/2025,MISRIOT,1631.1,,,,,,,,,,,,,,,,,,,,,,,,,,,,,,
7/10/2025,SHAKADARA,1187.5,,,,,,,,,,,,,,,,,,,,,,,,,,,,,,
7/10/2025,SIPIALA,1644,,,,,,,,,,,,,,,,,,,,,,,,,,,,,,
7/10/2025,HAJI SHAH,1037.35,,,,,,,,,,,,,,,,,,,,,,,,,,,,,,
7/10/2025,TALIKINA,1383.7,,,,,,,,,,,,,,,,,,,,,,,,,,,,,,
7/10/2025,QIBLA BANDI,1238.9,,,,,,,,,,,,,,,,,,,,,,,,,,,,,,
7/10/2025,MUJAHID,1360,,,,,,,,,,,,,,,,,,,,,,,,,,,,,,
7/10/2025,CHAHAN,1399.15,,,,,,,,,,,,,,,,,,,,,,,,,,,,,,
7/10/2025,MAHOTA,,,,,,,,,,,,,,,,,,,,,,,,,,,,,,,
8/10/2025,RAWAL,1751.6,,,,,,,,,,,,,,,,,,,,,,,,,,,,,,
8/10/2025,KHASALA,1332,,,,,,,,,,,,,,,,,,,,,,,,,,,,,,
8/10/2025,Dhok Sandymar,1725.5,,,,,,,,,,,,,,,,,,,,,,,,,,,,,,
8/10/2025,JAWA,1384.5,,,,,,,,,,,,,,,,,,,,,,,,,,,,,,
8/10/2025,MISRIOT,1631.1,,,,,,,,,,,,,,,,,,,,,,,,,,,,,,
8/10/2025,SHAKADARA,1187.5,,,,,,,,,,,,,,,,,,,,,,,,,,,,,,
8/10/2025,SIPIALA,1644,,,,,,,,,,,,,,,,,,,,,,,,,,,,,,
8/10/2025,HAJI SHAH,1037.35,,,,,,,,,,,,,,,,,,,,,,,,,,,,,,
8/10/2025,TALIKINA,1383.7,,,,,,,,,,,,,,,,,,,,,,,,,,,,,,
8/10/2025,QIBLA BANDI,1238.9,,,,,,,,,,,,,,,,,,,,,,,,,,,,,,
8/10/2025,MUJAHID,1360,,,,,,,,,,,,,,,,,,,,,,,,,,,,,,
8/10/2025,CHAHAN,1399.5,,,,,,,,,,,,,,,,,,,,,,,,,,,,,,
8/10/2025,MAHOTA,,,,,,,,,,,,,,,,,,,,,,,,,,,,,,,
9/10/2025,RAWAL,1751.6,,,,,,,,,,,,,,,,,,,,,,,,,,,,,,
9/10/2025,KHASALA,1332,,,,,,,,,,,,,,,,,,,,,,,,,,,,,,
9/10/2025,Dhok Sandymar,1726.5,,,,,,,,,,,,,,,,,,,,,,,,,,,,,,
9/10/2025,JAWA,1384.5,,,,,,,,,,,,,,,,,,,,,,,,,,,,,,
9/10/2025,MISRIOT,1631.1,,,,,,,,,,,,,,,,,,,,,,,,,,,,,,
9/10/2025,SHAKADARA,1187.5,,,,,,,,,,,,,,,,,,,,,,,,,,,,,,
9/10/2025,SIPIALA,1644,,,,,,,,,,,,,,,,,,,,,,,,,,,,,,
9/10/2025,HAJI SHAH,1037.35,,,,,,,,,,,,,,,,,,,,,,,,,,,,,,
9/10/2025,TALIKINA,1383.7,,,,,,,,,,,,,,,,,,,,,,,,,,,,,,
9/10/2025,QIBLA BANDI,1238.9,,,,,,,,,,,,,,,,,,,,,,,,,,,,,,
9/10/2025,MUJAHID,1360,,,,,,,,,,,,,,,,,,,,,,,,,,,,,,
9/10/2025,CHAHAN,1399.5,,,,,,,,,,,,,,,,,,,,,,,,,,,,,,
9/10/2025,MAHOTA,,,,,,,,,,,,,,,,,,,,,,,,,,,,,,,
10/10/2025,RAWAL,1751.7,,,,,,,,,,,,,,,,,,,,,,,,,,,,,,
10/10/2025,KHASALA,1332,,,,,,,,,,,,,,,,,,,,,,,,,,,,,,
10/10/2025,Dhok Sandymar,1726.5,,,,,,,,,,,,,,,,,,,,,,,,,,,,,,
10/10/2025,JAWA,1384.5,,,,,,,,,,,,,,,,,,,,,,,,,,,,,,
10/10/2025,MISRIOT,1631.1,,,,,,,,,,,,,,,,,,,,,,,,,,,,,,
10/10/2025,SHAKADARA,1187.5,,,,,,,,,,,,,,,,,,,,,,,,,,,,,,
10/10/2025,SIPIALA,1644,,,,,,,,,,,,,,,,,,,,,,,,,,,,,,
10/10/2025,HAJI SHAH,1037.3,,,,,,,,,,,,,,,,,,,,,,,,,,,,,,
10/10/2025,TALIKINA,1383.7,,,,,,,,,,,,,,,,,,,,,,,,,,,,,,
10/10/2025,QIBLA BANDI,1239,,,,,,,,,,,,,,,,,,,,,,,,,,,,,,
10/10/2025,MUJAHID,1360,,,,,,,,,,,,,,,,,,,,,,,,,,,,,,
10/10/2025,CHAHAN,1399.37,,,,,,,,,,,,,,,,,,,,,,,,,,,,,,
10/10/2025,MAHOTA,,,,,,,,,,,,,,,,,,,,,,,,,,,,,,,
11/10/2025,RAWAL,1751.7,,,,,,,,,,,,,,,,,,,,,,,,,,,,,,
11/10/2025,KHASALA,1332,,,,,,,,,,,,,,,,,,,,,,,,,,,,,,
11/10/2025,Dhok Sandymar,1726.5,,,,,,,,,,,,,,,,,,,,,,,,,,,,,,
11/10/2025,JAWA,1384.5,,,,,,,,,,,,,,,,,,,,,,,,,,,,,,
11/10/2025,MISRIOT,1631.1,,,,,,,,,,,,,,,,,,,,,,,,,,,,,,
11/10/2025,SHAKADARA,1187.5,,,,,,,,,,,,,,,,,,,,,,,,,,,,,,
11/10/2025,SIPIALA,1644,,,,,,,,,,,,,,,,,,,,,,,,,,,,,,
11/10/2025,HAJI SHAH,1037.2,,,,,,,,,,,,,,,,,,,,,,,,,,,,,,
11/10/2025,TALIKINA,1383.7,,,,,,,,,,,,,,,,,,,,,,,,,,,,,,
11/10/2025,QIBLA BANDI,1238.95,,,,,,,,,,,,,,,,,,,,,,,,,,,,,,
11/10/2025,MUJAHID,1360,,,,,,,,,,,,,,,,,,,,,,,,,,,,,,
11/10/2025,CHAHAN,1399.37,,,,,,,,,,,,,,,,,,,,,,,,,,,,,,
11/10/2025,MAHOTA,,,,,,,,,,,,,,,,,,,,,,,,,,,,,,,
12/10/2025,RAWAL,1751.7,,,,,,,,,,,,,,,,,,,,,,,,,,,,,,
12/10/2025,KHASALA,1332,,,,,,,,,,,,,,,,,,,,,,,,,,,,,,
12/10/2025,Dhok Sandymar,1726.5,,,,,,,,,,,,,,,,,,,,,,,,,,,,,,
12/10/2025,JAWA,1384.5,,,,,,,,,,,,,,,,,,,,,,,,,,,,,,
12/10/2025,MISRIOT,1631.1,,,,,,,,,,,,,,,,,,,,,,,,,,,,,,
12/10/2025,SHAKADARA,1187.5,,,,,,,,,,,,,,,,,,,,,,,,,,,,,,
12/10/2025,SIPIALA,1644,,,,,,,,,,,,,,,,,,,,,,,,,,,,,,
12/10/2025,HAJI SHAH,1037.2,,,,,,,,,,,,,,,,,,,,,,,,,,,,,,
12/10/2025,TALIKINA,1383.7,,,,,,,,,,,,,,,,,,,,,,,,,,,,,,
12/10/2025,QIBLA BANDI,1238.95,,,,,,,,,,,,,,,,,,,,,,,,,,,,,,
12/10/2025,MUJAHID,1360,,,,,,,,,,,,,,,,,,,,,,,,,,,,,,
12/10/2025,CHAHAN,1399.37,,,,,,,,,,,,,,,,,,,,,,,,,,,,,,
12/10/2025,MAHOTA,,,,,,,,,,,,,,,,,,,,,,,,,,,,,,,
13/10/2025,RAWAL,1751.8,,,,,,,,,,,,,,,,,,,,,,,,,,,,,,
13/10/2025,KHASALA,1332,,,,,,,,,,,,,,,,,,,,,,,,,,,,,,
13/10/2025,Dhok Sandymar,1726.5,,,,,,,,,,,,,,,,,,,,,,,,,,,,,,
13/10/2025,JAWA,1384.5,,,,,,,,,,,,,,,,,,,,,,,,,,,,,,
13/10/2025,MISRIOT,1631.1,,,,,,,,,,,,,,,,,,,,,,,,,,,,,,
13/10/2025,SHAKADARA,1187.4,,,,,,,,,,,,,,,,,,,,,,,,,,,,,,
13/10/2025,SIPIALA,1644,,,,,,,,,,,,,,,,,,,,,,,,,,,,,,
13/10/2025,HAJI SHAH,1037.2,,,,,,,,,,,,,,,,,,,,,,,,,,,,,,
13/10/2025,TALIKINA,1383.7,,,,,,,,,,,,,,,,,,,,,,,,,,,,,,
13/10/2025,QIBLA BANDI,1238.9,,,,,,,,,,,,,,,,,,,,,,,,,,,,,,
13/10/2025,MUJAHID,1360,,,,,,,,,,,,,,,,,,,,,,,,,,,,,,
13/10/2025,CHAHAN,1399.3,,,,,,,,,,,,,,,,,,,,,,,,,,,,,,
13/10/2025,MAHOTA,,,,,,,,,,,,,,,,,,,,,,,,,,,,,,,
14/10/2025,RAWAL,1751.8,,,,,,,,,,,,,,,,,,,,,,,,,,,,,,
14/10/2025,KHASALA,1332,,,,,,,,,,,,,,,,,,,,,,,,,,,,,,
14/10/2025,Dhok Sandymar,1726.5,,,,,,,,,,,,,,,,,,,,,,,,,,,,,,
14/10/2025,JAWA,1384.5,,,,,,,,,,,,,,,,,,,,,,,,,,,,,,
14/10/2025,MISRIOT,1631.1,,,,,,,,,,,,,,,,,,,,,,,,,,,,,,
14/10/2025,SHAKADARA,1187.4,,,,,,,,,,,,,,,,,,,,,,,,,,,,,,
14/10/2025,SIPIALA,1644,,,,,,,,,,,,,,,,,,,,,,,,,,,,,,
14/10/2025,HAJI SHAH,1037.2,,,,,,,,,,,,,,,,,,,,,,,,,,,,,,
14/10/2025,TALIKINA,1383.7,,,,,,,,,,,,,,,,,,,,,,,,,,,,,,
14/10/2025,QIBLA BANDI,1238.9,,,,,,,,,,,,,,,,,,,,,,,,,,,,,,
14/10/2025,MUJAHID,1360,,,,,,,,,,,,,,,,,,,,,,,,,,,,,,
14/10/2025,CHAHAN,1399.3,,,,,,,,,,,,,,,,,,,,,,,,,,,,,,
14/10/2025,MAHOTA,,,,,,,,,,,,,,,,,,,,,,,,,,,,,,,
15/10/2025,RAWAL,1751.8,,,,,,,,,,,,,,,,,,,,,,,,,,,,,,
14/10/2025,KHASALA,1332,,,,,,,,,,,,,,,,,,,,,,,,,,,,,,
14/10/2025,Dhok Sandymar,1726.5,,,,,,,,,,,,,,,,,,,,,,,,,,,,,,
14/10/2025,JAWA,1384.5,,,,,,,,,,,,,,,,,,,,,,,,,,,,,,
14/10/2025,MISRIOT,1631.1,,,,,,,,,,,,,,,,,,,,,,,,,,,,,,
14/10/2025,SHAKADARA,1187.4,,,,,,,,,,,,,,,,,,,,,,,,,,,,,,
14/10/2025,SIPIALA,1644,,,,,,,,,,,,,,,,,,,,,,,,,,,,,,
14/10/2025,HAJI SHAH,1037.15,,,,,,,,,,,,,,,,,,,,,,,,,,,,,,
14/10/2025,TALIKINA,1383.7,,,,,,,,,,,,,,,,,,,,,,,,,,,,,,
14/10/2025,QIBLA BANDI,1238.9,,,,,,,,,,,,,,,,,,,,,,,,,,,,,,
14/10/2025,MUJAHID,1360,,,,,,,,,,,,,,,,,,,,,,,,,,,,,,
14/10/2025,CHAHAN,1399.3,,,,,,,,,,,,,,,,,,,,,,,,,,,,,,
14/10/2025,MAHOTA,,,,,,,,,,,,,,,,,,,,,,,,,,,,,,,
15/10/2025,RAWAL,1751.8,,,,,,,,,,,,,,,,,,,,,,,,,,,,,,
15/10/2025,KHASALA,1332,,,,,,,,,,,,,,,,,,,,,,,,,,,,,,
15/10/2025,Dhok Sandymar,1726.5,,,,,,,,,,,,,,,,,,,,,,,,,,,,,,
15/10/2025,JAWA,1384.5,,,,,,,,,,,,,,,,,,,,,,,,,,,,,,
15/10/2025,MISRIOT,1631.1,,,,,,,,,,,,,,,,,,,,,,,,,,,,,,
15/10/2025,SHAKADARA,1187.4,,,,,,,,,,,,,,,,,,,,,,,,,,,,,,
15/10/2025,SIPIALA,1644,,,,,,,,,,,,,,,,,,,,,,,,,,,,,,
15/10/2025,HAJI SHAH,1037.15,,,,,,,,,,,,,,,,,,,,,,,,,,,,,,
15/10/2025,TALIKINA,1383.7,,,,,,,,,,,,,,,,,,,,,,,,,,,,,,
15/10/2025,QIBLA BANDI,1238.9,,,,,,,,,,,,,,,,,,,,,,,,,,,,,,
15/10/2025,MUJAHID,1360,,,,,,,,,,,,,,,,,,,,,,,,,,,,,,
15/10/2025,CHAHAN,1399.3,,,,,,,,,,,,,,,,,,,,,,,,,,,,,,
15/10/2025,MAHOTA,,,,,,,,,,,,,,,,,,,,,,,,,,,,,,,
16/10/2025,RAWAL,1751.8,,,,,,,,,,,,,,,,,,,,,,,,,,,,,,
16/10/2025,KHASALA,1332,,,,,,,,,,,,,,,,,,,,,,,,,,,,,,
16/10/2025,Dhok Sandymar,1726.5,,,,,,,,,,,,,,,,,,,,,,,,,,,,,,
16/10/2025,JAWA,1384.5,,,,,,,,,,,,,,,,,,,,,,,,,,,,,,
16/10/2025,MISRIOT,1631.1,,,,,,,,,,,,,,,,,,,,,,,,,,,,,,
16/10/2025,SHAKADARA,1187.4,,,,,,,,,,,,,,,,,,,,,,,,,,,,,,
16/10/2025,SIPIALA,1644,,,,,,,,,,,,,,,,,,,,,,,,,,,,,,
16/10/2025,HAJI SHAH,1037.05,,,,,,,,,,,,,,,,,,,,,,,,,,,,,,
16/10/2025,TALIKINA,1383.7,,,,,,,,,,,,,,,,,,,,,,,,,,,,,,
16/10/2025,QIBLA BANDI,1238.8,,,,,,,,,,,,,,,,,,,,,,,,,,,,,,
16/10/2025,MUJAHID,1360,,,,,,,,,,,,,,,,,,,,,,,,,,,,,,
16/10/2025,CHAHAN,1399.3,,,,,,,,,,,,,,,,,,,,,,,,,,,,,,
16/10/2025,MAHOTA,,,,,,,,,,,,,,,,,,,,,,,,,,,,,,,
17/10/2025,RAWAL,1751.8,,,,,,,,,,,,,,,,,,,,,,,,,,,,,,
17/10/2025,KHASALA,1331.9,,,,,,,,,,,,,,,,,,,,,,,,,,,,,,
17/10/2025,Dhok Sandymar,1726.3,,,,,,,,,,,,,,,,,,,,,,,,,,,,,,
17/10/2025,JAWA,1384.3,,,,,,,,,,,,,,,,,,,,,,,,,,,,,,
17/10/2025,MISRIOT,1630.9,,,,,,,,,,,,,,,,,,,,,,,,,,,,,,
17/10/2025,SHAKADARA,1187.4,,,,,,,,,,,,,,,,,,,,,,,,,,,,,,
17/10/2025,SIPIALA,1644,,,,,,,,,,,,,,,,,,,,,,,,,,,,,,
17/10/2025,HAJI SHAH,1037.1,,,,,,,,,,,,,,,,,,,,,,,,,,,,,,
17/10/2025,TALIKINA,1383.7,,,,,,,,,,,,,,,,,,,,,,,,,,,,,,
17/10/2025,QIBLA BANDI,1238.8,,,,,,,,,,,,,,,,,,,,,,,,,,,,,,
17/10/2025,MUJAHID,1360,,,,,,,,,,,,,,,,,,,,,,,,,,,,,,
17/10/2025,CHAHAN,1399.3,,,,,,,,,,,,,,,,,,,,,,,,,,,,,,
17/10/2025,MAHOTA,,,,,,,,,,,,,,,,,,,,,,,,,,,,,,,
18/10/2025,RAWAL,1751.8,,,,,,,,,,,,,,,,,,,,,,,,,,,,,,
18/10/2025,KHASALA,1331.9,,,,,,,,,,,,,,,,,,,,,,,,,,,,,,
18/10/2025,Dhok Sandymar,1726.3,,,,,,,,,,,,,,,,,,,,,,,,,,,,,,
18/10/2025,JAWA,1384.3,,,,,,,,,,,,,,,,,,,,,,,,,,,,,,
18/10/2025,MISRIOT,1630.9,,,,,,,,,,,,,,,,,,,,,,,,,,,,,,
18/10/2025,SHAKADARA,1187.4,,,,,,,,,,,,,,,,,,,,,,,,,,,,,,
18/10/2025,SIPIALA,1644,,,,,,,,,,,,,,,,,,,,,,,,,,,,,,
18/10/2025,HAJI SHAH,1037,,,,,,,,,,,,,,,,,,,,,,,,,,,,,,
18/10/2025,TALIKINA,1383.7,,,,,,,,,,,,,,,,,,,,,,,,,,,,,,
18/10/2025,QIBLA BANDI,1238.8,,,,,,,,,,,,,,,,,,,,,,,,,,,,,,
18/10/2025,MUJAHID,1360,,,,,,,,,,,,,,,,,,,,,,,,,,,,,,
18/10/2025,CHAHAN,1399.2,,,,,,,,,,,,,,,,,,,,,,,,,,,,,,
18/10/2025,MAHOTA,,,,,,,,,,,,,,,,,,,,,,,,,,,,,,,
19/10/2025,RAWAL,1751.8,,,,,,,,,,,,,,,,,,,,,,,,,,,,,,
19/10/2025,KHASALA,1331.9,,,,,,,,,,,,,,,,,,,,,,,,,,,,,,
19/10/2025,Dhok Sandymar,1726.3,,,,,,,,,,,,,,,,,,,,,,,,,,,,,,
19/10/2025,JAWA,1384.3,,,,,,,,,,,,,,,,,,,,,,,,,,,,,,
19/10/2025,MISRIOT,1630.9,,,,,,,,,,,,,,,,,,,,,,,,,,,,,,
19/10/2025,SHAKADARA,1187.4,,,,,,,,,,,,,,,,,,,,,,,,,,,,,,
19/10/2025,SIPIALA,1644,,,,,,,,,,,,,,,,,,,,,,,,,,,,,,
19/10/2025,HAJI SHAH,1036.9,,,,,,,,,,,,,,,,,,,,,,,,,,,,,,
19/10/2025,TALIKINA,1383.7,,,,,,,,,,,,,,,,,,,,,,,,,,,,,,
19/10/2025,QIBLA BANDI,1238.75,,,,,,,,,,,,,,,,,,,,,,,,,,,,,,
19/10/2025,MUJAHID,1360,,,,,,,,,,,,,,,,,,,,,,,,,,,,,,
19/10/2025,CHAHAN,1399.2,,,,,,,,,,,,,,,,,,,,,,,,,,,,,,
19/10/2025,MAHOTA,,,,,,,,,,,,,,,,,,,,,,,,,,,,,,,
20/10/2025,RAWAL,1751.8,,,,,,,,,,,,,,,,,,,,,,,,,,,,,,
20/10/2025,KHASALA,1331.7,,,,,,,,,,,,,,,,,,,,,,,,,,,,,,
20/10/2025,Dhok Sandymar,1726.1,,,,,,,,,,,,,,,,,,,,,,,,,,,,,,
20/10/2025,JAWA,1384.1,,,,,,,,,,,,,,,,,,,,,,,,,,,,,,
20/10/2025,MISRIOT,1630.7,,,,,,,,,,,,,,,,,,,,,,,,,,,,,,
20/10/2025,SHAKADARA,1187.4,,,,,,,,,,,,,,,,,,,,,,,,,,,,,,
20/10/2025,SIPIALA,1644,,,,,,,,,,,,,,,,,,,,,,,,,,,,,,
20/10/2025,HAJI SHAH,1036.9,,,,,,,,,,,,,,,,,,,,,,,,,,,,,,
20/10/2025,TALIKINA,1383.7,,,,,,,,,,,,,,,,,,,,,,,,,,,,,,
20/10/2025,QIBLA BANDI,1238.75,,,,,,,,,,,,,,,,,,,,,,,,,,,,,,
20/10/2025,MUJAHID,1360,,,,,,,,,,,,,,,,,,,,,,,,,,,,,,
20/10/2025,CHAHAN,1399.2,,,,,,,,,,,,,,,,,,,,,,,,,,,,,,
20/10/2025,MAHOTA,,,,,,,,,,,,,,,,,,,,,,,,,,,,,,,
21/10/2025,RAWAL,1751.8,,,,,,,,,,,,,,,,,,,,,,,,,,,,,,
21/10/2025,KHASALA,1331.7,,,,,,,,,,,,,,,,,,,,,,,,,,,,,,
21/10/2025,Dhok Sandymar,1726.1,,,,,,,,,,,,,,,,,,,,,,,,,,,,,,
21/10/2025,JAWA,1384.1,,,,,,,,,,,,,,,,,,,,,,,,,,,,,,
21/10/2025,MISRIOT,1630.7,,,,,,,,,,,,,,,,,,,,,,,,,,,,,,
21/10/2025,SHAKADARA,1187.4,,,,,,,,,,,,,,,,,,,,,,,,,,,,,,
21/10/2025,SIPIALA,1644,,,,,,,,,,,,,,,,,,,,,,,,,,,,,,
21/10/2025,HAJI SHAH,1036.9,,,,,,,,,,,,,,,,,,,,,,,,,,,,,,
21/10/2025,TALIKINA,1383.7,,,,,,,,,,,,,,,,,,,,,,,,,,,,,,
21/10/2025,QIBLA BANDI,1238.75,,,,,,,,,,,,,,,,,,,,,,,,,,,,,,
21/10/2025,MUJAHID,1360,,,,,,,,,,,,,,,,,,,,,,,,,,,,,,
21/10/2025,CHAHAN,1399.2,,,,,,,,,,,,,,,,,,,,,,,,,,,,,,
21/10/2025,MAHOTA,,,,,,,,,,,,,,,,,,,,,,,,,,,,,,,
22/10/2025,RAWAL,1751.8,,,,,,,,,,,,,,,,,,,,,,,,,,,,,,
22/10/2025,KHASALA,1331.5,,,,,,,,,,,,,,,,,,,,,,,,,,,,,,
22/10/2025,Dhok Sandymar,1726,,,,,,,,,,,,,,,,,,,,,,,,,,,,,,
22/10/2025,JAWA,1383,,,,,,,,,,,,,,,,,,,,,,,,,,,,,,
22/10/2025,MISRIOT,1630.5,,,,,,,,,,,,,,,,,,,,,,,,,,,,,,
22/10/2025,SHAKADARA,1187.4,,,,,,,,,,,,,,,,,,,,,,,,,,,,,,
22/10/2025,SIPIALA,1644,,,,,,,,,,,,,,,,,,,,,,,,,,,,,,
22/10/2025,HAJI SHAH,1036.8,,,,,,,,,,,,,,,,,,,,,,,,,,,,,,
22/10/2025,TALIKINA,1383.7,,,,,,,,,,,,,,,,,,,,,,,,,,,,,,
22/10/2025,QIBLA BANDI,1238.7,,,,,,,,,,,,,,,,,,,,,,,,,,,,,,
22/10/2025,MUJAHID,1360,,,,,,,,,,,,,,,,,,,,,,,,,,,,,,
22/10/2025,CHAHAN,1399,,,,,,,,,,,,,,,,,,,,,,,,,,,,,,
22/10/2025,MAHOTA,,,,,,,,,,,,,,,,,,,,,,,,,,,,,,,
23/10/2025,RAWAL,1751.8,,,,,,,,,,,,,,,,,,,,,,,,,,,,,,
23/10/2025,KHASALA,1331.5,,,,,,,,,,,,,,,,,,,,,,,,,,,,,,
23/10/2025,Dhok Sandymar,1726,,,,,,,,,,,,,,,,,,,,,,,,,,,,,,
23/10/2025,JAWA,1383,,,,,,,,,,,,,,,,,,,,,,,,,,,,,,
23/10/2025,MISRIOT,1630.5,,,,,,,,,,,,,,,,,,,,,,,,,,,,,,
23/10/2025,SHAKADARA,1187.4,,,,,,,,,,,,,,,,,,,,,,,,,,,,,,
23/10/2025,SIPIALA,1644,,,,,,,,,,,,,,,,,,,,,,,,,,,,,,
23/10/2025,HAJI SHAH,1036.7,,,,,,,,,,,,,,,,,,,,,,,,,,,,,,
23/10/2025,TALIKINA,1383,,,,,,,,,,,,,,,,,,,,,,,,,,,,,,
23/10/2025,QIBLA BANDI,1238.65,,,,,,,,,,,,,,,,,,,,,,,,,,,,,,
23/10/2025,MUJAHID,1360,,,,,,,,,,,,,,,,,,,,,,,,,,,,,,
23/10/2025,CHAHAN,1399,,,,,,,,,,,,,,,,,,,,,,,,,,,,,,
23/10/2025,MAHOTA,,,,,,,,,,,,,,,,,,,,,,,,,,,,,,,
24/10/2025,RAWAL,1751.8,,,,,,,,,,,,,,,,,,,,,,,,,,,,,,
24/10/2025,KHASALA,1331.4,,,,,,,,,,,,,,,,,,,,,,,,,,,,,,
24/10/2025,Dhok Sandymar,1726,,,,,,,,,,,,,,,,,,,,,,,,,,,,,,
24/10/2025,JAWA,1382.9,,,,,,,,,,,,,,,,,,,,,,,,,,,,,,
24/10/2025,MISRIOT,1630.4,,,,,,,,,,,,,,,,,,,,,,,,,,,,,,
24/10/2025,SHAKADARA,1187.4,,,,,,,,,,,,,,,,,,,,,,,,,,,,,,
24/10/2025,SIPIALA,1643.7,,,,,,,,,,,,,,,,,,,,,,,,,,,,,,
24/10/2025,HAJI SHAH,1036.65,,,,,,,,,,,,,,,,,,,,,,,,,,,,,,
24/10/2025,TALIKINA,1383.5,,,,,,,,,,,,,,,,,,,,,,,,,,,,,,
24/10/2025,QIBLA BANDI,1238.6,,,,,,,,,,,,,,,,,,,,,,,,,,,,,,
24/10/2025,MUJAHID,1360,,,,,,,,,,,,,,,,,,,,,,,,,,,,,,
24/10/2025,CHAHAN,1399,,,,,,,,,,,,,,,,,,,,,,,,,,,,,,
24/10/2025,MAHOTA,,,,,,,,,,,,,,,,,,,,,,,,,,,,,,,
25/10/2025,RAWAL,1751.7,,,,,,,,,,,,,,,,,,,,,,,,,,,,,,
25/10/2025,KHASALA,1331.4,,,,,,,,,,,,,,,,,,,,,,,,,,,,,,
25/10/2025,Dhok Sandymar,1726,,,,,,,,,,,,,,,,,,,,,,,,,,,,,,
25/10/2025,JAWA,1382.9,,,,,,,,,,,,,,,,,,,,,,,,,,,,,,
25/10/2025,MISRIOT,1630.4,,,,,,,,,,,,,,,,,,,,,,,,,,,,,,
25/10/2025,SHAKADARA,1187.4,,,,,,,,,,,,,,,,,,,,,,,,,,,,,,
25/10/2025,SIPIALA,1643.7,,,,,,,,,,,,,,,,,,,,,,,,,,,,,,
25/10/2025,HAJI SHAH,1036.65,,,,,,,,,,,,,,,,,,,,,,,,,,,,,,
25/10/2025,TALIKINA,1383.5,,,,,,,,,,,,,,,,,,,,,,,,,,,,,,
25/10/2025,QIBLA BANDI,1238.6,,,,,,,,,,,,,,,,,,,,,,,,,,,,,,
25/10/2025,MUJAHID,1360,,,,,,,,,,,,,,,,,,,,,,,,,,,,,,
25/10/2025,CHAHAN,1399,,,,,,,,,,,,,,,,,,,,,,,,,,,,,,
25/10/2025,MAHOTA,,,,,,,,,,,,,,,,,,,,,,,,,,,,,,,
26/10/2025,RAWAL,1751.8,,,,,,,,,,,,,,,,,,,,,,,,,,,,,,
26/10/2025,KHASALA,1331.4,,,,,,,,,,,,,,,,,,,,,,,,,,,,,,
26/10/2025,Dhok Sandymar,1726,,,,,,,,,,,,,,,,,,,,,,,,,,,,,,
26/10/2025,JAWA,1382.9,,,,,,,,,,,,,,,,,,,,,,,,,,,,,,
26/10/2025,MISRIOT,1630.4,,,,,,,,,,,,,,,,,,,,,,,,,,,,,,
26/10/2025,SHAKADARA,1187.4,,,,,,,,,,,,,,,,,,,,,,,,,,,,,,
26/10/2025,SIPIALA,1643.7,,,,,,,,,,,,,,,,,,,,,,,,,,,,,,
26/10/2025,HAJI SHAH,1036.65,,,,,,,,,,,,,,,,,,,,,,,,,,,,,,
26/10/2025,TALIKINA,1383.5,,,,,,,,,,,,,,,,,,,,,,,,,,,,,,
26/10/2025,QIBLA BANDI,1238.6,,,,,,,,,,,,,,,,,,,,,,,,,,,,,,
26/10/2025,MUJAHID,1360,,,,,,,,,,,,,,,,,,,,,,,,,,,,,,
26/10/2025,CHAHAN,1399,,,,,,,,,,,,,,,,,,,,,,,,,,,,,,
26/10/2025,MAHOTA,,,,,,,,,,,,,,,,,,,,,,,,,,,,,,,
27/10/2025,RAWAL,1751.7,,,,,,,,,,,,,,,,,,,,,,,,,,,,,,
27/10/2026,KHASALA,1331.4,,,,,,,,,,,,,,,,,,,,,,,,,,,,,,
27/10/2027,Dhok Sandymar,1726,,,,,,,,,,,,,,,,,,,,,,,,,,,,,,
27/10/2028,JAWA,1382.9,,,,,,,,,,,,,,,,,,,,,,,,,,,,,,
27/10/2029,MISRIOT,1630.4,,,,,,,,,,,,,,,,,,,,,,,,,,,,,,
27/10/2030,SHAKADARA,1187.4,,,,,,,,,,,,,,,,,,,,,,,,,,,,,,
27/10/2031,SIPIALA,1643.7,,,,,,,,,,,,,,,,,,,,,,,,,,,,,,
27/10/2032,HAJI SHAH,1036.6,,,,,,,,,,,,,,,,,,,,,,,,,,,,,,
27/10/2033,TALIKINA,1383.5,,,,,,,,,,,,,,,,,,,,,,,,,,,,,,
27/10/2034,QIBLA BANDI,1238.5,,,,,,,,,,,,,,,,,,,,,,,,,,,,,,
27/10/2035,MUJAHID,1360,,,,,,,,,,,,,,,,,,,,,,,,,,,,,,
27/10/2036,CHAHAN,1398.5,,,,,,,,,,,,,,,,,,,,,,,,,,,,,,
27/10/2037,MAHOTA,,,,,,,,,,,,,,,,,,,,,,,,,,,,,,,
28/10/2025,RAWAL,1751.7,,,,,,,,,,,,,,,,,,,,,,,,,,,,,,
28/10/2025,KHASALA,1331.4,,,,,,,,,,,,,,,,,,,,,,,,,,,,,,
28/10/2025,Dhok Sandymar,1725.9,,,,,,,,,,,,,,,,,,,,,,,,,,,,,,
28/10/2025,JAWA,1382.9,,,,,,,,,,,,,,,,,,,,,,,,,,,,,,
28/10/2025,MISRIOT,1630.4,,,,,,,,,,,,,,,,,,,,,,,,,,,,,,
28/10/2025,SHAKADARA,1187.4,,,,,,,,,,,,,,,,,,,,,,,,,,,,,,
28/10/2025,SIPIALA,1643.7,,,,,,,,,,,,,,,,,,,,,,,,,,,,,,
28/10/2025,HAJI SHAH,1036.55,,,,,,,,,,,,,,,,,,,,,,,,,,,,,,
28/10/2025,TALIKINA,1383.5,,,,,,,,,,,,,,,,,,,,,,,,,,,,,,
28/10/2025,QIBLA BANDI,1238.5,,,,,,,,,,,,,,,,,,,,,,,,,,,,,,
28/10/2025,MUJAHID,1360,,,,,,,,,,,,,,,,,,,,,,,,,,,,,,
28/10/2025,CHAHAN,1398.5,,,,,,,,,,,,,,,,,,,,,,,,,,,,,,
28/10/2025,MAHOTA,,,,,,,,,,,,,,,,,,,,,,,,,,,,,,,
29/10/2025,RAWAL,1751.6,,,,,,,,,,,,,,,,,,,,,,,,,,,,,,
29/10/2025,KHASALA,1331.2,,,,,,,,,,,,,,,,,,,,,,,,,,,,,,
29/10/2025,Dhok Sandymar,1725.9,,,,,,,,,,,,,,,,,,,,,,,,,,,,,,
29/10/2025,JAWA,1382.7,,,,,,,,,,,,,,,,,,,,,,,,,,,,,,
29/10/2025,MISRIOT,1630.2,,,,,,,,,,,,,,,,,,,,,,,,,,,,,,
29/10/2025,SHAKADARA,1187.3,,,,,,,,,,,,,,,,,,,,,,,,,,,,,,
29/10/2025,SIPIALA,1643.7,,,,,,,,,,,,,,,,,,,,,,,,,,,,,,
29/10/2025,HAJI SHAH,1036.5,,,,,,,,,,,,,,,,,,,,,,,,,,,,,,
29/10/2025,TALIKINA,1383.5,,,,,,,,,,,,,,,,,,,,,,,,,,,,,,
29/10/2025,QIBLA BANDI,1238.5,,,,,,,,,,,,,,,,,,,,,,,,,,,,,,
29/10/2025,MUJAHID,1360,,,,,,,,,,,,,,,,,,,,,,,,,,,,,,
29/10/2025,CHAHAN,1398.5,,,,,,,,,,,,,,,,,,,,,,,,,,,,,,
29/10/2025,MAHOTA,,,,,,,,,,,,,,,,,,,,,,,,,,,,,,,
30/10/2025,RAWAL,1751.6,,,,,,,,,,,,,,,,,,,,,,,,,,,,,,
30/10/2025,KHASALA,1331.2,,,,,,,,,,,,,,,,,,,,,,,,,,,,,,
30/10/2025,Dhok Sandymar,1725.8,,,,,,,,,,,,,,,,,,,,,,,,,,,,,,
30/10/2025,JAWA,1382.7,,,,,,,,,,,,,,,,,,,,,,,,,,,,,,
30/10/2025,MISRIOT,1630.2,,,,,,,,,,,,,,,,,,,,,,,,,,,,,,
30/10/2025,SHAKADARA,1187.3,,,,,,,,,,,,,,,,,,,,,,,,,,,,,,
30/10/2025,SIPIALA,1643.7,,,,,,,,,,,,,,,,,,,,,,,,,,,,,,
30/10/2025,HAJI SHAH,1036.55,,,,,,,,,,,,,,,,,,,,,,,,,,,,,,
30/10/2025,TALIKINA,1383.5,,,,,,,,,,,,,,,,,,,,,,,,,,,,,,
30/10/2025,QIBLA BANDI,1238.45,,,,,,,,,,,,,,,,,,,,,,,,,,,,,,
30/10/2025,MUJAHID,1360,,,,,,,,,,,,,,,,,,,,,,,,,,,,,,
30/10/2025,CHAHAN,1398.5,,,,,,,,,,,,,,,,,,,,,,,,,,,,,,
30/10/2025,MAHOTA,,,,,,,,,,,,,,,,,,,,,,,,,,,,,,,
31/10/2025,RAWAL,1751.6,,,,,,,,,,,,,,,,,,,,,,,,,,,,,,
31/10/2025,KHASALA,1331.2,,,,,,,,,,,,,,,,,,,,,,,,,,,,,,
31/10/2025,Dhok Sandymar,1725.7,,,,,,,,,,,,,,,,,,,,,,,,,,,,,,
31/10/2025,JAWA,1382.7,,,,,,,,,,,,,,,,,,,,,,,,,,,,,,
31/10/2025,MISRIOT,1630.2,,,,,,,,,,,,,,,,,,,,,,,,,,,,,,
31/10/2025,SHAKADARA,1187.3,,,,,,,,,,,,,,,,,,,,,,,,,,,,,,
31/10/2025,SIPIALA,1643.7,,,,,,,,,,,,,,,,,,,,,,,,,,,,,,
31/10/2025,HAJI SHAH,1036.55,,,,,,,,,,,,,,,,,,,,,,,,,,,,,,
31/10/2025,TALIKINA,1383.5,,,,,,,,,,,,,,,,,,,,,,,,,,,,,,
31/10/2025,QIBLA BANDI,1238.4,,,,,,,,,,,,,,,,,,,,,,,,,,,,,,
31/10/2025,MUJAHID,1360,,,,,,,,,,,,,,,,,,,,,,,,,,,,,,
31/10/2025,CHAHAN,1398.5,,,,,,,,,,,,,,,,,,,,,,,,,,,,,,
31/10/2025,MAHOTA,,,,,,,,,,,,,,,,,,,,,,,,,,,,,,,
1/11/2025,RAWAL,1751.6,,,,,,,,,,,,,,,,,,,,,,,,,,,,,,
1/11/2025,KHASALA,1331.2,,,,,,,,,,,,,,,,,,,,,,,,,,,,,,
1/11/2025,Dhok Sandymar,1725.8,,,,,,,,,,,,,,,,,,,,,,,,,,,,,,
1/11/2025,JAWA,1382.7,,,,,,,,,,,,,,,,,,,,,,,,,,,,,,
1/11/2025,MISRIOT,1630.2,,,,,,,,,,,,,,,,,,,,,,,,,,,,,,
1/11/2025,SHAKADARA,1187.3,,,,,,,,,,,,,,,,,,,,,,,,,,,,,,
1/11/2025,SIPIALA,1643.7,,,,,,,,,,,,,,,,,,,,,,,,,,,,,,
1/11/2025,HAJI SHAH,1036.55,,,,,,,,,,,,,,,,,,,,,,,,,,,,,,
1/11/2025,TALIKINA,1383.5,,,,,,,,,,,,,,,,,,,,,,,,,,,,,,
1/11/2025,QIBLA BANDI,1238.4,,,,,,,,,,,,,,,,,,,,,,,,,,,,,,
1/11/2025,MUJAHID,1360,,,,,,,,,,,,,,,,,,,,,,,,,,,,,,
1/11/2025,CHAHAN,1398.5,,,,,,,,,,,,,,,,,,,,,,,,,,,,,,
1/11/2025,MAHOTA,,,,,,,,,,,,,,,,,,,,,,,,,,,,,,,
2/11/2025,RAWAL,1751.6,,,,,,,,,,,,,,,,,,,,,,,,,,,,,,
2/11/2025,KHASALA,1331.2,,,,,,,,,,,,,,,,,,,,,,,,,,,,,,
2/11/2025,Dhok Sandymar,1725.8,,,,,,,,,,,,,,,,,,,,,,,,,,,,,,
2/11/2025,JAWA,1382.7,,,,,,,,,,,,,,,,,,,,,,,,,,,,,,
2/11/2025,MISRIOT,1630.2,,,,,,,,,,,,,,,,,,,,,,,,,,,,,,
2/11/2025,SHAKADARA,1187.2,,,,,,,,,,,,,,,,,,,,,,,,,,,,,,
2/11/2025,SIPIALA,1643.7,,,,,,,,,,,,,,,,,,,,,,,,,,,,,,
2/11/2025,HAJI SHAH,1036.5,,,,,,,,,,,,,,,,,,,,,,,,,,,,,,
2/11/2025,TALIKINA,1383.5,,,,,,,,,,,,,,,,,,,,,,,,,,,,,,
2/11/2025,QIBLA BANDI,1238.4,,,,,,,,,,,,,,,,,,,,,,,,,,,,,,
2/11/2025,MUJAHID,1360,,,,,,,,,,,,,,,,,,,,,,,,,,,,,,
2/11/2025,CHAHAN,1398.5,,,,,,,,,,,,,,,,,,,,,,,,,,,,,,
2/11/2025,MAHOTA,,,,,,,,,,,,,,,,,,,,,,,,,,,,,,,
3/11/2025,RAWAL,1751.6,,,,,,,,,,,,,,,,,,,,,,,,,,,,,,
3/11/2025,KHASALA,1331.1,,,,,,,,,,,,,,,,,,,,,,,,,,,,,,
3/11/2025,Dhok Sandymar,1725.8,,,,,,,,,,,,,,,,,,,,,,,,,,,,,,
3/11/2025,JAWA,1382.6,,,,,,,,,,,,,,,,,,,,,,,,,,,,,,
3/11/2025,MISRIOT,1630.1,,,,,,,,,,,,,,,,,,,,,,,,,,,,,,
3/11/2025,SHAKADARA,1187,,,,,,,,,,,,,,,,,,,,,,,,,,,,,,
3/11/2025,SIPIALA,1643.7,,,,,,,,,,,,,,,,,,,,,,,,,,,,,,
3/11/2025,HAJI SHAH,1036.5,,,,,,,,,,,,,,,,,,,,,,,,,,,,,,
3/11/2025,TALIKINA,1383.5,,,,,,,,,,,,,,,,,,,,,,,,,,,,,,
3/11/2025,QIBLA BANDI,1238.4,,,,,,,,,,,,,,,,,,,,,,,,,,,,,,
3/11/2025,MUJAHID,1360,,,,,,,,,,,,,,,,,,,,,,,,,,,,,,
3/11/2025,CHAHAN,1398.5,,,,,,,,,,,,,,,,,,,,,,,,,,,,,,
3/11/2025,MAHOTA,,,,,,,,,,,,,,,,,,,,,,,,,,,,,,,
4/11/2025,RAWAL,1751.6,,,,,,,,,,,,,,,,,,,,,,,,,,,,,,
4/11/2025,KHASALA,1331.1,,,,,,,,,,,,,,,,,,,,,,,,,,,,,,
4/11/2025,Dhok Sandymar,1725.8,,,,,,,,,,,,,,,,,,,,,,,,,,,,,,
4/11/2025,JAWA,1382.6,,,,,,,,,,,,,,,,,,,,,,,,,,,,,,
4/11/2025,MISRIOT,1630.1,,,,,,,,,,,,,,,,,,,,,,,,,,,,,,
4/11/2025,SHAKADARA,1187,,,,,,,,,,,,,,,,,,,,,,,,,,,,,,
4/11/2025,SIPIALA,1643.7,,,,,,,,,,,,,,,,,,,,,,,,,,,,,,
4/11/2025,HAJI SHAH,1036.5,,,,,,,,,,,,,,,,,,,,,,,,,,,,,,
4/11/2025,TALIKINA,1383.3,,,,,,,,,,,,,,,,,,,,,,,,,,,,,,
4/11/2025,QIBLA BANDI,1238.3,,,,,,,,,,,,,,,,,,,,,,,,,,,,,,
4/11/2025,MUJAHID,1360,,,,,,,,,,,,,,,,,,,,,,,,,,,,,,
4/11/2025,CHAHAN,1398.5,,,,,,,,,,,,,,,,,,,,,,,,,,,,,,
4/11/2025,MAHOTA,,,,,,,,,,,,,,,,,,,,,,,,,,,,,,,
5/11/2025,RAWAL,1751.5,,,,,,,,,,,,,,,,,,,,,,,,,,,,,,
5/11/2025,KHASALA,1331.1,,,,,,,,,,,,,,,,,,,,,,,,,,,,,,
5/11/2025,Dhok Sandymar,1725.8,,,,,,,,,,,,,,,,,,,,,,,,,,,,,,
5/11/2025,JAWA,1382.6,,,,,,,,,,,,,,,,,,,,,,,,,,,,,,
5/11/2025,MISRIOT,1630.1,,,,,,,,,,,,,,,,,,,,,,,,,,,,,,
5/11/2025,SHAKADARA,1187,,,,,,,,,,,,,,,,,,,,,,,,,,,,,,
5/11/2025,SIPIALA,1643.7,,,,,,,,,,,,,,,,,,,,,,,,,,,,,,
5/11/2025,HAJI SHAH,1036.5,,,,,,,,,,,,,,,,,,,,,,,,,,,,,,
5/11/2025,TALIKINA,1383.3,,,,,,,,,,,,,,,,,,,,,,,,,,,,,,
5/11/2025,QIBLA BANDI,1238.3,,,,,,,,,,,,,,,,,,,,,,,,,,,,,,
5/11/2025,MUJAHID,1360,,,,,,,,,,,,,,,,,,,,,,,,,,,,,,
5/11/2025,CHAHAN,1398.2,,,,,,,,,,,,,,,,,,,,,,,,,,,,,,
5/11/2025,MAHOTA,,,,,,,,,,,,,,,,,,,,,,,,,,,,,,,
6/11/2025,RAWAL,1751.5,,,,,,,,,,,,,,,,,,,,,,,,,,,,,,
6/11/2025,KHASALA,1331.1,,,,,,,,,,,,,,,,,,,,,,,,,,,,,,
6/11/2025,Dhok Sandymar,1725.8,,,,,,,,,,,,,,,,,,,,,,,,,,,,,,
6/11/2025,JAWA,1382.6,,,,,,,,,,,,,,,,,,,,,,,,,,,,,,
6/11/2025,MISRIOT,1630.1,,,,,,,,,,,,,,,,,,,,,,,,,,,,,,
6/11/2025,SHAKADARA,1186.95,,,,,,,,,,,,,,,,,,,,,,,,,,,,,,
6/11/2025,SIPIALA,1643.7,,,,,,,,,,,,,,,,,,,,,,,,,,,,,,
6/11/2025,HAJI SHAH,1036.4,,,,,,,,,,,,,,,,,,,,,,,,,,,,,,
6/11/2025,TALIKINA,1383.7,,,,,,,,,,,,,,,,,,,,,,,,,,,,,,
6/11/2025,QIBLA BANDI,1238.2,,,,,,,,,,,,,,,,,,,,,,,,,,,,,,
6/11/2025,MUJAHID,1360,,,,,,,,,,,,,,,,,,,,,,,,,,,,,,
6/11/2025,CHAHAN,1398.1,,,,,,,,,,,,,,,,,,,,,,,,,,,,,,
6/11/2025,MAHOTA,,,,,,,,,,,,,,,,,,,,,,,,,,,,,,,
7/11/2025,RAWAL,1751.4,,,,,,,,,,,,,,,,,,,,,,,,,,,,,,
7/11/2025,KHASALA,1331.1,,,,,,,,,,,,,,,,,,,,,,,,,,,,,,
7/11/2025,Dhok Sandymar,1725.7,,,,,,,,,,,,,,,,,,,,,,,,,,,,,,
7/11/2025,JAWA,1382.6,,,,,,,,,,,,,,,,,,,,,,,,,,,,,,
7/11/2025,MISRIOT,1630.1,,,,,,,,,,,,,,,,,,,,,,,,,,,,,,
7/11/2025,SHAKADARA,1186.95,,,,,,,,,,,,,,,,,,,,,,,,,,,,,,
7/11/2025,SIPIALA,1643.7,,,,,,,,,,,,,,,,,,,,,,,,,,,,,,
7/11/2025,HAJI SHAH,1036.4,,,,,,,,,,,,,,,,,,,,,,,,,,,,,,
7/11/2025,TALIKINA,1383.83,,,,,,,,,,,,,,,,,,,,,,,,,,,,,,
7/11/2025,QIBLA BANDI,1238.12,,,,,,,,,,,,,,,,,,,,,,,,,,,,,,
7/11/2025,MUJAHID,1360,,,,,,,,,,,,,,,,,,,,,,,,,,,,,,
7/11/2025,CHAHAN,1398.1,,,,,,,,,,,,,,,,,,,,,,,,,,,,,,
7/11/2025,MAHOTA,,,,,,,,,,,,,,,,,,,,,,,,,,,,,,,
8/11/2025,RAWAL,1751.4,,,,,,,,,,,,,,,,,,,,,,,,,,,,,,
8/11/2025,KHASALA,1331.1,,,,,,,,,,,,,,,,,,,,,,,,,,,,,,
8/11/2025,Dhok Sandymar,1725.7,,,,,,,,,,,,,,,,,,,,,,,,,,,,,,
8/11/2025,JAWA,1382.6,,,,,,,,,,,,,,,,,,,,,,,,,,,,,,
8/11/2025,MISRIOT,1630.1,,,,,,,,,,,,,,,,,,,,,,,,,,,,,,
8/11/2025,SHAKADARA,1186.95,,,,,,,,,,,,,,,,,,,,,,,,,,,,,,
8/11/2025,SIPIALA,1643.7,,,,,,,,,,,,,,,,,,,,,,,,,,,,,,
8/11/2025,HAJI SHAH,1036.4,,,,,,,,,,,,,,,,,,,,,,,,,,,,,,
8/11/2025,TALIKINA,1383.83,,,,,,,,,,,,,,,,,,,,,,,,,,,,,,
8/11/2025,QIBLA BANDI,1238.12,,,,,,,,,,,,,,,,,,,,,,,,,,,,,,
8/11/2025,MUJAHID,1360,,,,,,,,,,,,,,,,,,,,,,,,,,,,,,
8/11/2025,CHAHAN,1398.1,,,,,,,,,,,,,,,,,,,,,,,,,,,,,,
8/11/2025,MAHOTA,,,,,,,,,,,,,,,,,,,,,,,,,,,,,,,
9/11/2025,RAWAL,1751.6,,,,,,,,,,,,,,,,,,,,,,,,,,,,,,
9/11/2025,KHASALA,1331.2,,,,,,,,,,,,,,,,,,,,,,,,,,,,,,
9/11/2025,Dhok Sandymar,1725.8,,,,,,,,,,,,,,,,,,,,,,,,,,,,,,
9/11/2025,JAWA,1382.7,,,,,,,,,,,,,,,,,,,,,,,,,,,,,,
9/11/2025,MISRIOT,1630.2,,,,,,,,,,,,,,,,,,,,,,,,,,,,,,
9/11/2025,SHAKADARA,1187.3,,,,,,,,,,,,,,,,,,,,,,,,,,,,,,
9/11/2025,SIPIALA,1643.7,,,,,,,,,,,,,,,,,,,,,,,,,,,,,,
9/11/2025,HAJI SHAH,1036.55,,,,,,,,,,,,,,,,,,,,,,,,,,,,,,
9/11/2025,TALIKINA,1383.5,,,,,,,,,,,,,,,,,,,,,,,,,,,,,,
9/11/2025,QIBLA BANDI,1238.4,,,,,,,,,,,,,,,,,,,,,,,,,,,,,,
9/11/2025,MUJAHID,1360,,,,,,,,,,,,,,,,,,,,,,,,,,,,,,
9/11/2025,CHAHAN,1398.5,,,,,,,,,,,,,,,,,,,,,,,,,,,,,,
9/11/2025,MAHOTA,,,,,,,,,,,,,,,,,,,,,,,,,,,,,,,
10/11/2025,RAWAL,1751.6,,,,,,,,,,,,,,,,,,,,,,,,,,,,,,
10/11/2025,KHASALA,1331.2,,,,,,,,,,,,,,,,,,,,,,,,,,,,,,
10/11/2025,Dhok Sandymar,1725.8,,,,,,,,,,,,,,,,,,,,,,,,,,,,,,
10/11/2025,JAWA,1382.7,,,,,,,,,,,,,,,,,,,,,,,,,,,,,,
10/11/2025,MISRIOT,1630.2,,,,,,,,,,,,,,,,,,,,,,,,,,,,,,
10/11/2025,SHAKADARA,1187.3,,,,,,,,,,,,,,,,,,,,,,,,,,,,,,
10/11/2025,SIPIALA,1643.7,,,,,,,,,,,,,,,,,,,,,,,,,,,,,,
10/11/2025,HAJI SHAH,1036.55,,,,,,,,,,,,,,,,,,,,,,,,,,,,,,
10/11/2025,TALIKINA,1383.5,,,,,,,,,,,,,,,,,,,,,,,,,,,,,,
10/11/2025,QIBLA BANDI,1238.4,,,,,,,,,,,,,,,,,,,,,,,,,,,,,,
10/11/2025,MUJAHID,1360,,,,,,,,,,,,,,,,,,,,,,,,,,,,,,
10/11/2025,CHAHAN,1398.5,,,,,,,,,,,,,,,,,,,,,,,,,,,,,,
10/11/2025,MAHOTA,,,,,,,,,,,,,,,,,,,,,,,,,,,,,,,
11/11/2025,RAWAL,1751.3,,,,,,,,,,,,,,,,,,,,,,,,,,,,,,
11/11/2025,KHASALA,1331,,,,,,,,,,,,,,,,,,,,,,,,,,,,,,
11/11/2025,Dhok Sandymar,1725.7,,,,,,,,,,,,,,,,,,,,,,,,,,,,,,
11/11/2025,JAWA,1382.5,,,,,,,,,,,,,,,,,,,,,,,,,,,,,,
11/11/2025,MISRIOT,1630,,,,,,,,,,,,,,,,,,,,,,,,,,,,,,
11/11/2025,SHAKADARA,1186.85,,,,,,,,,,,,,,,,,,,,,,,,,,,,,,
11/11/2025,SIPIALA,1643.7,,,,,,,,,,,,,,,,,,,,,,,,,,,,,,
11/11/2025,HAJI SHAH,1036.3,,,,,,,,,,,,,,,,,,,,,,,,,,,,,,
11/11/2025,TALIKINA,1383,,,,,,,,,,,,,,,,,,,,,,,,,,,,,,
11/11/2025,QIBLA BANDI,1238,,,,,,,,,,,,,,,,,,,,,,,,,,,,,,
11/11/2025,MUJAHID,1360,,,,,,,,,,,,,,,,,,,,,,,,,,,,,,
11/11/2025,CHAHAN,1398.1,,,,,,,,,,,,,,,,,,,,,,,,,,,,,,
11/11/2025,MAHOTA,,,,,,,,,,,,,,,,,,,,,,,,,,,,,,,
12/11/2025,RAWAL,1751.2,,,,,,,,,,,,,,,,,,,,,,,,,,,,,,
12/11/2025,KHASALA,1330.9,,,,,,,,,,,,,,,,,,,,,,,,,,,,,,
12/11/2025,Dhok Sandymar,1725.7,,,,,,,,,,,,,,,,,,,,,,,,,,,,,,
12/11/2025,JAWA,1382.3,,,,,,,,,,,,,,,,,,,,,,,,,,,,,,
12/11/2025,MISRIOT,1629.9,,,,,,,,,,,,,,,,,,,,,,,,,,,,,,
12/11/2025,SHAKADARA,1186.85,,,,,,,,,,,,,,,,,,,,,,,,,,,,,,
12/11/2025,SIPIALA,1643.7,,,,,,,,,,,,,,,,,,,,,,,,,,,,,,
12/11/2025,HAJI SHAH,1036.25,,,,,,,,,,,,,,,,,,,,,,,,,,,,,,
12/11/2025,TALIKINA,1383,,,,,,,,,,,,,,,,,,,,,,,,,,,,,,
12/11/2025,QIBLA BANDI,1238,,,,,,,,,,,,,,,,,,,,,,,,,,,,,,
12/11/2025,MUJAHID,1360,,,,,,,,,,,,,,,,,,,,,,,,,,,,,,
12/11/2025,CHAHAN,1398.1,,,,,,,,,,,,,,,,,,,,,,,,,,,,,,
12/11/2025,MAHOTA,,,,,,,,,,,,,,,,,,,,,,,,,,,,,,,
13/11/2025,RAWAL,1751.2,,,,,,,,,,,,,,,,,,,,,,,,,,,,,,
13/11/2025,KHASALA,1330.9,,,,,,,,,,,,,,,,,,,,,,,,,,,,,,
13/11/2025,Dhok Sandymar,1725.7,,,,,,,,,,,,,,,,,,,,,,,,,,,,,,
13/11/2025,JAWA,1382.3,,,,,,,,,,,,,,,,,,,,,,,,,,,,,,
13/11/2025,MISRIOT,1629.9,,,,,,,,,,,,,,,,,,,,,,,,,,,,,,
13/11/2025,SHAKADARA,1186.8,,,,,,,,,,,,,,,,,,,,,,,,,,,,,,
13/11/2025,SIPIALA,1643.7,,,,,,,,,,,,,,,,,,,,,,,,,,,,,,
13/11/2025,HAJI SHAH,1036.2,,,,,,,,,,,,,,,,,,,,,,,,,,,,,,
13/11/2025,TALIKINA,1382.9,,,,,,,,,,,,,,,,,,,,,,,,,,,,,,
13/11/2025,QIBLA BANDI,1238,,,,,,,,,,,,,,,,,,,,,,,,,,,,,,
13/11/2025,MUJAHID,1360,,,,,,,,,,,,,,,,,,,,,,,,,,,,,,
13/11/2025,CHAHAN,1398.1,,,,,,,,,,,,,,,,,,,,,,,,,,,,,,
13/11/2025,MAHOTA,,,,,,,,,,,,,,,,,,,,,,,,,,,,,,,
14/11/2025,RAWAL,1751.1,,,,,,,,,,,,,,,,,,,,,,,,,,,,,,
14/11/2025,KHASALA,1330.9,,,,,,,,,,,,,,,,,,,,,,,,,,,,,,
14/11/2025,Dhok Sandymar,1725.6,,,,,,,,,,,,,,,,,,,,,,,,,,,,,,
14/11/2025,JAWA,1382.3,,,,,,,,,,,,,,,,,,,,,,,,,,,,,,
14/11/2025,MISRIOT,1629.9,,,,,,,,,,,,,,,,,,,,,,,,,,,,,,
14/11/2025,SHAKADARA,1186.8,,,,,,,,,,,,,,,,,,,,,,,,,,,,,,
14/11/2025,SIPIALA,1643.7,,,,,,,,,,,,,,,,,,,,,,,,,,,,,,
14/11/2025,HAJI SHAH,1036.15,,,,,,,,,,,,,,,,,,,,,,,,,,,,,,
14/11/2025,TALIKINA,1382.9,,,,,,,,,,,,,,,,,,,,,,,,,,,,,,
14/11/2025,QIBLA BANDI,1238,,,,,,,,,,,,,,,,,,,,,,,,,,,,,,
14/11/2025,MUJAHID,1360,,,,,,,,,,,,,,,,,,,,,,,,,,,,,,
14/11/2025,CHAHAN,1398.1,,,,,,,,,,,,,,,,,,,,,,,,,,,,,,
14/11/2025,MAHOTA,,,,,,,,,,,,,,,,,,,,,,,,,,,,,,,
15/11/2025,RAWAL,1751,,,,,,,,,,,,,,,,,,,,,,,,,,,,,,
15/11/2025,KHASALA,1330.9,,,,,,,,,,,,,,,,,,,,,,,,,,,,,,
15/11/2025,Dhok Sandymar,1725.6,,,,,,,,,,,,,,,,,,,,,,,,,,,,,,
15/11/2025,JAWA,1382.3,,,,,,,,,,,,,,,,,,,,,,,,,,,,,,
15/11/2025,MISRIOT,1629.9,,,,,,,,,,,,,,,,,,,,,,,,,,,,,,
15/11/2025,SHAKADARA,1186.75,,,,,,,,,,,,,,,,,,,,,,,,,,,,,,
15/11/2025,SIPIALA,1643.7,,,,,,,,,,,,,,,,,,,,,,,,,,,,,,
15/11/2025,HAJI SHAH,1036.15,,,,,,,,,,,,,,,,,,,,,,,,,,,,,,
15/11/2025,TALIKINA,1382.9,,,,,,,,,,,,,,,,,,,,,,,,,,,,,,
15/11/2025,QIBLA BANDI,1238,,,,,,,,,,,,,,,,,,,,,,,,,,,,,,
15/11/2025,MUJAHID,1360,,,,,,,,,,,,,,,,,,,,,,,,,,,,,,
15/11/2025,CHAHAN,1398.1,,,,,,,,,,,,,,,,,,,,,,,,,,,,,,
15/11/2025,MAHOTA,,,,,,,,,,,,,,,,,,,,,,,,,,,,,,,
16/11/2025,RAWAL,1751,,,,,,,,,,,,,,,,,,,,,,,,,,,,,,
16/11/2025,KHASALA,1330.9,,,,,,,,,,,,,,,,,,,,,,,,,,,,,,
16/11/2025,Dhok Sandymar,1725.6,,,,,,,,,,,,,,,,,,,,,,,,,,,,,,
16/11/2025,JAWA,1382.3,,,,,,,,,,,,,,,,,,,,,,,,,,,,,,
16/11/2025,MISRIOT,1629.9,,,,,,,,,,,,,,,,,,,,,,,,,,,,,,
16/11/2025,SHAKADARA,1186.75,,,,,,,,,,,,,,,,,,,,,,,,,,,,,,
16/11/2025,SIPIALA,1643.7,,,,,,,,,,,,,,,,,,,,,,,,,,,,,,
16/11/2025,HAJI SHAH,1036.1,,,,,,,,,,,,,,,,,,,,,,,,,,,,,,
16/11/2025,TALIKINA,1382.9,,,,,,,,,,,,,,,,,,,,,,,,,,,,,,
16/11/2025,QIBLA BANDI,1237.95,,,,,,,,,,,,,,,,,,,,,,,,,,,,,,
16/11/2025,MUJAHID,1360,,,,,,,,,,,,,,,,,,,,,,,,,,,,,,
16/11/2025,CHAHAN,1398.1,,,,,,,,,,,,,,,,,,,,,,,,,,,,,,
16/11/2025,MAHOTA,,,,,,,,,,,,,,,,,,,,,,,,,,,,,,,
17/11/2025,RAWAL,1750.9,,,,,,,,,,,,,,,,,,,,,,,,,,,,,,
17/11/2025,KHASALA,1330.8,,,,,,,,,,,,,,,,,,,,,,,,,,,,,,
17/11/2025,Dhok Sandymar,1725.6,,,,,,,,,,,,,,,,,,,,,,,,,,,,,,
17/11/2025,JAWA,1382.2,,,,,,,,,,,,,,,,,,,,,,,,,,,,,,
17/11/2025,MISRIOT,1629.8,,,,,,,,,,,,,,,,,,,,,,,,,,,,,,
17/11/2025,SHAKADARA,1185.5,,,,,,,,,,,,,,,,,,,,,,,,,,,,,,
17/11/2025,SIPIALA,1643.7,,,,,,,,,,,,,,,,,,,,,,,,,,,,,,
17/11/2025,HAJI SHAH,1036.1,,,,,,,,,,,,,,,,,,,,,,,,,,,,,,
17/11/2025,TALIKINA,1382.9,,,,,,,,,,,,,,,,,,,,,,,,,,,,,,
17/11/2025,QIBLA BANDI,1237.9,,,,,,,,,,,,,,,,,,,,,,,,,,,,,,
17/11/2025,MUJAHID,1360,,,,,,,,,,,,,,,,,,,,,,,,,,,,,,
17/11/2025,CHAHAN,1398.1,,,,,,,,,,,,,,,,,,,,,,,,,,,,,,
17/11/2025,MAHOTA,,,,,,,,,,,,,,,,,,,,,,,,,,,,,,,
18/11/2025,RAWAL,1750.9,,,,,,,,,,,,,,,,,,,,,,,,,,,,,,
18/11/2025,KHASALA,1330.8,,,,,,,,,,,,,,,,,,,,,,,,,,,,,,
18/11/2025,Dhok Sandymar,1725.1,,,,,,,,,,,,,,,,,,,,,,,,,,,,,,
18/11/2025,JAWA,1382.2,,,,,,,,,,,,,,,,,,,,,,,,,,,,,,
18/11/2025,MISRIOT,1629.8,,,,,,,,,,,,,,,,,,,,,,,,,,,,,,
18/11/2025,SHAKADARA,1185.5,,,,,,,,,,,,,,,,,,,,,,,,,,,,,,
18/11/2025,SIPIALA,1643.7,,,,,,,,,,,,,,,,,,,,,,,,,,,,,,
18/11/2025,HAJI SHAH,1036.1,,,,,,,,,,,,,,,,,,,,,,,,,,,,,,
18/11/2025,TALIKINA,1382.9,,,,,,,,,,,,,,,,,,,,,,,,,,,,,,
18/11/2025,QIBLA BANDI,1237.9,,,,,,,,,,,,,,,,,,,,,,,,,,,,,,
18/11/2025,MUJAHID,1360,,,,,,,,,,,,,,,,,,,,,,,,,,,,,,
18/11/2025,CHAHAN,1398.2,,,,,,,,,,,,,,,,,,,,,,,,,,,,,,
18/11/2025,MAHOTA,,,,,,,,,,,,,,,,,,,,,,,,,,,,,,,
19/11/2025,RAWAL,1750.9,,,,,,,,,,,,,,,,,,,,,,,,,,,,,,
19/11/2025,KHASALA,1330.8,,,,,,,,,,,,,,,,,,,,,,,,,,,,,,
19/11/2025,Dhok Sandymar,1725.1,,,,,,,,,,,,,,,,,,,,,,,,,,,,,,
19/11/2025,JAWA,1382.2,,,,,,,,,,,,,,,,,,,,,,,,,,,,,,
19/11/2025,MISRIOT,1629.8,,,,,,,,,,,,,,,,,,,,,,,,,,,,,,
19/11/2025,SHAKADARA,1184,,,,,,,,,,,,,,,,,,,,,,,,,,,,,,
19/11/2025,SIPIALA,1643.7,,,,,,,,,,,,,,,,,,,,,,,,,,,,,,
19/11/2025,HAJI SHAH,1036,,,,,,,,,,,,,,,,,,,,,,,,,,,,,,
19/11/2025,TALIKINA,1382.5,,,,,,,,,,,,,,,,,,,,,,,,,,,,,,
19/11/2025,QIBLA BANDI,1237.85,,,,,,,,,,,,,,,,,,,,,,,,,,,,,,
19/11/2025,MUJAHID,1360,,,,,,,,,,,,,,,,,,,,,,,,,,,,,,
19/11/2025,CHAHAN,1398.2,,,,,,,,,,,,,,,,,,,,,,,,,,,,,,
19/11/2025,MAHOTA,,,,,,,,,,,,,,,,,,,,,,,,,,,,,,,
20/11/2025,RAWAL,1750.9,,,,,,,,,,,,,,,,,,,,,,,,,,,,,,
20/11/2025,KHASALA,1330.7,,,,,,,,,,,,,,,,,,,,,,,,,,,,,,
20/11/2025,Dhok Sandymar,1725,,,,,,,,,,,,,,,,,,,,,,,,,,,,,,
20/11/2025,JAWA,1382.1,,,,,,,,,,,,,,,,,,,,,,,,,,,,,,
20/11/2025,MISRIOT,1629.8,,,,,,,,,,,,,,,,,,,,,,,,,,,,,,
20/11/2025,SHAKADARA,1183,,,,,,,,,,,,,,,,,,,,,,,,,,,,,,
20/11/2025,SIPIALA,1643.7,,,,,,,,,,,,,,,,,,,,,,,,,,,,,,
20/11/2025,HAJI SHAH,1035.95,,,,,,,,,,,,,,,,,,,,,,,,,,,,,,
20/11/2025,TALIKINA,1382.5,,,,,,,,,,,,,,,,,,,,,,,,,,,,,,
20/11/2025,QIBLA BANDI,1237.8,,,,,,,,,,,,,,,,,,,,,,,,,,,,,,
20/11/2025,MUJAHID,1360,,,,,,,,,,,,,,,,,,,,,,,,,,,,,,
20/11/2025,CHAHAN,1398.2,,,,,,,,,,,,,,,,,,,,,,,,,,,,,,
20/11/2025,MAHOTA,,,,,,,,,,,,,,,,,,,,,,,,,,,,,,,
21/11/2025,RAWAL,1750.9,,,,,,,,,,,,,,,,,,,,,,,,,,,,,,
21/11/2025,KHASALA,1330.7,,,,,,,,,,,,,,,,,,,,,,,,,,,,,,
21/11/2025,Dhok Sandymar,1725,,,,,,,,,,,,,,,,,,,,,,,,,,,,,,
21/11/2025,JAWA,1382.1,,,,,,,,,,,,,,,,,,,,,,,,,,,,,,
21/11/2025,MISRIOT,1629.8,,,,,,,,,,,,,,,,,,,,,,,,,,,,,,
21/11/2025,SHAKADARA,1182,,,,,,,,,,,,,,,,,,,,,,,,,,,,,,
21/11/2025,SIPIALA,1643.7,,,,,,,,,,,,,,,,,,,,,,,,,,,,,,
21/11/2025,HAJI SHAH,1035.95,,,,,,,,,,,,,,,,,,,,,,,,,,,,,,
21/11/2025,TALIKINA,1382.5,,,,,,,,,,,,,,,,,,,,,,,,,,,,,,
21/11/2025,QIBLA BANDI,1237.7,,,,,,,,,,,,,,,,,,,,,,,,,,,,,,
21/11/2025,MUJAHID,1360,,,,,,,,,,,,,,,,,,,,,,,,,,,,,,
21/11/2025,CHAHAN,1398.2,,,,,,,,,,,,,,,,,,,,,,,,,,,,,,
21/11/2025,MAHOTA,,,,,,,,,,,,,,,,,,,,,,,,,,,,,,,
22/11/2025,RAWAL,1750.8,,,,,,,,,,,,,,,,,,,,,,,,,,,,,,
22/11/2025,KHASALA,1330.7,,,,,,,,,,,,,,,,,,,,,,,,,,,,,,
22/11/2025,Dhok Sandymar,1724.8,,,,,,,,,,,,,,,,,,,,,,,,,,,,,,
22/11/2025,JAWA,1382.1,,,,,,,,,,,,,,,,,,,,,,,,,,,,,,
22/11/2025,MISRIOT,1629.8,,,,,,,,,,,,,,,,,,,,,,,,,,,,,,
22/11/2025,SHAKADARA,1181,,,,,,,,,,,,,,,,,,,,,,,,,,,,,,
22/11/2025,SIPIALA,1643.7,,,,,,,,,,,,,,,,,,,,,,,,,,,,,,
22/11/2025,HAJI SHAH,1035.95,,,,,,,,,,,,,,,,,,,,,,,,,,,,,,
22/11/2025,TALIKINA,1382.3,,,,,,,,,,,,,,,,,,,,,,,,,,,,,,
22/11/2025,QIBLA BANDI,1237.65,,,,,,,,,,,,,,,,,,,,,,,,,,,,,,
22/11/2025,MUJAHID,1360,,,,,,,,,,,,,,,,,,,,,,,,,,,,,,
22/11/2025,CHAHAN,1398.2,,,,,,,,,,,,,,,,,,,,,,,,,,,,,,
22/11/2025,MAHOTA,,,,,,,,,,,,,,,,,,,,,,,,,,,,,,,
23/11/2025,RAWAL,1750.7,,,,,,,,,,,,,,,,,,,,,,,,,,,,,,
23/11/2025,KHASALA,1330.7,,,,,,,,,,,,,,,,,,,,,,,,,,,,,,
23/11/2025,Dhok Sandymar,1724.7,,,,,,,,,,,,,,,,,,,,,,,,,,,,,,
23/11/2025,JAWA,1382.1,,,,,,,,,,,,,,,,,,,,,,,,,,,,,,
23/11/2025,MISRIOT,1629.8,,,,,,,,,,,,,,,,,,,,,,,,,,,,,,
23/11/2025,SHAKADARA,1180.5,,,,,,,,,,,,,,,,,,,,,,,,,,,,,,
23/11/2025,SIPIALA,1643.7,,,,,,,,,,,,,,,,,,,,,,,,,,,,,,
23/11/2025,HAJI SHAH,1035.9,,,,,,,,,,,,,,,,,,,,,,,,,,,,,,
23/11/2025,TALIKINA,1382.3,,,,,,,,,,,,,,,,,,,,,,,,,,,,,,
23/11/2025,QIBLA BANDI,1237.65,,,,,,,,,,,,,,,,,,,,,,,,,,,,,,
23/11/2025,MUJAHID,1360,,,,,,,,,,,,,,,,,,,,,,,,,,,,,,
23/11/2025,CHAHAN,1398.2,,,,,,,,,,,,,,,,,,,,,,,,,,,,,,
23/11/2025,MAHOTA,,,,,,,,,,,,,,,,,,,,,,,,,,,,,,,
24/11/2025,RAWAL,1750.7,,,,,,,,,,,,,,,,,,,,,,,,,,,,,,
24/11/2025,KHASALA,1330.7,,,,,,,,,,,,,,,,,,,,,,,,,,,,,,
24/11/2025,Dhok Sandymar,1724.7,,,,,,,,,,,,,,,,,,,,,,,,,,,,,,
24/11/2025,JAWA,1382.1,,,,,,,,,,,,,,,,,,,,,,,,,,,,,,
24/11/2025,MISRIOT,1629.8,,,,,,,,,,,,,,,,,,,,,,,,,,,,,,
24/11/2025,SHAKADARA,1180.5,,,,,,,,,,,,,,,,,,,,,,,,,,,,,,
24/11/2025,SIPIALA,1643.7,,,,,,,,,,,,,,,,,,,,,,,,,,,,,,
24/11/2025,HAJI SHAH,1035.9,,,,,,,,,,,,,,,,,,,,,,,,,,,,,,
24/11/2025,TALIKINA,1382.3,,,,,,,,,,,,,,,,,,,,,,,,,,,,,,
24/11/2025,QIBLA BANDI,1237.6,,,,,,,,,,,,,,,,,,,,,,,,,,,,,,
24/11/2025,MUJAHID,1360,,,,,,,,,,,,,,,,,,,,,,,,,,,,,,
24/11/2025,CHAHAN,1398.2,,,,,,,,,,,,,,,,,,,,,,,,,,,,,,
24/11/2025,MAHOTA,,,,,,,,,,,,,,,,,,,,,,,,,,,,,,,
25/11/2025,RAWAL,1750.7,,,,,,,,,,,,,,,,,,,,,,,,,,,,,,
25/11/2025,KHASALA,1330.6,,,,,,,,,,,,,,,,,,,,,,,,,,,,,,
25/11/2025,Dhok Sandymar,1724.7,,,,,,,,,,,,,,,,,,,,,,,,,,,,,,
25/11/2025,JAWA,1382,,,,,,,,,,,,,,,,,,,,,,,,,,,,,,
25/11/2025,MISRIOT,1629.8,,,,,,,,,,,,,,,,,,,,,,,,,,,,,,
25/11/2025,SHAKADARA,1180.2,,,,,,,,,,,,,,,,,,,,,,,,,,,,,,
25/11/2025,SIPIALA,1643.7,,,,,,,,,,,,,,,,,,,,,,,,,,,,,,
25/11/2025,HAJI SHAH,1035.9,,,,,,,,,,,,,,,,,,,,,,,,,,,,,,
25/11/2025,TALIKINA,1382,,,,,,,,,,,,,,,,,,,,,,,,,,,,,,
25/11/2025,QIBLA BANDI,1237.6,,,,,,,,,,,,,,,,,,,,,,,,,,,,,,
25/11/2025,MUJAHID,1360,,,,,,,,,,,,,,,,,,,,,,,,,,,,,,
25/11/2025,CHAHAN,1398.2,,,,,,,,,,,,,,,,,,,,,,,,,,,,,,
25/11/2025,MAHOTA,,,,,,,,,,,,,,,,,,,,,,,,,,,,,,,
26/11/2025,RAWAL,1750.6,,,,,,,,,,,,,,,,,,,,,,,,,,,,,,
26/11/2025,KHASALA,1330.6,,,,,,,,,,,,,,,,,,,,,,,,,,,,,,
26/11/2025,Dhok Sandymar,1724.7,,,,,,,,,,,,,,,,,,,,,,,,,,,,,,
26/11/2025,JAWA,1382,,,,,,,,,,,,,,,,,,,,,,,,,,,,,,
26/11/2025,MISRIOT,1629.8,,,,,,,,,,,,,,,,,,,,,,,,,,,,,,
26/11/2025,SHAKADARA,1180.2,,,,,,,,,,,,,,,,,,,,,,,,,,,,,,
26/11/2025,SIPIALA,1643.7,,,,,,,,,,,,,,,,,,,,,,,,,,,,,,
26/11/2025,HAJI SHAH,1035.9,,,,,,,,,,,,,,,,,,,,,,,,,,,,,,
26/11/2025,TALIKINA,1382,,,,,,,,,,,,,,,,,,,,,,,,,,,,,,
26/11/2025,QIBLA BANDI,1237.6,,,,,,,,,,,,,,,,,,,,,,,,,,,,,,
26/11/2025,MUJAHID,1360,,,,,,,,,,,,,,,,,,,,,,,,,,,,,,
26/11/2025,CHAHAN,1398.2,,,,,,,,,,,,,,,,,,,,,,,,,,,,,,
26/11/2025,MAHOTA,,,,,,,,,,,,,,,,,,,,,,,,,,,,,,,
27/11/2025,RAWAL,1750.6,,,,,,,,,,,,,,,,,,,,,,,,,,,,,,
27/11/2025,KHASALA,1330.5,,,,,,,,,,,,,,,,,,,,,,,,,,,,,,
27/11/2025,Dhok Sandymar,1724.7,,,,,,,,,,,,,,,,,,,,,,,,,,,,,,
27/11/2025,JAWA,1381.9,,,,,,,,,,,,,,,,,,,,,,,,,,,,,,
27/11/2025,MISRIOT,1629.8,,,,,,,,,,,,,,,,,,,,,,,,,,,,,,
27/11/2025,SHAKADARA,1179.5,,,,,,,,,,,,,,,,,,,,,,,,,,,,,,
27/11/2025,SIPIALA,1643.7,,,,,,,,,,,,,,,,,,,,,,,,,,,,,,
27/11/2025,HAJI SHAH,1035.8,,,,,,,,,,,,,,,,,,,,,,,,,,,,,,
27/11/2025,TALIKINA,1382,,,,,,,,,,,,,,,,,,,,,,,,,,,,,,
27/11/2025,QIBLA BANDI,1237.5,,,,,,,,,,,,,,,,,,,,,,,,,,,,,,
27/11/2025,MUJAHID,1360,,,,,,,,,,,,,,,,,,,,,,,,,,,,,,
27/11/2025,CHAHAN,1398.2,,,,,,,,,,,,,,,,,,,,,,,,,,,,,,
27/11/2025,MAHOTA,,,,,,,,,,,,,,,,,,,,,,,,,,,,,,,
28/11/2025,RAWAL,1750.6,,,,,,,,,,,,,,,,,,,,,,,,,,,,,,
28/11/2025,KHASALA,1330.5,,,,,,,,,,,,,,,,,,,,,,,,,,,,,,
28/11/2025,Dhok Sandymar,1724.7,,,,,,,,,,,,,,,,,,,,,,,,,,,,,,
28/11/2025,JAWA,1381.9,,,,,,,,,,,,,,,,,,,,,,,,,,,,,,
28/11/2025,MISRIOT,1629.8,,,,,,,,,,,,,,,,,,,,,,,,,,,,,,
28/11/2025,SHAKADARA,1179.2,,,,,,,,,,,,,,,,,,,,,,,,,,,,,,
28/11/2025,SIPIALA,1643.6,,,,,,,,,,,,,,,,,,,,,,,,,,,,,,
28/11/2025,HAJI SHAH,1035.8,,,,,,,,,,,,,,,,,,,,,,,,,,,,,,
28/11/2025,TALIKINA,1382,,,,,,,,,,,,,,,,,,,,,,,,,,,,,,
28/11/2025,QIBLA BANDI,1237.5,,,,,,,,,,,,,,,,,,,,,,,,,,,,,,
28/11/2025,MUJAHID,1360,,,,,,,,,,,,,,,,,,,,,,,,,,,,,,
28/11/2025,CHAHAN,1398.2,,,,,,,,,,,,,,,,,,,,,,,,,,,,,,
28/11/2025,MAHOTA,,,,,,,,,,,,,,,,,,,,,,,,,,,,,,,
29/11/2025,RAWAL,1750.5,,,,,,,,,,,,,,,,,,,,,,,,,,,,,,
29/11/2025,KHASALA,1330.5,,,,,,,,,,,,,,,,,,,,,,,,,,,,,,
29/11/2025,Dhok Sandymar,1724.7,,,,,,,,,,,,,,,,,,,,,,,,,,,,,,
29/11/2025,JAWA,1381.9,,,,,,,,,,,,,,,,,,,,,,,,,,,,,,
29/11/2025,MISRIOT,1629.8,,,,,,,,,,,,,,,,,,,,,,,,,,,,,,
29/11/2025,SHAKADARA,1179.2,,,,,,,,,,,,,,,,,,,,,,,,,,,,,,
29/11/2025,SIPIALA,1643.6,,,,,,,,,,,,,,,,,,,,,,,,,,,,,,
29/11/2025,HAJI SHAH,1035.8,,,,,,,,,,,,,,,,,,,,,,,,,,,,,,
29/11/2025,TALIKINA,1382,,,,,,,,,,,,,,,,,,,,,,,,,,,,,,
29/11/2025,QIBLA BANDI,1237.5,,,,,,,,,,,,,,,,,,,,,,,,,,,,,,
29/11/2025,MUJAHID,1360,,,,,,,,,,,,,,,,,,,,,,,,,,,,,,
29/11/2025,CHAHAN,1398.2,,,,,,,,,,,,,,,,,,,,,,,,,,,,,,
29/11/2025,MAHOTA,,,,,,,,,,,,,,,,,,,,,,,,,,,,,,,
30/11/2025,RAWAL,1750.5,,,,,,,,,,,,,,,,,,,,,,,,,,,,,,
30/11/2025,KHASALA,1330.4,,,,,,,,,,,,,,,,,,,,,,,,,,,,,,
30/11/2025,Dhok Sandymar,1724.7,,,,,,,,,,,,,,,,,,,,,,,,,,,,,,
30/11/2025,JAWA,1381.8,,,,,,,,,,,,,,,,,,,,,,,,,,,,,,
30/11/2025,MISRIOT,1629.8,,,,,,,,,,,,,,,,,,,,,,,,,,,,,,
30/11/2025,SHAKADARA,1179.2,,,,,,,,,,,,,,,,,,,,,,,,,,,,,,
30/11/2025,SIPIALA,1643.6,,,,,,,,,,,,,,,,,,,,,,,,,,,,,,
30/11/2025,HAJI SHAH,1035.75,,,,,,,,,,,,,,,,,,,,,,,,,,,,,,
30/11/2025,TALIKINA,1381.2,,,,,,,,,,,,,,,,,,,,,,,,,,,,,,
30/11/2025,QIBLA BANDI,1237.5,,,,,,,,,,,,,,,,,,,,,,,,,,,,,,
30/11/2025,MUJAHID,1360,,,,,,,,,,,,,,,,,,,,,,,,,,,,,,
30/11/2025,CHAHAN,1398.2,,,,,,,,,,,,,,,,,,,,,,,,,,,,,,
30/11/2025,MAHOTA,,,,,,,,,,,,,,,,,,,,,,,,,,,,,,,
1/12/2025,RAWAL,1750.4,,,,,,,,,,,,,,,,,,,,,,,,,,,,,,
1/12/2025,KHASALA,1330.4,,,,,,,,,,,,,,,,,,,,,,,,,,,,,,
1/12/2025,Dhok Sandymar,1724.4,,,,,,,,,,,,,,,,,,,,,,,,,,,,,,
1/12/2025,JAWA,1381.8,,,,,,,,,,,,,,,,,,,,,,,,,,,,,,
1/12/2025,MISRIOT,1629.8,,,,,,,,,,,,,,,,,,,,,,,,,,,,,,
1/12/2025,SHAKADARA,1179,,,,,,,,,,,,,,,,,,,,,,,,,,,,,,
1/12/2025,SIPIALA,1643.6,,,,,,,,,,,,,,,,,,,,,,,,,,,,,,
1/12/2025,HAJI SHAH,1035.75,,,,,,,,,,,,,,,,,,,,,,,,,,,,,,
1/12/2025,TALIKINA,1381,,,,,,,,,,,,,,,,,,,,,,,,,,,,,,
1/12/2025,QIBLA BANDI,1237.5,,,,,,,,,,,,,,,,,,,,,,,,,,,,,,
1/12/2025,MUJAHID,1360,,,,,,,,,,,,,,,,,,,,,,,,,,,,,,
1/12/2025,CHAHAN,1398.2,,,,,,,,,,,,,,,,,,,,,,,,,,,,,,
1/12/2025,MAHOTA,,,,,,,,,,,,,,,,,,,,,,,,,,,,,,,
2/12/2025,RAWAL,1750.3,,,,,,,,,,,,,,,,,,,,,,,,,,,,,,
2/12/2025,KHASALA,1330.4,,,,,,,,,,,,,,,,,,,,,,,,,,,,,,
2/12/2025,Dhok Sandymar,1724.3,,,,,,,,,,,,,,,,,,,,,,,,,,,,,,
2/12/2025,JAWA,1381.8,,,,,,,,,,,,,,,,,,,,,,,,,,,,,,
2/12/2025,MISRIOT,1629.8,,,,,,,,,,,,,,,,,,,,,,,,,,,,,,
2/12/2025,SHAKADARA,1178,,,,,,,,,,,,,,,,,,,,,,,,,,,,,,
2/12/2025,SIPIALA,1643.6,,,,,,,,,,,,,,,,,,,,,,,,,,,,,,
2/12/2025,HAJI SHAH,1035.75,,,,,,,,,,,,,,,,,,,,,,,,,,,,,,
2/12/2025,TALIKINA,1380.9,,,,,,,,,,,,,,,,,,,,,,,,,,,,,,
2/12/2025,QIBLA BANDI,1237.45,,,,,,,,,,,,,,,,,,,,,,,,,,,,,,
2/12/2025,MUJAHID,1360,,,,,,,,,,,,,,,,,,,,,,,,,,,,,,
2/12/2025,CHAHAN,1398.2,,,,,,,,,,,,,,,,,,,,,,,,,,,,,,
2/12/2025,MAHOTA,,,,,,,,,,,,,,,,,,,,,,,,,,,,,,,
3/12/2025,RAWAL,1750.3,,,,,,,,,,,,,,,,,,,,,,,,,,,,,,
3/12/2025,KHASALA,1330.4,,,,,,,,,,,,,,,,,,,,,,,,,,,,,,
3/12/2025,Dhok Sandymar,1724.2,,,,,,,,,,,,,,,,,,,,,,,,,,,,,,
3/12/2025,JAWA,1381.8,,,,,,,,,,,,,,,,,,,,,,,,,,,,,,
3/12/2025,MISRIOT,1629.8,,,,,,,,,,,,,,,,,,,,,,,,,,,,,,
3/12/2025,SHAKADARA,1178,,,,,,,,,,,,,,,,,,,,,,,,,,,,,,
3/12/2025,SIPIALA,1643.6,,,,,,,,,,,,,,,,,,,,,,,,,,,,,,
3/12/2025,HAJI SHAH,1035.75,,,,,,,,,,,,,,,,,,,,,,,,,,,,,,
3/12/2025,TALIKINA,1380.7,,,,,,,,,,,,,,,,,,,,,,,,,,,,,,
3/12/2025,QIBLA BANDI,1237.45,,,,,,,,,,,,,,,,,,,,,,,,,,,,,,
3/12/2025,MUJAHID,1360,,,,,,,,,,,,,,,,,,,,,,,,,,,,,,
3/12/2025,CHAHAN,1398.2,,,,,,,,,,,,,,,,,,,,,,,,,,,,,,
3/12/2025,MAHOTA,,,,,,,,,,,,,,,,,,,,,,,,,,,,,,,
4/12/2025,RAWAL,1750.3,,,,,,,,,,,,,,,,,,,,,,,,,,,,,,
4/12/2025,KHASALA,1330.3,,,,,,,,,,,,,,,,,,,,,,,,,,,,,,
4/12/2025,Dhok Sandymar,1724.2,,,,,,,,,,,,,,,,,,,,,,,,,,,,,,
4/12/2025,JAWA,1381.7,,,,,,,,,,,,,,,,,,,,,,,,,,,,,,
4/12/2025,MISRIOT,1629.8,,,,,,,,,,,,,,,,,,,,,,,,,,,,,,
4/12/2025,SHAKADARA,1177.5,,,,,,,,,,,,,,,,,,,,,,,,,,,,,,
4/12/2025,SIPIALA,1643.6,,,,,,,,,,,,,,,,,,,,,,,,,,,,,,
4/12/2025,HAJI SHAH,1035.75,,,,,,,,,,,,,,,,,,,,,,,,,,,,,,
4/12/2025,TALIKINA,1380.5,,,,,,,,,,,,,,,,,,,,,,,,,,,,,,
4/12/2025,QIBLA BANDI,1237.45,,,,,,,,,,,,,,,,,,,,,,,,,,,,,,
4/12/2025,MUJAHID,1360,,,,,,,,,,,,,,,,,,,,,,,,,,,,,,
4/12/2025,CHAHAN,1398.2,,,,,,,,,,,,,,,,,,,,,,,,,,,,,,
4/12/2025,MAHOTA,,,,,,,,,,,,,,,,,,,,,,,,,,,,,,,
5/12/2025,RAWAL,1750.2,,,,,,,,,,,,,,,,,,,,,,,,,,,,,,
5/12/2025,KHASALA,1330.3,,,,,,,,,,,,,,,,,,,,,,,,,,,,,,
5/12/2025,Dhok Sandymar,1724.2,,,,,,,,,,,,,,,,,,,,,,,,,,,,,,
5/12/2025,JAWA,1381.7,,,,,,,,,,,,,,,,,,,,,,,,,,,,,,
5/12/2025,MISRIOT,1629.8,,,,,,,,,,,,,,,,,,,,,,,,,,,,,,
5/12/2025,SHAKADARA,1177.5,,,,,,,,,,,,,,,,,,,,,,,,,,,,,,
5/12/2025,SIPIALA,1643.6,,,,,,,,,,,,,,,,,,,,,,,,,,,,,,
5/12/2025,HAJI SHAH,1035.75,,,,,,,,,,,,,,,,,,,,,,,,,,,,,,
5/12/2025,TALIKINA,1380.3,,,,,,,,,,,,,,,,,,,,,,,,,,,,,,
5/12/2025,QIBLA BANDI,1237.45,,,,,,,,,,,,,,,,,,,,,,,,,,,,,,
5/12/2025,MUJAHID,1360,,,,,,,,,,,,,,,,,,,,,,,,,,,,,,
5/12/2025,CHAHAN,1398.2,,,,,,,,,,,,,,,,,,,,,,,,,,,,,,
5/12/2025,MAHOTA,,,,,,,,,,,,,,,,,,,,,,,,,,,,,,,
6/12/2025,RAWAL,1750.2,,,,,,,,,,,,,,,,,,,,,,,,,,,,,,
6/12/2025,KHASALA,1330.3,,,,,,,,,,,,,,,,,,,,,,,,,,,,,,
6/12/2025,Dhok Sandymar,1724.2,,,,,,,,,,,,,,,,,,,,,,,,,,,,,,
6/12/2025,JAWA,1381.7,,,,,,,,,,,,,,,,,,,,,,,,,,,,,,
6/12/2025,MISRIOT,1629.8,,,,,,,,,,,,,,,,,,,,,,,,,,,,,,
6/12/2025,SHAKADARA,1177.5,,,,,,,,,,,,,,,,,,,,,,,,,,,,,,
6/12/2025,SIPIALA,1643.5,,,,,,,,,,,,,,,,,,,,,,,,,,,,,,
6/12/2025,HAJI SHAH,1035.7,,,,,,,,,,,,,,,,,,,,,,,,,,,,,,
6/12/2025,TALIKINA,1380.3,,,,,,,,,,,,,,,,,,,,,,,,,,,,,,
6/12/2025,QIBLA BANDI,1237.4,,,,,,,,,,,,,,,,,,,,,,,,,,,,,,
6/12/2025,MUJAHID,1360,,,,,,,,,,,,,,,,,,,,,,,,,,,,,,
6/12/2025,CHAHAN,1398.2,,,,,,,,,,,,,,,,,,,,,,,,,,,,,,
6/12/2025,MAHOTA,,,,,,,,,,,,,,,,,,,,,,,,,,,,,,,
7/12/2025,RAWAL,1750.1,,,,,,,,,,,,,,,,,,,,,,,,,,,,,,
7/12/2025,KHASALA,1330.3,,,,,,,,,,,,,,,,,,,,,,,,,,,,,,
7/12/2025,Dhok Sandymar,1724.2,,,,,,,,,,,,,,,,,,,,,,,,,,,,,,
7/12/2025,JAWA,1381.7,,,,,,,,,,,,,,,,,,,,,,,,,,,,,,
7/12/2025,MISRIOT,1629.8,,,,,,,,,,,,,,,,,,,,,,,,,,,,,,
7/12/2025,SHAKADARA,1177.5,,,,,,,,,,,,,,,,,,,,,,,,,,,,,,
7/12/2025,SIPIALA,1643.5,,,,,,,,,,,,,,,,,,,,,,,,,,,,,,
7/12/2025,HAJI SHAH,1035.7,,,,,,,,,,,,,,,,,,,,,,,,,,,,,,
7/12/2025,TALIKINA,1379.9,,,,,,,,,,,,,,,,,,,,,,,,,,,,,,
7/12/2025,QIBLA BANDI,1237.4,,,,,,,,,,,,,,,,,,,,,,,,,,,,,,
7/12/2025,MUJAHID,1360,,,,,,,,,,,,,,,,,,,,,,,,,,,,,,
7/12/2025,CHAHAN,1398.2,,,,,,,,,,,,,,,,,,,,,,,,,,,,,,
7/12/2025,MAHOTA,,,,,,,,,,,,,,,,,,,,,,,,,,,,,,,
8/12/2025,RAWAL,1750.1,,,,,,,,,,,,,,,,,,,,,,,,,,,,,,
8/12/2025,KHASALA,1330.3,,,,,,,,,,,,,,,,,,,,,,,,,,,,,,
8/12/2025,Dhok Sandymar,1724,,,,,,,,,,,,,,,,,,,,,,,,,,,,,,
8/12/2025,JAWA,1381.7,,,,,,,,,,,,,,,,,,,,,,,,,,,,,,
8/12/2025,MISRIOT,1629.8,,,,,,,,,,,,,,,,,,,,,,,,,,,,,,
8/12/2025,SHAKADARA,1176.5,,,,,,,,,,,,,,,,,,,,,,,,,,,,,,
8/12/2025,SIPIALA,1643.5,,,,,,,,,,,,,,,,,,,,,,,,,,,,,,
8/12/2025,HAJI SHAH,1035.7,,,,,,,,,,,,,,,,,,,,,,,,,,,,,,
8/12/2025,TALIKINA,1379.7,,,,,,,,,,,,,,,,,,,,,,,,,,,,,,
8/12/2025,QIBLA BANDI,1237.4,,,,,,,,,,,,,,,,,,,,,,,,,,,,,,
8/12/2025,MUJAHID,1360,,,,,,,,,,,,,,,,,,,,,,,,,,,,,,
8/12/2025,CHAHAN,1398.2,,,,,,,,,,,,,,,,,,,,,,,,,,,,,,
8/12/2025,MAHOTA,,,,,,,,,,,,,,,,,,,,,,,,,,,,,,,
9/12/2025,RAWAL,1750,,,,,,,,,,,,,,,,,,,,,,,,,,,,,,
9/12/2025,KHASALA,1330.3,,,,,,,,,,,,,,,,,,,,,,,,,,,,,,
9/12/2025,Dhok Sandymar,1724,,,,,,,,,,,,,,,,,,,,,,,,,,,,,,
9/12/2025,JAWA,1381.7,,,,,,,,,,,,,,,,,,,,,,,,,,,,,,
9/12/2025,MISRIOT,1629.8,,,,,,,,,,,,,,,,,,,,,,,,,,,,,,
9/12/2025,SHAKADARA,1176.3,,,,,,,,,,,,,,,,,,,,,,,,,,,,,,
9/12/2025,SIPIALA,1643.5,,,,,,,,,,,,,,,,,,,,,,,,,,,,,,
9/12/2025,HAJI SHAH,1035.7,,,,,,,,,,,,,,,,,,,,,,,,,,,,,,
9/12/2025,TALIKINA,1379.7,,,,,,,,,,,,,,,,,,,,,,,,,,,,,,
9/12/2025,QIBLA BANDI,1237.35,,,,,,,,,,,,,,,,,,,,,,,,,,,,,,
9/12/2025,MUJAHID,1360,,,,,,,,,,,,,,,,,,,,,,,,,,,,,,
9/12/2025,CHAHAN,1398.1,,,,,,,,,,,,,,,,,,,,,,,,,,,,,,
9/12/2025,MAHOTA,,,,,,,,,,,,,,,,,,,,,,,,,,,,,,,
10/12/2025,RAWAL,1749.9,,,,,,,,,,,,,,,,,,,,,,,,,,,,,,
10/12/2025,KHASALA,1330.2,,,,,,,,,,,,,,,,,,,,,,,,,,,,,,
10/12/2025,Dhok Sandymar,1724,,,,,,,,,,,,,,,,,,,,,,,,,,,,,,
10/12/2025,JAWA,1381.6,,,,,,,,,,,,,,,,,,,,,,,,,,,,,,
10/12/2025,MISRIOT,1629.8,,,,,,,,,,,,,,,,,,,,,,,,,,,,,,
10/12/2025,SHAKADARA,1176.1,,,,,,,,,,,,,,,,,,,,,,,,,,,,,,
10/12/2025,SIPIALA,1643.5,,,,,,,,,,,,,,,,,,,,,,,,,,,,,,
10/12/2025,HAJI SHAH,1035.65,,,,,,,,,,,,,,,,,,,,,,,,,,,,,,
10/12/2025,TALIKINA,1379.3,,,,,,,,,,,,,,,,,,,,,,,,,,,,,,
10/12/2025,QIBLA BANDI,1237.35,,,,,,,,,,,,,,,,,,,,,,,,,,,,,,
10/12/2025,MUJAHID,1360,,,,,,,,,,,,,,,,,,,,,,,,,,,,,,
10/12/2025,CHAHAN,1398.1,,,,,,,,,,,,,,,,,,,,,,,,,,,,,,
10/12/2025,MAHOTA,,,,,,,,,,,,,,,,,,,,,,,,,,,,,,,
12/12/2025,RAWAL,1749.9,,,,,,,,,,,,,,,,,,,,,,,,,,,,,,
12/12/2025,KHASALA,1330.2,,,,,,,,,,,,,,,,,,,,,,,,,,,,,,
12/12/2025,Dhok Sandymar,1724,,,,,,,,,,,,,,,,,,,,,,,,,,,,,,
12/12/2025,JAWA,1381.6,,,,,,,,,,,,,,,,,,,,,,,,,,,,,,
12/12/2025,MISRIOT,1629.8,,,,,,,,,,,,,,,,,,,,,,,,,,,,,,
12/12/2025,SHAKADARA,1176.1,,,,,,,,,,,,,,,,,,,,,,,,,,,,,,
12/12/2025,SIPIALA,1643.5,,,,,,,,,,,,,,,,,,,,,,,,,,,,,,
12/12/2025,HAJI SHAH,1035.65,,,,,,,,,,,,,,,,,,,,,,,,,,,,,,
12/12/2025,TALIKINA,1379.1,,,,,,,,,,,,,,,,,,,,,,,,,,,,,,
12/12/2025,QIBLA BANDI,1237.35,,,,,,,,,,,,,,,,,,,,,,,,,,,,,,
12/12/2025,MUJAHID,1360,,,,,,,,,,,,,,,,,,,,,,,,,,,,,,
12/12/2025,CHAHAN,1398.1,,,,,,,,,,,,,,,,,,,,,,,,,,,,,,
12/12/2025,MAHOTA,,,,,,,,,,,,,,,,,,,,,,,,,,,,,,,
12/12/2025,RAWAL,1749.9,,,,,,,,,,,,,,,,,,,,,,,,,,,,,,
12/12/2025,KHASALA,1330.1,,,,,,,,,,,,,,,,,,,,,,,,,,,,,,
12/12/2025,Dhok Sandymar,1724,,,,,,,,,,,,,,,,,,,,,,,,,,,,,,
12/12/2025,JAWA,1381.5,,,,,,,,,,,,,,,,,,,,,,,,,,,,,,
12/12/2025,MISRIOT,1629.8,,,,,,,,,,,,,,,,,,,,,,,,,,,,,,
12/12/2025,SHAKADARA,1176,,,,,,,,,,,,,,,,,,,,,,,,,,,,,,
12/12/2025,SIPIALA,1643.5,,,,,,,,,,,,,,,,,,,,,,,,,,,,,,
12/12/2025,HAJI SHAH,1035.65,,,,,,,,,,,,,,,,,,,,,,,,,,,,,,
12/12/2025,TALIKINA,1379,,,,,,,,,,,,,,,,,,,,,,,,,,,,,,
12/12/2025,QIBLA BANDI,1237.35,,,,,,,,,,,,,,,,,,,,,,,,,,,,,,
12/12/2025,MUJAHID,1360,,,,,,,,,,,,,,,,,,,,,,,,,,,,,,
12/12/2025,CHAHAN,1398.1,,,,,,,,,,,,,,,,,,,,,,,,,,,,,,
12/12/2025,MAHOTA,,,,,,,,,,,,,,,,,,,,,,,,,,,,,,,
13/12/2025,RAWAL,1749.8,,,,,,,,,,,,,,,,,,,,,,,,,,,,,,
13/12/2025,KHASALA,1330.1,,,,,,,,,,,,,,,,,,,,,,,,,,,,,,
13/12/2025,Dhok Sandymar,1723.5,,,,,,,,,,,,,,,,,,,,,,,,,,,,,,
13/12/2025,JAWA,1381.5,,,,,,,,,,,,,,,,,,,,,,,,,,,,,,
13/12/2025,MISRIOT,1629.8,,,,,,,,,,,,,,,,,,,,,,,,,,,,,,
13/12/2025,SHAKADARA,1176,,,,,,,,,,,,,,,,,,,,,,,,,,,,,,
13/12/2025,SIPIALA,1643.5,,,,,,,,,,,,,,,,,,,,,,,,,,,,,,
13/12/2025,HAJI SHAH,1035.65,,,,,,,,,,,,,,,,,,,,,,,,,,,,,,
13/12/2025,TALIKINA,1378.8,,,,,,,,,,,,,,,,,,,,,,,,,,,,,,
13/12/2025,QIBLA BANDI,1237.3,,,,,,,,,,,,,,,,,,,,,,,,,,,,,,
13/12/2025,MUJAHID,1360,,,,,,,,,,,,,,,,,,,,,,,,,,,,,,
13/12/2025,CHAHAN,1398.1,,,,,,,,,,,,,,,,,,,,,,,,,,,,,,
13/12/2025,MAHOTA,,,,,,,,,,,,,,,,,,,,,,,,,,,,,,,
14/12/2025,RAWAL,1749.8,,,,,,,,,,,,,,,,,,,,,,,,,,,,,,
14/12/2025,KHASALA,1330.1,,,,,,,,,,,,,,,,,,,,,,,,,,,,,,
14/12/2025,Dhok Sandymar,1723.5,,,,,,,,,,,,,,,,,,,,,,,,,,,,,,
14/12/2025,JAWA,1381.5,,,,,,,,,,,,,,,,,,,,,,,,,,,,,,
14/12/2025,MISRIOT,1629.8,,,,,,,,,,,,,,,,,,,,,,,,,,,,,,
14/12/2025,SHAKADARA,1176,,,,,,,,,,,,,,,,,,,,,,,,,,,,,,
14/12/2025,SIPIALA,1643.5,,,,,,,,,,,,,,,,,,,,,,,,,,,,,,
14/12/2025,HAJI SHAH,1035.6,,,,,,,,,,,,,,,,,,,,,,,,,,,,,,
14/12/2025,TALIKINA,1378.8,,,,,,,,,,,,,,,,,,,,,,,,,,,,,,
14/12/2025,QIBLA BANDI,1237.3,,,,,,,,,,,,,,,,,,,,,,,,,,,,,,
14/12/2025,MUJAHID,1360,,,,,,,,,,,,,,,,,,,,,,,,,,,,,,
14/12/2025,CHAHAN,1398.1,,,,,,,,,,,,,,,,,,,,,,,,,,,,,,
14/12/2025,MAHOTA,,,,,,,,,,,,,,,,,,,,,,,,,,,,,,,
15/12/2025,RAWAL,1749.7,,,,,,,,,,,,,,,,,,,,,,,,,,,,,,
15/12/2025,KHASALA,1330.1,,,,,,,,,,,,,,,,,,,,,,,,,,,,,,
15/12/2025,Dhok Sandymar,1723.5,,,,,,,,,,,,,,,,,,,,,,,,,,,,,,
15/12/2025,JAWA,1381.5,,,,,,,,,,,,,,,,,,,,,,,,,,,,,,
15/12/2025,MISRIOT,1629.8,,,,,,,,,,,,,,,,,,,,,,,,,,,,,,
15/12/2025,SHAKADARA,1175.5,,,,,,,,,,,,,,,,,,,,,,,,,,,,,,
15/12/2025,SIPIALA,1643.5,,,,,,,,,,,,,,,,,,,,,,,,,,,,,,
15/12/2025,HAJI SHAH,1035.6,,,,,,,,,,,,,,,,,,,,,,,,,,,,,,
15/12/2025,TALIKINA,1378.8,,,,,,,,,,,,,,,,,,,,,,,,,,,,,,
15/12/2025,QIBLA BANDI,1237.3,,,,,,,,,,,,,,,,,,,,,,,,,,,,,,
15/12/2025,MUJAHID,1360,,,,,,,,,,,,,,,,,,,,,,,,,,,,,,
15/12/2025,CHAHAN,1398.1,,,,,,,,,,,,,,,,,,,,,,,,,,,,,,
15/12/2025,MAHOTA,,,,,,,,,,,,,,,,,,,,,,,,,,,,,,,
16/12/2025,RAWAL,1749.6,,,,,,,,,,,,,,,,,,,,,,,,,,,,,,
16/12/2025,KHASALA,1330.1,,,,,,,,,,,,,,,,,,,,,,,,,,,,,,
16/12/2025,Dhok Sandymar,1723,,,,,,,,,,,,,,,,,,,,,,,,,,,,,,
16/12/2025,JAWA,1381.5,,,,,,,,,,,,,,,,,,,,,,,,,,,,,,
16/12/2025,MISRIOT,1629.8,,,,,,,,,,,,,,,,,,,,,,,,,,,,,,
16/12/2025,SHAKADARA,1175.2,,,,,,,,,,,,,,,,,,,,,,,,,,,,,,
16/12/2025,SIPIALA,1643.5,,,,,,,,,,,,,,,,,,,,,,,,,,,,,,
16/12/2025,HAJI SHAH,1035.6,,,,,,,,,,,,,,,,,,,,,,,,,,,,,,
16/12/2025,TALIKINA,1378.8,,,,,,,,,,,,,,,,,,,,,,,,,,,,,,
16/12/2025,QIBLA BANDI,1237.3,,,,,,,,,,,,,,,,,,,,,,,,,,,,,,
16/12/2025,MUJAHID,1360,,,,,,,,,,,,,,,,,,,,,,,,,,,,,,
16/12/2025,CHAHAN,1398,,,,,,,,,,,,,,,,,,,,,,,,,,,,,,
16/12/2025,MAHOTA,,,,,,,,,,,,,,,,,,,,,,,,,,,,,,,
17/12/2025,RAWAL,1749.6,,,,,,,,,,,,,,,,,,,,,,,,,,,,,,
17/12/2025,KHASALA,1330,,,,,,,,,,,,,,,,,,,,,,,,,,,,,,
17/12/2025,Dhok Sandymar,1722.8,,,,,,,,,,,,,,,,,,,,,,,,,,,,,,
17/12/2025,JAWA,1381.4,,,,,,,,,,,,,,,,,,,,,,,,,,,,,,
17/12/2025,MISRIOT,1629.8,,,,,,,,,,,,,,,,,,,,,,,,,,,,,,
17/12/2025,SHAKADARA,1175,,,,,,,,,,,,,,,,,,,,,,,,,,,,,,
17/12/2025,SIPIALA,1643,,,,,,,,,,,,,,,,,,,,,,,,,,,,,,
17/12/2025,HAJI SHAH,1035.6,,,,,,,,,,,,,,,,,,,,,,,,,,,,,,
17/12/2025,TALIKINA,1378.3,,,,,,,,,,,,,,,,,,,,,,,,,,,,,,
17/12/2025,QIBLA BANDI,1237.3,,,,,,,,,,,,,,,,,,,,,,,,,,,,,,
17/12/2025,MUJAHID,1360,,,,,,,,,,,,,,,,,,,,,,,,,,,,,,
17/12/2025,CHAHAN,1398,,,,,,,,,,,,,,,,,,,,,,,,,,,,,,
17/12/2025,MAHOTA,,,,,,,,,,,,,,,,,,,,,,,,,,,,,,,
18/12/2025,RAWAL,1749.6,,,,,,,,,,,,,,,,,,,,,,,,,,,,,,
18/12/2025,KHASALA,1329.9,,,,,,,,,,,,,,,,,,,,,,,,,,,,,,
18/12/2025,Dhok Sandymar,1722.5,,,,,,,,,,,,,,,,,,,,,,,,,,,,,,
18/12/2025,JAWA,1381.3,,,,,,,,,,,,,,,,,,,,,,,,,,,,,,
18/12/2025,MISRIOT,1629.8,,,,,,,,,,,,,,,,,,,,,,,,,,,,,,
18/12/2025,SHAKADARA,1175,,,,,,,,,,,,,,,,,,,,,,,,,,,,,,
18/12/2025,SIPIALA,1643,,,,,,,,,,,,,,,,,,,,,,,,,,,,,,
18/12/2025,HAJI SHAH,1035.6,,,,,,,,,,,,,,,,,,,,,,,,,,,,,,
18/12/2025,TALIKINA,1378.1,,,,,,,,,,,,,,,,,,,,,,,,,,,,,,
18/12/2025,QIBLA BANDI,1237.25,,,,,,,,,,,,,,,,,,,,,,,,,,,,,,
18/12/2025,MUJAHID,1360,,,,,,,,,,,,,,,,,,,,,,,,,,,,,,
18/12/2025,CHAHAN,1398,,,,,,,,,,,,,,,,,,,,,,,,,,,,,,
18/12/2025,MAHOTA,,,,,,,,,,,,,,,,,,,,,,,,,,,,,,,
19/12/2025,RAWAL,1749.5,,,,,,,,,,,,,,,,,,,,,,,,,,,,,,
19/12/2025,KHASALA,1329.9,,,,,,,,,,,,,,,,,,,,,,,,,,,,,,
19/12/2025,Dhok Sandymar,1722.5,,,,,,,,,,,,,,,,,,,,,,,,,,,,,,
19/12/2025,JAWA,1381.3,,,,,,,,,,,,,,,,,,,,,,,,,,,,,,
19/12/2025,MISRIOT,1629.8,,,,,,,,,,,,,,,,,,,,,,,,,,,,,,
19/12/2025,SHAKADARA,1174.9,,,,,,,,,,,,,,,,,,,,,,,,,,,,,,
19/12/2025,SIPIALA,1643,,,,,,,,,,,,,,,,,,,,,,,,,,,,,,
19/12/2025,HAJI SHAH,1035.55,,,,,,,,,,,,,,,,,,,,,,,,,,,,,,
19/12/2025,TALIKINA,1378,,,,,,,,,,,,,,,,,,,,,,,,,,,,,,
19/12/2025,QIBLA BANDI,1237.25,,,,,,,,,,,,,,,,,,,,,,,,,,,,,,
19/12/2025,MUJAHID,1360,,,,,,,,,,,,,,,,,,,,,,,,,,,,,,
19/12/2025,CHAHAN,1398,,,,,,,,,,,,,,,,,,,,,,,,,,,,,,
19/12/2025,MAHOTA,,,,,,,,,,,,,,,,,,,,,,,,,,,,,,,
20/12/2025,RAWAL,1749.5,,,,,,,,,,,,,,,,,,,,,,,,,,,,,,
20/12/2025,KHASALA,1329.9,,,,,,,,,,,,,,,,,,,,,,,,,,,,,,
20/12/2025,Dhok Sandymar,1722.5,,,,,,,,,,,,,,,,,,,,,,,,,,,,,,
20/12/2025,JAWA,1381.3,,,,,,,,,,,,,,,,,,,,,,,,,,,,,,
20/12/2025,MISRIOT,1629.8,,,,,,,,,,,,,,,,,,,,,,,,,,,,,,
20/12/2025,SHAKADARA,1174.9,,,,,,,,,,,,,,,,,,,,,,,,,,,,,,
20/12/2025,SIPIALA,1643,,,,,,,,,,,,,,,,,,,,,,,,,,,,,,
20/12/2025,HAJI SHAH,1035.55,,,,,,,,,,,,,,,,,,,,,,,,,,,,,,
20/12/2025,TALIKINA,1377.9,,,,,,,,,,,,,,,,,,,,,,,,,,,,,,
20/12/2025,QIBLA BANDI,1237.2,,,,,,,,,,,,,,,,,,,,,,,,,,,,,,
20/12/2025,MUJAHID,1360,,,,,,,,,,,,,,,,,,,,,,,,,,,,,,
20/12/2025,CHAHAN,1397.6,,,,,,,,,,,,,,,,,,,,,,,,,,,,,,
20/12/2025,MAHOTA,,,,,,,,,,,,,,,,,,,,,,,,,,,,,,,
21/12/2025,RAWAL,1749.5,,,,,,,,,,,,,,,,,,,,,,,,,,,,,,
21/12/2025,KHASALA,1329.9,,,,,,,,,,,,,,,,,,,,,,,,,,,,,,
21/12/2025,Dhok Sandymar,1722.2,,,,,,,,,,,,,,,,,,,,,,,,,,,,,,
21/12/2025,JAWA,1381.3,,,,,,,,,,,,,,,,,,,,,,,,,,,,,,
21/12/2025,MISRIOT,1629.8,,,,,,,,,,,,,,,,,,,,,,,,,,,,,,
21/12/2025,SHAKADARA,1174.9,,,,,,,,,,,,,,,,,,,,,,,,,,,,,,
21/12/2025,SIPIALA,1643,,,,,,,,,,,,,,,,,,,,,,,,,,,,,,
21/12/2025,HAJI SHAH,1035.55,,,,,,,,,,,,,,,,,,,,,,,,,,,,,,
21/12/2025,TALIKINA,1377.7,,,,,,,,,,,,,,,,,,,,,,,,,,,,,,
21/12/2025,QIBLA BANDI,1237.2,,,,,,,,,,,,,,,,,,,,,,,,,,,,,,
21/12/2025,MUJAHID,1360,,,,,,,,,,,,,,,,,,,,,,,,,,,,,,
21/12/2025,CHAHAN,1397.6,,,,,,,,,,,,,,,,,,,,,,,,,,,,,,
21/12/2025,MAHOTA,,,,,,,,,,,,,,,,,,,,,,,,,,,,,,,
22/12/2025,RAWAL,1749.4,,,,,,,,,,,,,,,,,,,,,,,,,,,,,,
22/12/2025,KHASALA,1329.9,,,,,,,,,,,,,,,,,,,,,,,,,,,,,,
22/12/2025,Dhok Sandymar,1722.1,,,,,,,,,,,,,,,,,,,,,,,,,,,,,,
22/12/2025,JAWA,1381.3,,,,,,,,,,,,,,,,,,,,,,,,,,,,,,
22/12/2025,MISRIOT,1629.8,,,,,,,,,,,,,,,,,,,,,,,,,,,,,,
22/12/2025,SHAKADARA,1174.85,,,,,,,,,,,,,,,,,,,,,,,,,,,,,,
22/12/2025,SIPIALA,1643,,,,,,,,,,,,,,,,,,,,,,,,,,,,,,
22/12/2025,HAJI SHAH,1035.5,,,,,,,,,,,,,,,,,,,,,,,,,,,,,,
22/12/2025,TALIKINA,1377.6,,,,,,,,,,,,,,,,,,,,,,,,,,,,,,
22/12/2025,QIBLA BANDI,1237.2,,,,,,,,,,,,,,,,,,,,,,,,,,,,,,
22/12/2025,MUJAHID,1360,,,,,,,,,,,,,,,,,,,,,,,,,,,,,,
22/12/2025,CHAHAN,1397.5,,,,,,,,,,,,,,,,,,,,,,,,,,,,,,
22/12/2025,MAHOTA,,,,,,,,,,,,,,,,,,,,,,,,,,,,,,,
23/12/2025,RAWAL,1749.3,,,,,,,,,,,,,,,,,,,,,,,,,,,,,,
23/12/2025,KHASALA,1329.9,,,,,,,,,,,,,,,,,,,,,,,,,,,,,,
23/12/2025,Dhok Sandymar,1722.1,,,,,,,,,,,,,,,,,,,,,,,,,,,,,,
23/12/2025,JAWA,1381.3,,,,,,,,,,,,,,,,,,,,,,,,,,,,,,
23/12/2025,MISRIOT,1629.8,,,,,,,,,,,,,,,,,,,,,,,,,,,,,,
23/12/2025,SHAKADARA,1174.8,,,,,,,,,,,,,,,,,,,,,,,,,,,,,,
23/12/2025,SIPIALA,1643,,,,,,,,,,,,,,,,,,,,,,,,,,,,,,
23/12/2025,HAJI SHAH,1035.55,,,,,,,,,,,,,,,,,,,,,,,,,,,,,,
23/12/2025,TALIKINA,1377.4,,,,,,,,,,,,,,,,,,,,,,,,,,,,,,
23/12/2025,QIBLA BANDI,1237.2,,,,,,,,,,,,,,,,,,,,,,,,,,,,,,
23/12/2025,MUJAHID,1360,,,,,,,,,,,,,,,,,,,,,,,,,,,,,,
23/12/2025,CHAHAN,1397.5,,,,,,,,,,,,,,,,,,,,,,,,,,,,,,
23/12/2025,MAHOTA,,,,,,,,,,,,,,,,,,,,,,,,,,,,,,,
24/12/2025,RAWAL,1749.3,,,,,,,,,,,,,,,,,,,,,,,,,,,,,,
24/12/2025,KHASALA,1329.9,,,,,,,,,,,,,,,,,,,,,,,,,,,,,,
24/12/2025,Dhok Sandymar,1722.1,,,,,,,,,,,,,,,,,,,,,,,,,,,,,,
24/12/2025,JAWA,1381.3,,,,,,,,,,,,,,,,,,,,,,,,,,,,,,
24/12/2025,MISRIOT,1629.8,,,,,,,,,,,,,,,,,,,,,,,,,,,,,,
24/12/2025,SHAKADARA,1174.8,,,,,,,,,,,,,,,,,,,,,,,,,,,,,,
24/12/2025,SIPIALA,1643,,,,,,,,,,,,,,,,,,,,,,,,,,,,,,
24/12/2025,HAJI SHAH,1035.55,,,,,,,,,,,,,,,,,,,,,,,,,,,,,,
24/12/2025,TALIKINA,1377.4,,,,,,,,,,,,,,,,,,,,,,,,,,,,,,
24/12/2025,QIBLA BANDI,1237.2,,,,,,,,,,,,,,,,,,,,,,,,,,,,,,
24/12/2025,MUJAHID,1360,,,,,,,,,,,,,,,,,,,,,,,,,,,,,,
24/12/2025,CHAHAN,1397.4,,,,,,,,,,,,,,,,,,,,,,,,,,,,,,
24/12/2025,MAHOTA,,,,,,,,,,,,,,,,,,,,,,,,,,,,,,,
25/12/2025,RAWAL,1749.2,,,,,,,,,,,,,,,,,,,,,,,,,,,,,,
25/12/2025,KHASALA,1329.9,,,,,,,,,,,,,,,,,,,,,,,,,,,,,,
25/12/2025,Dhok Sandymar,1722.1,,,,,,,,,,,,,,,,,,,,,,,,,,,,,,
25/12/2025,JAWA,1381.3,,,,,,,,,,,,,,,,,,,,,,,,,,,,,,
25/12/2025,MISRIOT,1629.8,,,,,,,,,,,,,,,,,,,,,,,,,,,,,,
25/12/2025,SHAKADARA,1174.7,,,,,,,,,,,,,,,,,,,,,,,,,,,,,,
25/12/2025,SIPIALA,1643,,,,,,,,,,,,,,,,,,,,,,,,,,,,,,
25/12/2025,HAJI SHAH,1035.55,,,,,,,,,,,,,,,,,,,,,,,,,,,,,,
25/12/2025,TALIKINA,1377,,,,,,,,,,,,,,,,,,,,,,,,,,,,,,
25/12/2025,QIBLA BANDI,1237.2,,,,,,,,,,,,,,,,,,,,,,,,,,,,,,
25/12/2025,MUJAHID,1360,,,,,,,,,,,,,,,,,,,,,,,,,,,,,,
25/12/2025,CHAHAN,1397.4,,,,,,,,,,,,,,,,,,,,,,,,,,,,,,
25/12/2025,MAHOTA,,,,,,,,,,,,,,,,,,,,,,,,,,,,,,,
26/12/2025,RAWAL,1749.2,,,,,,,,,,,,,,,,,,,,,,,,,,,,,,
26/12/2025,KHASALA,1329.9,,,,,,,,,,,,,,,,,,,,,,,,,,,,,,
26/12/2025,Dhok Sandymar,1722.1,,,,,,,,,,,,,,,,,,,,,,,,,,,,,,
26/12/2025,JAWA,1381.3,,,,,,,,,,,,,,,,,,,,,,,,,,,,,,
26/12/2025,MISRIOT,1629.8,,,,,,,,,,,,,,,,,,,,,,,,,,,,,,
26/12/2025,SHAKADARA,1174.7,,,,,,,,,,,,,,,,,,,,,,,,,,,,,,
26/12/2025,SIPIALA,1643,,,,,,,,,,,,,,,,,,,,,,,,,,,,,,
26/12/2025,HAJI SHAH,1035.55,,,,,,,,,,,,,,,,,,,,,,,,,,,,,,
26/12/2025,TALIKINA,1377,,,,,,,,,,,,,,,,,,,,,,,,,,,,,,
26/12/2025,QIBLA BANDI,1237.2,,,,,,,,,,,,,,,,,,,,,,,,,,,,,,
26/12/2025,MUJAHID,1360,,,,,,,,,,,,,,,,,,,,,,,,,,,,,,
26/12/2025,CHAHAN,1397.4,,,,,,,,,,,,,,,,,,,,,,,,,,,,,,
26/12/2025,MAHOTA,,,,,,,,,,,,,,,,,,,,,,,,,,,,,,,
27/12/2025,RAWAL,1749.1,,,,,,,,,,,,,,,,,,,,,,,,,,,,,,
27/12/2025,KHASALA,1329.8,,,,,,,,,,,,,,,,,,,,,,,,,,,,,,
27/12/2025,Dhok Sandymar,1722.1,,,,,,,,,,,,,,,,,,,,,,,,,,,,,,
27/12/2025,JAWA,1381.2,,,,,,,,,,,,,,,,,,,,,,,,,,,,,,
27/12/2025,MISRIOT,1629.8,,,,,,,,,,,,,,,,,,,,,,,,,,,,,,
27/12/2025,SHAKADARA,1174.2,,,,,,,,,,,,,,,,,,,,,,,,,,,,,,
27/12/2025,SIPIALA,1643,,,,,,,,,,,,,,,,,,,,,,,,,,,,,,
27/12/2025,HAJI SHAH,1035.5,,,,,,,,,,,,,,,,,,,,,,,,,,,,,,
27/12/2025,TALIKINA,1376.2,,,,,,,,,,,,,,,,,,,,,,,,,,,,,,
27/12/2025,QIBLA BANDI,1237.15,,,,,,,,,,,,,,,,,,,,,,,,,,,,,,
27/12/2025,MUJAHID,1360,,,,,,,,,,,,,,,,,,,,,,,,,,,,,,
27/12/2025,CHAHAN,1397.4,,,,,,,,,,,,,,,,,,,,,,,,,,,,,,
27/12/2025,MAHOTA,,,,,,,,,,,,,,,,,,,,,,,,,,,,,,,
28/12/2025,RAWAL,1749,,,,,,,,,,,,,,,,,,,,,,,,,,,,,,
28/12/2025,KHASALA,1329.8,,,,,,,,,,,,,,,,,,,,,,,,,,,,,,
28/12/2025,Dhok Sandymar,1721.9,,,,,,,,,,,,,,,,,,,,,,,,,,,,,,
28/12/2025,JAWA,1381.2,,,,,,,,,,,,,,,,,,,,,,,,,,,,,,
28/12/2025,MISRIOT,1629.8,,,,,,,,,,,,,,,,,,,,,,,,,,,,,,
28/12/2025,SHAKADARA,1174.2,,,,,,,,,,,,,,,,,,,,,,,,,,,,,,
28/12/2025,SIPIALA,1643,,,,,,,,,,,,,,,,,,,,,,,,,,,,,,
28/12/2025,HAJI SHAH,1035.5,,,,,,,,,,,,,,,,,,,,,,,,,,,,,,
28/12/2025,TALIKINA,1376.6,,,,,,,,,,,,,,,,,,,,,,,,,,,,,,
28/12/2025,QIBLA BANDI,1237.15,,,,,,,,,,,,,,,,,,,,,,,,,,,,,,
28/12/2025,MUJAHID,1360,,,,,,,,,,,,,,,,,,,,,,,,,,,,,,
28/12/2025,CHAHAN,1397.4,,,,,,,,,,,,,,,,,,,,,,,,,,,,,,
28/12/2025,MAHOTA,,,,,,,,,,,,,,,,,,,,,,,,,,,,,,,
29/12/2025,RAWAL,1749,,,,,,,,,,,,,,,,,,,,,,,,,,,,,,
29/12/2025,KHASALA,1329.7,,,,,,,,,,,,,,,,,,,,,,,,,,,,,,
29/12/2025,Dhok Sandymar,1721.9,,,,,,,,,,,,,,,,,,,,,,,,,,,,,,
29/12/2025,JAWA,1381.1,,,,,,,,,,,,,,,,,,,,,,,,,,,,,,
29/12/2025,MISRIOT,1629.8,,,,,,,,,,,,,,,,,,,,,,,,,,,,,,
29/12/2025,SHAKADARA,1173.9,,,,,,,,,,,,,,,,,,,,,,,,,,,,,,
29/12/2025,SIPIALA,1643,,,,,,,,,,,,,,,,,,,,,,,,,,,,,,
29/12/2025,HAJI SHAH,1035.5,,,,,,,,,,,,,,,,,,,,,,,,,,,,,,
29/12/2025,TALIKINA,1376.5,,,,,,,,,,,,,,,,,,,,,,,,,,,,,,
29/12/2025,QIBLA BANDI,1237.1,,,,,,,,,,,,,,,,,,,,,,,,,,,,,,
29/12/2025,MUJAHID,1360,,,,,,,,,,,,,,,,,,,,,,,,,,,,,,
29/12/2025,CHAHAN,1397.3,,,,,,,,,,,,,,,,,,,,,,,,,,,,,,
29/12/2025,MAHOTA,,,,,,,,,,,,,,,,,,,,,,,,,,,,,,,
30/12/2025,RAWAL,1749,,,,,,,,,,,,,,,,,,,,,,,,,,,,,,
30/12/2025,KHASALA,1329.7,,,,,,,,,,,,,,,,,,,,,,,,,,,,,,
30/12/2025,Dhok Sandymar,1721.9,,,,,,,,,,,,,,,,,,,,,,,,,,,,,,
30/12/2025,JAWA,1381.1,,,,,,,,,,,,,,,,,,,,,,,,,,,,,,
30/12/2025,MISRIOT,1629.8,,,,,,,,,,,,,,,,,,,,,,,,,,,,,,
30/12/2025,SHAKADARA,1173.9,,,,,,,,,,,,,,,,,,,,,,,,,,,,,,
30/12/2025,SIPIALA,1643,,,,,,,,,,,,,,,,,,,,,,,,,,,,,,
30/12/2025,HAJI SHAH,1035.5,,,,,,,,,,,,,,,,,,,,,,,,,,,,,,
30/12/2025,TALIKINA,1376.3,,,,,,,,,,,,,,,,,,,,,,,,,,,,,,
30/12/2025,QIBLA BANDI,1237.05,,,,,,,,,,,,,,,,,,,,,,,,,,,,,,
30/12/2025,MUJAHID,1360,,,,,,,,,,,,,,,,,,,,,,,,,,,,,,
30/12/2025,CHAHAN,1397.3,,,,,,,,,,,,,,,,,,,,,,,,,,,,,,
30/12/2025,MAHOTA,,,,,,,,,,,,,,,,,,,,,,,,,,,,,,,
31/12/2025,RAWAL,1749,,,,,,,,,,,,,,,,,,,,,,,,,,,,,,
31/12/2025,KHASALA,1329.7,,,,,,,,,,,,,,,,,,,,,,,,,,,,,,
31/12/2025,Dhok Sandymar,1721.9,,,,,,,,,,,,,,,,,,,,,,,,,,,,,,
31/12/2025,JAWA,1381.1,,,,,,,,,,,,,,,,,,,,,,,,,,,,,,
31/12/2025,MISRIOT,1629.8,,,,,,,,,,,,,,,,,,,,,,,,,,,,,,
31/12/2025,SHAKADARA,1173.7,,,,,,,,,,,,,,,,,,,,,,,,,,,,,,
31/12/2025,SIPIALA,1643,,,,,,,,,,,,,,,,,,,,,,,,,,,,,,
31/12/2025,HAJI SHAH,1035.5,,,,,,,,,,,,,,,,,,,,,,,,,,,,,,
31/12/2025,TALIKINA,1376.1,,,,,,,,,,,,,,,,,,,,,,,,,,,,,,
31/12/2025,QIBLA BANDI,1237,,,,,,,,,,,,,,,,,,,,,,,,,,,,,,
31/12/2025,MUJAHID,1360,,,,,,,,,,,,,,,,,,,,,,,,,,,,,,
31/12/2025,CHAHAN,1397.2,,,,,,,,,,,,,,,,,,,,,,,,,,,,,,
31/12/2025,MAHOTA,,,,,,,,,,,,,,,,,,,,,,,,,,,,,,,
1/1/2026,Rawal,1748.9,,,,,,,,,,,,,,,,,,,,,,,,,,,,,,
1/1/2026,Khasala,1329.7,,,,,,,,,,,,,,,,,,,,,,,,,,,,,,
1/1/2026,Dhok Sanday Mar,1721.9,,,,,,,,,,,,,,,,,,,,,,,,,,,,,,
1/1/2026,Jawa,1381.1,,,,,,,,,,,,,,,,,,,,,,,,,,,,,,
1/1/2026,Misriot,1629.8,,,,,,,,,,,,,,,,,,,,,,,,,,,,,,
1/1/2026,Shakardara,1173.6,,,,,,,,,,,,,,,,,,,,,,,,,,,,,,
1/1/2026,Sipiala,1643,,,,,,,,,,,,,,,,,,,,,,,,,,,,,,
1/1/2026,Haji Shah,1035.5,,,,,,,,,,,,,,,,,,,,,,,,,,,,,,
1/1/2026,Talikna,1376,,,,,,,,,,,,,,,,,,,,,,,,,,,,,,
1/1/2026,Qibla Bandi,1237,,,,,,,,,,,,,,,,,,,,,,,,,,,,,,
1/1/2026,Mujahid,1360,,,,,,,,,,,,,,,,,,,,,,,,,,,,,,
1/1/2026,Chahan,1397.2,,,,,,,,,,,,,,,,,,,,,,,,,,,,,,
1/1/2026,Mahota,,,,,,,,,,,,,,,,,,,,,,,,,,,,,,,
2/1/2026,Rawal,1748.9,,,,,,,,,,,,,,,,,,,,,,,,,,,,,,
2/1/2026,Khasala,1329.6,,,,,,,,,,,,,,,,,,,,,,,,,,,,,,
2/1/2026,Dhok Sanday Mar,1721.7,,,,,,,,,,,,,,,,,,,,,,,,,,,,,,
2/1/2026,Jawa,1381,,,,,,,,,,,,,,,,,,,,,,,,,,,,,,
2/1/2026,Misriot,1629.8,,,,,,,,,,,,,,,,,,,,,,,,,,,,,,
2/1/2026,Shakardara,1173.6,,,,,,,,,,,,,,,,,,,,,,,,,,,,,,
2/1/2026,Sipiala,1643,,,,,,,,,,,,,,,,,,,,,,,,,,,,,,
2/1/2026,Haji Shah,1035.5,,,,,,,,,,,,,,,,,,,,,,,,,,,,,,
2/1/2026,Talikna,1375.9,,,,,,,,,,,,,,,,,,,,,,,,,,,,,,
2/1/2026,Qibla Bandi,1237,,,,,,,,,,,,,,,,,,,,,,,,,,,,,,
2/1/2026,Mujahid,1360,,,,,,,,,,,,,,,,,,,,,,,,,,,,,,
2/1/2026,Chahan,1397.1,,,,,,,,,,,,,,,,,,,,,,,,,,,,,,
2/1/2026,Mahota,,,,,,,,,,,,,,,,,,,,,,,,,,,,,,,
3/1/2026,Rawal,1748.9,,,,,,,,,,,,,,,,,,,,,,,,,,,,,,
3/1/2026,Khasala,1329.6,,,,,,,,,,,,,,,,,,,,,,,,,,,,,,
3/1/2026,Dhok Sanday Mar,1721.7,,,,,,,,,,,,,,,,,,,,,,,,,,,,,,
3/1/2026,Jawa,1381,,,,,,,,,,,,,,,,,,,,,,,,,,,,,,
3/1/2026,Misriot,1629.8,,,,,,,,,,,,,,,,,,,,,,,,,,,,,,
3/1/2026,Shakardara,1173.5,,,,,,,,,,,,,,,,,,,,,,,,,,,,,,
3/1/2026,Sipiala,1643,,,,,,,,,,,,,,,,,,,,,,,,,,,,,,
3/1/2026,Haji Shah,1035.5,,,,,,,,,,,,,,,,,,,,,,,,,,,,,,
3/1/2026,Talikna,1375.8,,,,,,,,,,,,,,,,,,,,,,,,,,,,,,
3/1/2026,Qibla Bandi,1237,,,,,,,,,,,,,,,,,,,,,,,,,,,,,,
3/1/2026,Mujahid,1360,,,,,,,,,,,,,,,,,,,,,,,,,,,,,,
3/1/2026,Chahan,1397.1,,,,,,,,,,,,,,,,,,,,,,,,,,,,,,
3/1/2026,Mahota,,,,,,,,,,,,,,,,,,,,,,,,,,,,,,,
4/1/2026,Rawal,1748.8,,,,,,,,,,,,,,,,,,,,,,,,,,,,,,
4/1/2026,Khasala,1329.6,,,,,,,,,,,,,,,,,,,,,,,,,,,,,,
4/1/2026,Dhok Sanday Mar,1721.5,,,,,,,,,,,,,,,,,,,,,,,,,,,,,,
4/1/2026,Jawa,1381,,,,,,,,,,,,,,,,,,,,,,,,,,,,,,
4/1/2026,Misriot,1629.8,,,,,,,,,,,,,,,,,,,,,,,,,,,,,,
4/1/2026,Shakardara,1173.5,,,,,,,,,,,,,,,,,,,,,,,,,,,,,,
4/1/2026,Sipiala,1643,,,,,,,,,,,,,,,,,,,,,,,,,,,,,,
4/1/2026,Haji Shah,1035.5,,,,,,,,,,,,,,,,,,,,,,,,,,,,,,
4/1/2026,Talikna,1375.7,,,,,,,,,,,,,,,,,,,,,,,,,,,,,,
4/1/2026,Qibla Bandi,1237,,,,,,,,,,,,,,,,,,,,,,,,,,,,,,
4/1/2026,Mujahid,1360,,,,,,,,,,,,,,,,,,,,,,,,,,,,,,
4/1/2026,Chahan,1397.1,,,,,,,,,,,,,,,,,,,,,,,,,,,,,,
4/1/2026,Mahota,,,,,,,,,,,,,,,,,,,,,,,,,,,,,,,
5/1/2026,Rawal,1748,,,,,,,,,,,,,,,,,,,,,,,,,,,,,,
5/1/2026,Khasala,1329.5,,,,,,,,,,,,,,,,,,,,,,,,,,,,,,
5/1/2026,Dhok Sanday Mar,1721.5,,,,,,,,,,,,,,,,,,,,,,,,,,,,,,
5/1/2026,Jawa,1380.9,,,,,,,,,,,,,,,,,,,,,,,,,,,,,,
5/1/2026,Misriot,1629.8,,,,,,,,,,,,,,,,,,,,,,,,,,,,,,
5/1/2026,Shakardara,1173.4,,,,,,,,,,,,,,,,,,,,,,,,,,,,,,
5/1/2026,Sipiala,1643,,,,,,,,,,,,,,,,,,,,,,,,,,,,,,
5/1/2026,Haji Shah,1035.5,,,,,,,,,,,,,,,,,,,,,,,,,,,,,,
5/1/2026,Talikna,1375.6,,,,,,,,,,,,,,,,,,,,,,,,,,,,,,
5/1/2026,Qibla Bandi,1236.95,,,,,,,,,,,,,,,,,,,,,,,,,,,,,,
5/1/2026,Mujahid,1360,,,,,,,,,,,,,,,,,,,,,,,,,,,,,,
5/1/2026,Chahan,1397,,,,,,,,,,,,,,,,,,,,,,,,,,,,,,
5/1/2026,Mahota,,,,,,,,,,,,,,,,,,,,,,,,,,,,,,,
6/1/2026,Rawal,1748.7,,,,,,,,,,,,,,,,,,,,,,,,,,,,,,
6/1/2026,Khasala,1329.5,,,,,,,,,,,,,,,,,,,,,,,,,,,,,,
6/1/2026,Dhok Sanday Mar,1721.5,,,,,,,,,,,,,,,,,,,,,,,,,,,,,,
6/1/2026,Jawa,1380.9,,,,,,,,,,,,,,,,,,,,,,,,,,,,,,
6/1/2026,Misriot,1629.8,,,,,,,,,,,,,,,,,,,,,,,,,,,,,,
6/1/2026,Shakardara,1173.4,,,,,,,,,,,,,,,,,,,,,,,,,,,,,,
6/1/2026,Sipiala,1643,,,,,,,,,,,,,,,,,,,,,,,,,,,,,,
6/1/2026,Haji Shah,1035.5,,,,,,,,,,,,,,,,,,,,,,,,,,,,,,
6/1/2026,Talikna,1375.5,,,,,,,,,,,,,,,,,,,,,,,,,,,,,,
6/1/2026,Qibla Bandi,1236.95,,,,,,,,,,,,,,,,,,,,,,,,,,,,,,
6/1/2026,Mujahid,1360,,,,,,,,,,,,,,,,,,,,,,,,,,,,,,
6/1/2026,Chahan,1397,,,,,,,,,,,,,,,,,,,,,,,,,,,,,,
6/1/2026,Mahota,,,,,,,,,,,,,,,,,,,,,,,,,,,,,,,
7/1/2026,Rawal,1748.7,,,,,,,,,,,,,,,,,,,,,,,,,,,,,,
7/1/2026,Khasala,1329.5,,,,,,,,,,,,,,,,,,,,,,,,,,,,,,
7/1/2026,Dhok Sanday Mar,1721.5,,,,,,,,,,,,,,,,,,,,,,,,,,,,,,
7/1/2026,Jawa,1380.9,,,,,,,,,,,,,,,,,,,,,,,,,,,,,,
7/1/2026,Misriot,1629.8,,,,,,,,,,,,,,,,,,,,,,,,,,,,,,
7/1/2026,Shakardara,1173.4,,,,,,,,,,,,,,,,,,,,,,,,,,,,,,
7/1/2026,Sipiala,1643,,,,,,,,,,,,,,,,,,,,,,,,,,,,,,
7/1/2026,Haji Shah,1035.5,,,,,,,,,,,,,,,,,,,,,,,,,,,,,,
7/1/2026,Talikna,1375.5,,,,,,,,,,,,,,,,,,,,,,,,,,,,,,
7/1/2026,Qibla Bandi,1236.9,,,,,,,,,,,,,,,,,,,,,,,,,,,,,,
7/1/2026,Mujahid,1360,,,,,,,,,,,,,,,,,,,,,,,,,,,,,,
7/1/2026,Chahan,1397,,,,,,,,,,,,,,,,,,,,,,,,,,,,,,
7/1/2026,Mahota,,,,,,,,,,,,,,,,,,,,,,,,,,,,,,,
8/1/2026,Rawal,1748.6,,,,,,,,,,,,,,,,,,,,,,,,,,,,,,
8/1/2026,Khasala,1329.5,,,,,,,,,,,,,,,,,,,,,,,,,,,,,,
8/1/2026,Dhok Sanday Mar,1721.5,,,,,,,,,,,,,,,,,,,,,,,,,,,,,,
8/1/2026,Jawa,1380.9,,,,,,,,,,,,,,,,,,,,,,,,,,,,,,
8/1/2026,Misriot,1629.8,,,,,,,,,,,,,,,,,,,,,,,,,,,,,,
8/1/2026,Shakardara,1173.3,,,,,,,,,,,,,,,,,,,,,,,,,,,,,,
8/1/2026,Sipiala,1643,,,,,,,,,,,,,,,,,,,,,,,,,,,,,,
8/1/2026,Haji Shah,1035.45,,,,,,,,,,,,,,,,,,,,,,,,,,,,,,
8/1/2026,Talikna,1375.5,,,,,,,,,,,,,,,,,,,,,,,,,,,,,,
8/1/2026,Qibla Bandi,1236.9,,,,,,,,,,,,,,,,,,,,,,,,,,,,,,
8/1/2026,Mujahid,1360,,,,,,,,,,,,,,,,,,,,,,,,,,,,,,
8/1/2026,Chahan,1396.9,,,,,,,,,,,,,,,,,,,,,,,,,,,,,,
8/1/2026,Mahota,,,,,,,,,,,,,,,,,,,,,,,,,,,,,,,
9/1/2026,Rawal,1748.6,,,,,,,,,,,,,,,,,,,,,,,,,,,,,,
9/1/2026,Khasala,1329.4,,,,,,,,,,,,,,,,,,,,,,,,,,,,,,
9/1/2026,Dhok Sanday Mar,1721.5,,,,,,,,,,,,,,,,,,,,,,,,,,,,,,
9/1/2026,Jawa,1380.7,,,,,,,,,,,,,,,,,,,,,,,,,,,,,,
9/1/2026,Misriot,1629.8,,,,,,,,,,,,,,,,,,,,,,,,,,,,,,
9/1/2026,Shakardara,1173.2,,,,,,,,,,,,,,,,,,,,,,,,,,,,,,
9/1/2026,Sipiala,1643,,,,,,,,,,,,,,,,,,,,,,,,,,,,,,
9/1/2026,Haji Shah,1035.45,,,,,,,,,,,,,,,,,,,,,,,,,,,,,,
9/1/2026,Talikna,1375.2,,,,,,,,,,,,,,,,,,,,,,,,,,,,,,
9/1/2026,Qibla Bandi,1236.8,,,,,,,,,,,,,,,,,,,,,,,,,,,,,,
9/1/2026,Mujahid,1360,,,,,,,,,,,,,,,,,,,,,,,,,,,,,,
9/1/2026,Chahan,1396.8,,,,,,,,,,,,,,,,,,,,,,,,,,,,,,
9/1/2026,Mahota,,,,,,,,,,,,,,,,,,,,,,,,,,,,,,,
10/1/2026,Rawal,1748.6,,,,,,,,,,,,,,,,,,,,,,,,,,,,,,
10/1/2026,Khasala,1329.3,,,,,,,,,,,,,,,,,,,,,,,,,,,,,,
10/1/2026,Dhok Sanday Mar,1721.5,,,,,,,,,,,,,,,,,,,,,,,,,,,,,,
10/1/2026,Jawa,1380.7,,,,,,,,,,,,,,,,,,,,,,,,,,,,,,
10/1/2026,Misriot,1629.8,,,,,,,,,,,,,,,,,,,,,,,,,,,,,,
10/1/2026,Shakardara,1173.15,,,,,,,,,,,,,,,,,,,,,,,,,,,,,,
10/1/2026,Sipiala,1643,,,,,,,,,,,,,,,,,,,,,,,,,,,,,,
10/1/2026,Haji Shah,1035.45,,,,,,,,,,,,,,,,,,,,,,,,,,,,,,
10/1/2026,Talikna,1375.5,,,,,,,,,,,,,,,,,,,,,,,,,,,,,,
10/1/2026,Qibla Bandi,1236.75,,,,,,,,,,,,,,,,,,,,,,,,,,,,,,
10/1/2026,Mujahid,1360,,,,,,,,,,,,,,,,,,,,,,,,,,,,,,
10/1/2026,Chahan,1396.8,,,,,,,,,,,,,,,,,,,,,,,,,,,,,,
10/1/2026,Mahota,,,,,,,,,,,,,,,,,,,,,,,,,,,,,,,
11/1/2026,Rawal,1748.5,,,,,,,,,,,,,,,,,,,,,,,,,,,,,,
11/1/2026,Khasala,1329.3,,,,,,,,,,,,,,,,,,,,,,,,,,,,,,
11/1/2026,Dhok Sanday Mar,1721,,,,,,,,,,,,,,,,,,,,,,,,,,,,,,
11/1/2026,Jawa,1380.7,,,,,,,,,,,,,,,,,,,,,,,,,,,,,,
11/1/2026,Misriot,1629.8,,,,,,,,,,,,,,,,,,,,,,,,,,,,,,
11/1/2026,Shakardara,1173.1,,,,,,,,,,,,,,,,,,,,,,,,,,,,,,
11/1/2026,Sipiala,1643,,,,,,,,,,,,,,,,,,,,,,,,,,,,,,
11/1/2026,Haji Shah,1035.45,,,,,,,,,,,,,,,,,,,,,,,,,,,,,,
11/1/2026,Talikna,1375,,,,,,,,,,,,,,,,,,,,,,,,,,,,,,
11/1/2026,Qibla Bandi,1236.7,,,,,,,,,,,,,,,,,,,,,,,,,,,,,,
11/1/2026,Mujahid,1360,,,,,,,,,,,,,,,,,,,,,,,,,,,,,,
11/1/2026,Chahan,1396.8,,,,,,,,,,,,,,,,,,,,,,,,,,,,,,
11/1/2026,Mahota,,,,,,,,,,,,,,,,,,,,,,,,,,,,,,,
12/1/2026,Rawal,1748.5,,,,,,,,,,,,,,,,,,,,,,,,,,,,,,
12/1/2026,Khasala,1329.3,,,,,,,,,,,,,,,,,,,,,,,,,,,,,,
12/1/2026,Dhok Sanday Mar,1721,,,,,,,,,,,,,,,,,,,,,,,,,,,,,,
12/1/2026,Jawa,1380.7,,,,,,,,,,,,,,,,,,,,,,,,,,,,,,
12/1/2026,Misriot,1629.8,,,,,,,,,,,,,,,,,,,,,,,,,,,,,,
12/1/2026,Shakardara,1173.05,,,,,,,,,,,,,,,,,,,,,,,,,,,,,,
12/1/2026,Sipiala,1643,,,,,,,,,,,,,,,,,,,,,,,,,,,,,,
12/1/2026,Haji Shah,1035.45,,,,,,,,,,,,,,,,,,,,,,,,,,,,,,
12/1/2026,Talikna,1375,,,,,,,,,,,,,,,,,,,,,,,,,,,,,,
12/1/2026,Qibla Bandi,1236.65,,,,,,,,,,,,,,,,,,,,,,,,,,,,,,
12/1/2026,Mujahid,1360,,,,,,,,,,,,,,,,,,,,,,,,,,,,,,
12/1/2026,Chahan,1396.7,,,,,,,,,,,,,,,,,,,,,,,,,,,,,,
12/1/2026,Mahota,,,,,,,,,,,,,,,,,,,,,,,,,,,,,,,
13/1/2026,Rawal,1748.5,,,,,,,,,,,,,,,,,,,,,,,,,,,,,,
13/1/2026,Khasala,1329.2,,,,,,,,,,,,,,,,,,,,,,,,,,,,,,
13/1/2026,Dhok Sanday Mar,1721,,,,,,,,,,,,,,,,,,,,,,,,,,,,,,
13/1/2026,Jawa,1380.6,,,,,,,,,,,,,,,,,,,,,,,,,,,,,,
13/1/2026,Misriot,1629.7,,,,,,,,,,,,,,,,,,,,,,,,,,,,,,
13/1/2026,Shakardara,1173,,,,,,,,,,,,,,,,,,,,,,,,,,,,,,
13/1/2026,Sipiala,1643,,,,,,,,,,,,,,,,,,,,,,,,,,,,,,
13/1/2026,Haji Shah,1035.45,,,,,,,,,,,,,,,,,,,,,,,,,,,,,,
13/1/2026,Talikna,1375,,,,,,,,,,,,,,,,,,,,,,,,,,,,,,
13/1/2026,Qibla Bandi,1236.65,,,,,,,,,,,,,,,,,,,,,,,,,,,,,,
13/1/2026,Mujahid,1360,,,,,,,,,,,,,,,,,,,,,,,,,,,,,,
13/1/2026,Chahan,1396.7,,,,,,,,,,,,,,,,,,,,,,,,,,,,,,
13/1/2026,Mahota,,,,,,,,,,,,,,,,,,,,,,,,,,,,,,,
14/1/2026,Rawal,1748.4,,,,,,,,,,,,,,,,,,,,,,,,,,,,,,
14/1/2026,Khasala,1329.2,,,,,,,,,,,,,,,,,,,,,,,,,,,,,,
14/1/2026,Dhok Sanday Mar,1721,,,,,,,,,,,,,,,,,,,,,,,,,,,,,,
14/1/2026,Jawa,1380.6,,,,,,,,,,,,,,,,,,,,,,,,,,,,,,
14/1/2026,Misriot,1629.7,,,,,,,,,,,,,,,,,,,,,,,,,,,,,,
14/1/2026,Shakardara,1173,,,,,,,,,,,,,,,,,,,,,,,,,,,,,,
14/1/2026,Sipiala,1643,,,,,,,,,,,,,,,,,,,,,,,,,,,,,,
14/1/2026,Haji Shah,1035.44,,,,,,,,,,,,,,,,,,,,,,,,,,,,,,
14/1/2026,Talikna,1374.9,,,,,,,,,,,,,,,,,,,,,,,,,,,,,,
14/1/2026,Qibla Bandi,1236.6,,,,,,,,,,,,,,,,,,,,,,,,,,,,,,
14/1/2026,Mujahid,1360,,,,,,,,,,,,,,,,,,,,,,,,,,,,,,
14/1/2026,Chahan,1396.6,,,,,,,,,,,,,,,,,,,,,,,,,,,,,,
14/1/2026,Mahota,,,,,,,,,,,,,,,,,,,,,,,,,,,,,,,
15/1/2026,Rawal,1748.4,,,,,,,,,,,,,,,,,,,,,,,,,,,,,,
15/1/2026,Khasala,1329.1,,,,,,,,,,,,,,,,,,,,,,,,,,,,,,
15/1/2026,Dhok Sanday Mar,1721,,,,,,,,,,,,,,,,,,,,,,,,,,,,,,
15/1/2026,Jawa,1380.5,,,,,,,,,,,,,,,,,,,,,,,,,,,,,,
15/1/2026,Misriot,1629.7,,,,,,,,,,,,,,,,,,,,,,,,,,,,,,
15/1/2026,Shakardara,1173,,,,,,,,,,,,,,,,,,,,,,,,,,,,,,
15/1/2026,Sipiala,1643,,,,,,,,,,,,,,,,,,,,,,,,,,,,,,
15/1/2026,Haji Shah,1035.4,,,,,,,,,,,,,,,,,,,,,,,,,,,,,,
15/1/2026,Talikna,1374.9,,,,,,,,,,,,,,,,,,,,,,,,,,,,,,
15/1/2026,Qibla Bandi,1236.55,,,,,,,,,,,,,,,,,,,,,,,,,,,,,,
15/1/2026,Mujahid,1360,,,,,,,,,,,,,,,,,,,,,,,,,,,,,,
15/1/2026,Chahan,1396.6,,,,,,,,,,,,,,,,,,,,,,,,,,,,,,
15/1/2026,Mahota,,,,,,,,,,,,,,,,,,,,,,,,,,,,,,,
16/1/2026,Rawal,1748.4,,,,,,,,,,,,,,,,,,,,,,,,,,,,,,
16/1/2026,Khasala,1329.1,,,,,,,,,,,,,,,,,,,,,,,,,,,,,,
16/1/2026,Dhok Sanday Mar,1721,,,,,,,,,,,,,,,,,,,,,,,,,,,,,,
16/1/2026,Jawa,1380.5,,,,,,,,,,,,,,,,,,,,,,,,,,,,,,
16/1/2026,Misriot,1629.7,,,,,,,,,,,,,,,,,,,,,,,,,,,,,,
16/1/2026,Shakardara,1173,,,,,,,,,,,,,,,,,,,,,,,,,,,,,,
16/1/2026,Sipiala,1643,,,,,,,,,,,,,,,,,,,,,,,,,,,,,,
16/1/2026,Haji Shah,1035.4,,,,,,,,,,,,,,,,,,,,,,,,,,,,,,
16/1/2026,Talikna,1374.9,,,,,,,,,,,,,,,,,,,,,,,,,,,,,,
16/1/2026,Qibla Bandi,1236.55,,,,,,,,,,,,,,,,,,,,,,,,,,,,,,
16/1/2026,Mujahid,1360,,,,,,,,,,,,,,,,,,,,,,,,,,,,,,
16/1/2026,Chahan,1396.5,,,,,,,,,,,,,,,,,,,,,,,,,,,,,,
16/1/2026,Mahota,,,,,,,,,,,,,,,,,,,,,,,,,,,,,,,
17/1/2026,Rawal,1748.3,,,,,,,,,,,,,,,,,,,,,,,,,,,,,,
17/1/2026,Khasala,1329.1,,,,,,,,,,,,,,,,,,,,,,,,,,,,,,
17/1/2026,Dhok Sanday Mar,1721,,,,,,,,,,,,,,,,,,,,,,,,,,,,,,
17/1/2026,Jawa,1380.5,,,,,,,,,,,,,,,,,,,,,,,,,,,,,,
17/1/2026,Misriot,1629.7,,,,,,,,,,,,,,,,,,,,,,,,,,,,,,
17/1/2026,Shakardara,1173,,,,,,,,,,,,,,,,,,,,,,,,,,,,,,
17/1/2026,Sipiala,1643,,,,,,,,,,,,,,,,,,,,,,,,,,,,,,
17/1/2026,Haji Shah,1035.35,,,,,,,,,,,,,,,,,,,,,,,,,,,,,,
17/1/2026,Talikna,1374.9,,,,,,,,,,,,,,,,,,,,,,,,,,,,,,
17/1/2026,Qibla Bandi,1236.55,,,,,,,,,,,,,,,,,,,,,,,,,,,,,,
17/1/2026,Mujahid,1360,,,,,,,,,,,,,,,,,,,,,,,,,,,,,,
17/1/2026,Chahan,1396.5,,,,,,,,,,,,,,,,,,,,,,,,,,,,,,
17/1/2026,Mahota,,,,,,,,,,,,,,,,,,,,,,,,,,,,,,,
18/1/2026,Rawal,1748.3,,,,,,,,,,,,,,,,,,,,,,,,,,,,,,
18/1/2026,Khasala,1329.1,,,,,,,,,,,,,,,,,,,,,,,,,,,,,,
18/1/2026,Dhok Sanday Mar,1721,,,,,,,,,,,,,,,,,,,,,,,,,,,,,,
18/1/2026,Jawa,1380.5,,,,,,,,,,,,,,,,,,,,,,,,,,,,,,
18/1/2026,Misriot,1629.7,,,,,,,,,,,,,,,,,,,,,,,,,,,,,,
18/1/2026,Shakardara,1173,,,,,,,,,,,,,,,,,,,,,,,,,,,,,,
18/1/2026,Sipiala,1643,,,,,,,,,,,,,,,,,,,,,,,,,,,,,,
18/1/2026,Haji Shah,1035.35,,,,,,,,,,,,,,,,,,,,,,,,,,,,,,
18/1/2026,Talikna,1374.8,,,,,,,,,,,,,,,,,,,,,,,,,,,,,,
18/1/2026,Qibla Bandi,1236.5,,,,,,,,,,,,,,,,,,,,,,,,,,,,,,
18/1/2026,Mujahid,1360,,,,,,,,,,,,,,,,,,,,,,,,,,,,,,
18/1/2026,Chahan,1396.5,,,,,,,,,,,,,,,,,,,,,,,,,,,,,,
18/1/2026,Mahota,,,,,,,,,,,,,,,,,,,,,,,,,,,,,,,
19/1/2026,Rawal,1748.2,,,,,,,,,,,,,,,,,,,,,,,,,,,,,,
19/1/2026,Khasala,1329.1,,,,,,,,,,,,,,,,,,,,,,,,,,,,,,
19/1/2026,Dhok Sanday Mar,1721,,,,,,,,,,,,,,,,,,,,,,,,,,,,,,
19/1/2026,Jawa,1380.5,,,,,,,,,,,,,,,,,,,,,,,,,,,,,,
19/1/2026,Misriot,1629.7,,,,,,,,,,,,,,,,,,,,,,,,,,,,,,
19/1/2026,Shakardara,1173,,,,,,,,,,,,,,,,,,,,,,,,,,,,,,
19/1/2026,Sipiala,1643,,,,,,,,,,,,,,,,,,,,,,,,,,,,,,
19/1/2026,Haji Shah,1035.35,,,,,,,,,,,,,,,,,,,,,,,,,,,,,,
19/1/2026,Talikna,1374.8,,,,,,,,,,,,,,,,,,,,,,,,,,,,,,
19/1/2026,Qibla Bandi,1236.5,,,,,,,,,,,,,,,,,,,,,,,,,,,,,,
19/1/2026,Mujahid,1360,,,,,,,,,,,,,,,,,,,,,,,,,,,,,,
19/1/2026,Chahan,1396.4,,,,,,,,,,,,,,,,,,,,,,,,,,,,,,
19/1/2026,Mahota,,,,,,,,,,,,,,,,,,,,,,,,,,,,,,,
20/1/2026,Rawal,1748.2,,,,,,,,,,,,,,,,,,,,,,,,,,,,,,
20/1/2026,Khasala,1329.1,,,,,,,,,,,,,,,,,,,,,,,,,,,,,,
20/1/2026,Dhok Sanday Mar,1720.2,,,,,,,,,,,,,,,,,,,,,,,,,,,,,,
20/1/2026,Jawa,1380.4,,,,,,,,,,,,,,,,,,,,,,,,,,,,,,
20/1/2026,Misriot,1629.6,,,,,,,,,,,,,,,,,,,,,,,,,,,,,,
20/1/2026,Shakardara,1173,,,,,,,,,,,,,,,,,,,,,,,,,,,,,,
20/1/2026,Sipiala,1642.5,,,,,,,,,,,,,,,,,,,,,,,,,,,,,,
20/1/2026,Haji Shah,1035.35,,,,,,,,,,,,,,,,,,,,,,,,,,,,,,
20/1/2026,Talikna,1374.8,,,,,,,,,,,,,,,,,,,,,,,,,,,,,,
20/1/2026,Qibla Bandi,1236.5,,,,,,,,,,,,,,,,,,,,,,,,,,,,,,
20/1/2026,Mujahid,1360,,,,,,,,,,,,,,,,,,,,,,,,,,,,,,
20/1/2026,Chahan,1396.4,,,,,,,,,,,,,,,,,,,,,,,,,,,,,,
20/1/2026,Mahota,,,,,,,,,,,,,,,,,,,,,,,,,,,,,,,
21/1/2026,Rawal,1748.2,,,,,,,,,,,,,,,,,,,,,,,,,,,,,,
21/1/2026,Khasala,1329,,,,,,,,,,,,,,,,,,,,,,,,,,,,,,
21/1/2026,Dhok Sanday Mar,1720.2,,,,,,,,,,,,,,,,,,,,,,,,,,,,,,
21/1/2026,Jawa,1380.4,,,,,,,,,,,,,,,,,,,,,,,,,,,,,,
21/1/2026,Misriot,1629.6,,,,,,,,,,,,,,,,,,,,,,,,,,,,,,
21/1/2026,Shakardara,1173,,,,,,,,,,,,,,,,,,,,,,,,,,,,,,
21/1/2026,Sipiala,1642.5,,,,,,,,,,,,,,,,,,,,,,,,,,,,,,
21/1/2026,Haji Shah,1035.3,,,,,,,,,,,,,,,,,,,,,,,,,,,,,,
21/1/2026,Talikna,1374.8,,,,,,,,,,,,,,,,,,,,,,,,,,,,,,
21/1/2026,Qibla Bandi,1236.5,,,,,,,,,,,,,,,,,,,,,,,,,,,,,,
21/1/2026,Mujahid,1360,,,,,,,,,,,,,,,,,,,,,,,,,,,,,,
21/1/2026,Chahan,1396.3,,,,,,,,,,,,,,,,,,,,,,,,,,,,,,
21/1/2026,Mahota,,,,,,,,,,,,,,,,,,,,,,,,,,,,,,,
22/1/2026,Rawal,1748,,,,,,,,,,,,,,,,,,,,,,,,,,,,,,
22/1/2026,Khasala,1329,,,,,,,,,,,,,,,,,,,,,,,,,,,,,,
22/1/2026,Dhok Sanday Mar,1720.2,,,,,,,,,,,,,,,,,,,,,,,,,,,,,,
22/1/2026,Jawa,1380.4,,,,,,,,,,,,,,,,,,,,,,,,,,,,,,
22/1/2026,Misriot,1629.6,,,,,,,,,,,,,,,,,,,,,,,,,,,,,,
22/1/2026,Shakardara,1173,,,,,,,,,,,,,,,,,,,,,,,,,,,,,,
22/1/2026,Sipiala,1642.5,,,,,,,,,,,,,,,,,,,,,,,,,,,,,,
22/1/2026,Haji Shah,1035.3,,,,,,,,,,,,,,,,,,,,,,,,,,,,,,
22/1/2026,Talikna,1374.8,,,,,,,,,,,,,,,,,,,,,,,,,,,,,,
22/1/2026,Qibla Bandi,1236.45,,,,,,,,,,,,,,,,,,,,,,,,,,,,,,
22/1/2026,Mujahid,1360.35,,,,,,,,,,,,,,,,,,,,,,,,,,,,,,
22/1/2026,Chahan,1396.3,,,,,,,,,,,,,,,,,,,,,,,,,,,,,,
22/1/2026,Mahota,,,,,,,,,,,,,,,,,,,,,,,,,,,,,,,
23/1/2026,Rawal,1748,,,,,,,,,,,,,,,,,,,,,,,,,,,,,,
23/1/2026,Khasala,1329,,,,,,,,,,,,,,,,,,,,,,,,,,,,,,
23/1/2026,Dhok Sanday Mar,1720.2,,,,,,,,,,,,,,,,,,,,,,,,,,,,,,
23/1/2026,Jawa,1380.4,,,,,,,,,,,,,,,,,,,,,,,,,,,,,,
23/1/2026,Misriot,1629.6,,,,,,,,,,,,,,,,,,,,,,,,,,,,,,
23/1/2026,Shakardara,1173.2,,,,,,,,,,,,,,,,,,,,,,,,,,,,,,
23/1/2026,Sipiala,1642.5,,,,,,,,,,,,,,,,,,,,,,,,,,,,,,
23/1/2026,Haji Shah,1035.3,,,,,,,,,,,,,,,,,,,,,,,,,,,,,,
23/1/2026,Talikna,1374.8,,,,,,,,,,,,,,,,,,,,,,,,,,,,,,
23/1/2026,Qibla Bandi,1236.45,,,,,,,,,,,,,,,,,,,,,,,,,,,,,,
23/1/2026,Mujahid,1360,,,,,,,,,,,,,,,,,,,,,,,,,,,,,,
23/1/2026,Chahan,1396.2,,,,,,,,,,,,,,,,,,,,,,,,,,,,,,
23/1/2026,Mahota,,,,,,,,,,,,,,,,,,,,,,,,,,,,,,,
24/1/2026,Rawal,1748.5,,,,,,,,,,,,,,,,,,,,,,,,,,,,,,
24/1/2026,Khasala,1329,,,,,,,,,,,,,,,,,,,,,,,,,,,,,,
24/1/2026,Dhok Sanday Mar,1720.2,,,,,,,,,,,,,,,,,,,,,,,,,,,,,,
24/1/2026,Jawa,1380.4,,,,,,,,,,,,,,,,,,,,,,,,,,,,,,
24/1/2026,Misriot,1629.6,,,,,,,,,,,,,,,,,,,,,,,,,,,,,,
24/1/2026,Shakardara,1173.2,,,,,,,,,,,,,,,,,,,,,,,,,,,,,,
24/1/2026,Sipiala,1642.5,,,,,,,,,,,,,,,,,,,,,,,,,,,,,,
24/1/2026,Haji Shah,1035.25,,,,,,,,,,,,,,,,,,,,,,,,,,,,,,
24/1/2026,Talikna,1374.8,,,,,,,,,,,,,,,,,,,,,,,,,,,,,,
24/1/2026,Qibla Bandi,1236.45,,,,,,,,,,,,,,,,,,,,,,,,,,,,,,
24/1/2026,Mujahid,1360,,,,,,,,,,,,,,,,,,,,,,,,,,,,,,
24/1/2026,Chahan,1396.2,,,,,,,,,,,,,,,,,,,,,,,,,,,,,,
24/1/2026,Mahota,,,,,,,,,,,,,,,,,,,,,,,,,,,,,,,
25/1/2026,Rawal,1748.5,,,,,,,,,,,,,,,,,,,,,,,,,,,,,,
25/1/2026,Khasala,1329,,,,,,,,,,,,,,,,,,,,,,,,,,,,,,
25/1/2026,Dhok Sanday Mar,1720.2,,,,,,,,,,,,,,,,,,,,,,,,,,,,,,
25/1/2026,Jawa,1380.4,,,,,,,,,,,,,,,,,,,,,,,,,,,,,,
25/1/2026,Misriot,1629.6,,,,,,,,,,,,,,,,,,,,,,,,,,,,,,
25/1/2026,Shakardara,1173.2,,,,,,,,,,,,,,,,,,,,,,,,,,,,,,
25/1/2026,Sipiala,1642.5,,,,,,,,,,,,,,,,,,,,,,,,,,,,,,
25/1/2026,Haji Shah,1035.25,,,,,,,,,,,,,,,,,,,,,,,,,,,,,,
25/1/2026,Talikna,1374.8,,,,,,,,,,,,,,,,,,,,,,,,,,,,,,
25/1/2026,Qibla Bandi,1236.45,,,,,,,,,,,,,,,,,,,,,,,,,,,,,,
25/1/2026,Mujahid,1360,,,,,,,,,,,,,,,,,,,,,,,,,,,,,,
25/1/2026,Chahan,1396.2,,,,,,,,,,,,,,,,,,,,,,,,,,,,,,
25/1/2026,Mahota,,,,,,,,,,,,,,,,,,,,,,,,,,,,,,,
26/1/2026,Rawal,1748.5,,,,,,,,,,,,,,,,,,,,,,,,,,,,,,
26/1/2026,Khasala,1329,,,,,,,,,,,,,,,,,,,,,,,,,,,,,,
26/1/2026,Dhok Sanday Mar,1720.2,,,,,,,,,,,,,,,,,,,,,,,,,,,,,,
26/1/2026,Jawa,1380.4,,,,,,,,,,,,,,,,,,,,,,,,,,,,,,
26/1/2026,Misriot,1629.4,,,,,,,,,,,,,,,,,,,,,,,,,,,,,,
26/1/2026,Shakardara,1173.2,,,,,,,,,,,,,,,,,,,,,,,,,,,,,,
26/1/2026,Sipiala,1642.5,,,,,,,,,,,,,,,,,,,,,,,,,,,,,,
26/1/2026,Haji Shah,1035.25,,,,,,,,,,,,,,,,,,,,,,,,,,,,,,
26/1/2026,Talikna,1374.8,,,,,,,,,,,,,,,,,,,,,,,,,,,,,,
26/1/2026,Qibla Bandi,1236.45,,,,,,,,,,,,,,,,,,,,,,,,,,,,,,
26/1/2026,Mujahid,1360,,,,,,,,,,,,,,,,,,,,,,,,,,,,,,
26/1/2026,Chahan,1396.1,,,,,,,,,,,,,,,,,,,,,,,,,,,,,,
26/1/2026,Mahota,,,,,,,,,,,,,,,,,,,,,,,,,,,,,,,
27/1/2026,Rawal,1748.4,,,,,,,,,,,,,,,,,,,,,,,,,,,,,,
27/1/2026,Khasala,1329.3,,,,,,,,,,,,,,,,,,,,,,,,,,,,,,
27/1/2026,Dhok Sanday Mar,1720.2,,,,,,,,,,,,,,,,,,,,,,,,,,,,,,
27/1/2026,Jawa,1380.4,,,,,,,,,,,,,,,,,,,,,,,,,,,,,,
27/1/2026,Misriot,1629.6,,,,,,,,,,,,,,,,,,,,,,,,,,,,,,
27/1/2026,Shakardara,1173.2,,,,,,,,,,,,,,,,,,,,,,,,,,,,,,
27/1/2026,Sipiala,1642,,,,,,,,,,,,,,,,,,,,,,,,,,,,,,
27/1/2026,Haji Shah,1035.3,,,,,,,,,,,,,,,,,,,,,,,,,,,,,,
27/1/2026,Talikna,1374.8,,,,,,,,,,,,,,,,,,,,,,,,,,,,,,
27/1/2026,Qibla Bandi,1236.45,,,,,,,,,,,,,,,,,,,,,,,,,,,,,,
27/1/2026,Mujahid,1360,,,,,,,,,,,,,,,,,,,,,,,,,,,,,,
27/1/2026,Chahan,1396.1,,,,,,,,,,,,,,,,,,,,,,,,,,,,,,
27/1/2026,Mahota,,,,,,,,,,,,,,,,,,,,,,,,,,,,,,,
28/1/2026,Rawal,1748.4,,,,,,,,,,,,,,,,,,,,,,,,,,,,,,
28/1/2026,Khasala,1329,,,,,,,,,,,,,,,,,,,,,,,,,,,,,,
28/1/2026,Dhok Sanday Mar,1720.3,,,,,,,,,,,,,,,,,,,,,,,,,,,,,,
28/1/2026,Jawa,1380.4,,,,,,,,,,,,,,,,,,,,,,,,,,,,,,
28/1/2026,Misriot,1629.6,,,,,,,,,,,,,,,,,,,,,,,,,,,,,,
28/1/2026,Shakardara,1173.3,,,,,,,,,,,,,,,,,,,,,,,,,,,,,,
28/1/2026,Sipiala,1642,,,,,,,,,,,,,,,,,,,,,,,,,,,,,,
28/1/2026,Haji Shah,1035.3,,,,,,,,,,,,,,,,,,,,,,,,,,,,,,
28/1/2026,Talikna,1374.8,,,,,,,,,,,,,,,,,,,,,,,,,,,,,,
28/1/2026,Qibla Bandi,1236.45,,,,,,,,,,,,,,,,,,,,,,,,,,,,,,
28/1/2026,Mujahid,1360,,,,,,,,,,,,,,,,,,,,,,,,,,,,,,
28/1/2026,Chahan,1396.1,,,,,,,,,,,,,,,,,,,,,,,,,,,,,,
28/1/2026,Mahota,,,,,,,,,,,,,,,,,,,,,,,,,,,,,,,
29/1/2026,Rawal,1748.4,,,,,,,,,,,,,,,,,,,,,,,,,,,,,,
29/1/2026,Khasala,1329,,,,,,,,,,,,,,,,,,,,,,,,,,,,,,
29/1/2026,Dhok Sanday Mar,1720.3,,,,,,,,,,,,,,,,,,,,,,,,,,,,,,
29/1/2026,Jawa,1380.4,,,,,,,,,,,,,,,,,,,,,,,,,,,,,,
29/1/2026,Misriot,1629.6,,,,,,,,,,,,,,,,,,,,,,,,,,,,,,
29/1/2026,Shakardara,1173.3,,,,,,,,,,,,,,,,,,,,,,,,,,,,,,
29/1/2026,Sipiala,1642,,,,,,,,,,,,,,,,,,,,,,,,,,,,,,
29/1/2026,Haji Shah,1035.3,,,,,,,,,,,,,,,,,,,,,,,,,,,,,,
29/1/2026,Talikna,1374.8,,,,,,,,,,,,,,,,,,,,,,,,,,,,,,
29/1/2026,Qibla Bandi,1236.45,,,,,,,,,,,,,,,,,,,,,,,,,,,,,,
29/1/2026,Mujahid,1360,,,,,,,,,,,,,,,,,,,,,,,,,,,,,,
29/1/2026,Chahan,1396.7,,,,,,,,,,,,,,,,,,,,,,,,,,,,,,
29/1/2026,Mahota,,,,,,,,,,,,,,,,,,,,,,,,,,,,,,,
30/1/2026,Rawal,1748.4,,,,,,,,,,,,,,,,,,,,,,,,,,,,,,
30/1/2026,Khasala,1329,,,,,,,,,,,,,,,,,,,,,,,,,,,,,,
30/1/2026,Dhok Sanday Mar,1720.3,,,,,,,,,,,,,,,,,,,,,,,,,,,,,,
30/1/2026,Jawa,1380.4,,,,,,,,,,,,,,,,,,,,,,,,,,,,,,
30/1/2026,Misriot,1629.6,,,,,,,,,,,,,,,,,,,,,,,,,,,,,,
30/1/2026,Shakardara,1173.3,,,,,,,,,,,,,,,,,,,,,,,,,,,,,,
30/1/2026,Sipiala,1642,,,,,,,,,,,,,,,,,,,,,,,,,,,,,,
30/1/2026,Haji Shah,1035.3,,,,,,,,,,,,,,,,,,,,,,,,,,,,,,
30/1/2026,Talikna,1374.8,,,,,,,,,,,,,,,,,,,,,,,,,,,,,,
30/1/2026,Qibla Bandi,1236.45,,,,,,,,,,,,,,,,,,,,,,,,,,,,,,
30/1/2026,Mujahid,1360,,,,,,,,,,,,,,,,,,,,,,,,,,,,,,
30/1/2026,Chahan,1396.7,,,,,,,,,,,,,,,,,,,,,,,,,,,,,,
30/1/2026,Mahota,,,,,,,,,,,,,,,,,,,,,,,,,,,,,,,
31/1/2026,Rawal,1748.3,,,,,,,,,,,,,,,,,,,,,,,,,,,,,,
31/1/2026,Khasala,1329,,,,,,,,,,,,,,,,,,,,,,,,,,,,,,
31/1/2026,Dhok Sanday Mar,1720.3,,,,,,,,,,,,,,,,,,,,,,,,,,,,,,
31/1/2026,Jawa,1380.4,,,,,,,,,,,,,,,,,,,,,,,,,,,,,,
31/1/2026,Misriot,1629.6,,,,,,,,,,,,,,,,,,,,,,,,,,,,,,
31/1/2026,Shakardara,1173.3,,,,,,,,,,,,,,,,,,,,,,,,,,,,,,
31/1/2026,Sipiala,1642,,,,,,,,,,,,,,,,,,,,,,,,,,,,,,
31/1/2026,Haji Shah,1035.3,,,,,,,,,,,,,,,,,,,,,,,,,,,,,,
31/1/2026,Talikna,1374.8,,,,,,,,,,,,,,,,,,,,,,,,,,,,,,
31/1/2026,Qibla Bandi,1236.4,,,,,,,,,,,,,,,,,,,,,,,,,,,,,,
31/1/2026,Mujahid,1360,,,,,,,,,,,,,,,,,,,,,,,,,,,,,,
31/1/2026,Chahan,1396.7,,,,,,,,,,,,,,,,,,,,,,,,,,,,,,
31/1/2026,Mahota,,,,,,,,,,,,,,,,,,,,,,,,,,,,,,,
1/2/2026,Rawal,1748.3,,,,,,,,,,,,,,,,,,,,,,,,,,,,,,
1/2/2026,Khasala,1329,,,,,,,,,,,,,,,,,,,,,,,,,,,,,,
1/2/2026,Dhok Sanday Mar,1720.3,,,,,,,,,,,,,,,,,,,,,,,,,,,,,,
1/2/2026,Jawa,1380.4,,,,,,,,,,,,,,,,,,,,,,,,,,,,,,
1/2/2026,Misriot,1629.6,,,,,,,,,,,,,,,,,,,,,,,,,,,,,,
1/2/2026,Shakardara,1173.3,,,,,,,,,,,,,,,,,,,,,,,,,,,,,,
1/2/2026,Sipiala,1642,,,,,,,,,,,,,,,,,,,,,,,,,,,,,,
1/2/2026,Haji Shah,1035.3,,,,,,,,,,,,,,,,,,,,,,,,,,,,,,
1/2/2026,Talikna,1374.8,,,,,,,,,,,,,,,,,,,,,,,,,,,,,,
1/2/2026,Qibla Bandi,1236.45,,,,,,,,,,,,,,,,,,,,,,,,,,,,,,
1/2/2026,Mujahid,1360,,,,,,,,,,,,,,,,,,,,,,,,,,,,,,
1/2/2026,Chahan,1396.7,,,,,,,,,,,,,,,,,,,,,,,,,,,,,,
1/2/2026,Mahota,,,,,,,,,,,,,,,,,,,,,,,,,,,,,,,
2/2/2026,Rawal,1748.3,,,,,,,,,,,,,,,,,,,,,,,,,,,,,,
2/2/2026,Khasala,1329,,,,,,,,,,,,,,,,,,,,,,,,,,,,,,
2/2/2026,Dhok Sanday Mar,1720.3,,,,,,,,,,,,,,,,,,,,,,,,,,,,,,
2/2/2026,Jawa,1380.4,,,,,,,,,,,,,,,,,,,,,,,,,,,,,,
2/2/2026,Misriot,1629.6,,,,,,,,,,,,,,,,,,,,,,,,,,,,,,
2/2/2026,Shakardara,1173.3,,,,,,,,,,,,,,,,,,,,,,,,,,,,,,
2/2/2026,Sipiala,1642,,,,,,,,,,,,,,,,,,,,,,,,,,,,,,
2/2/2026,Haji Shah,1035.3,,,,,,,,,,,,,,,,,,,,,,,,,,,,,,
2/2/2026,Talikna,1374.8,,,,,,,,,,,,,,,,,,,,,,,,,,,,,,
2/2/2026,Qibla Bandi,1236.45,,,,,,,,,,,,,,,,,,,,,,,,,,,,,,
2/2/2026,Mujahid,1360,,,,,,,,,,,,,,,,,,,,,,,,,,,,,,
2/2/2026,Chahan,1396.6,,,,,,,,,,,,,,,,,,,,,,,,,,,,,,
2/2/2026,Mahota,,,,,,,,,,,,,,,,,,,,,,,,,,,,,,,
3/2/2026,Rawal,1748.3,,,,,,,,,,,,,,,,,,,,,,,,,,,,,,
3/2/2026,Khasala,1328.9,,,,,,,,,,,,,,,,,,,,,,,,,,,,,,
3/2/2026,Dhok Sanday Mar,1720.3,,,,,,,,,,,,,,,,,,,,,,,,,,,,,,
3/2/2026,Jawa,1380.3,,,,,,,,,,,,,,,,,,,,,,,,,,,,,,
3/2/2026,Misriot,1629.6,,,,,,,,,,,,,,,,,,,,,,,,,,,,,,
3/2/2026,Shakardara,1173.3,,,,,,,,,,,,,,,,,,,,,,,,,,,,,,
3/2/2026,Sipiala,1642,,,,,,,,,,,,,,,,,,,,,,,,,,,,,,
3/2/2026,Haji Shah,1035.3,,,,,,,,,,,,,,,,,,,,,,,,,,,,,,
3/2/2026,Talikna,1374.7,,,,,,,,,,,,,,,,,,,,,,,,,,,,,,
3/2/2026,Qibla Bandi,1236.4,,,,,,,,,,,,,,,,,,,,,,,,,,,,,,
3/2/2026,Mujahid,1360,,,,,,,,,,,,,,,,,,,,,,,,,,,,,,
3/2/2026,Chahan,1396.6,,,,,,,,,,,,,,,,,,,,,,,,,,,,,,
3/2/2026,Mahota,,,,,,,,,,,,,,,,,,,,,,,,,,,,,,,
4/2/2026,Rawal,1748.2,,,,,,,,,,,,,,,,,,,,,,,,,,,,,,
4/2/2026,Khasala,1328.9,,,,,,,,,,,,,,,,,,,,,,,,,,,,,,
4/2/2026,Dhok Sanday Mar,1720.3,,,,,,,,,,,,,,,,,,,,,,,,,,,,,,
4/2/2026,Jawa,1380.3,,,,,,,,,,,,,,,,,,,,,,,,,,,,,,
4/2/2026,Misriot,1629.6,,,,,,,,,,,,,,,,,,,,,,,,,,,,,,
4/2/2026,Shakardara,1173.3,,,,,,,,,,,,,,,,,,,,,,,,,,,,,,
4/2/2026,Sipiala,1642,,,,,,,,,,,,,,,,,,,,,,,,,,,,,,
4/2/2026,Haji Shah,1035.3,,,,,,,,,,,,,,,,,,,,,,,,,,,,,,
4/2/2026,Talikna,1374.7,,,,,,,,,,,,,,,,,,,,,,,,,,,,,,
4/2/2026,Qibla Bandi,1236.4,,,,,,,,,,,,,,,,,,,,,,,,,,,,,,
4/2/2026,Mujahid,1360,,,,,,,,,,,,,,,,,,,,,,,,,,,,,,
4/2/2026,Chahan,1396.5,,,,,,,,,,,,,,,,,,,,,,,,,,,,,,
4/2/2026,Mahota,,,,,,,,,,,,,,,,,,,,,,,,,,,,,,,
5/2/2026,Rawal,1748.2,,,,,,,,,,,,,,,,,,,,,,,,,,,,,,
5/2/2026,Khasala,1328.9,,,,,,,,,,,,,,,,,,,,,,,,,,,,,,
5/2/2026,Dhok Sanday Mar,1720.3,,,,,,,,,,,,,,,,,,,,,,,,,,,,,,
5/2/2026,Jawa,1380.3,,,,,,,,,,,,,,,,,,,,,,,,,,,,,,
5/2/2026,Misriot,1629.6,,,,,,,,,,,,,,,,,,,,,,,,,,,,,,
5/2/2026,Shakardara,1173.3,,,,,,,,,,,,,,,,,,,,,,,,,,,,,,
5/2/2026,Sipiala,1642,,,,,,,,,,,,,,,,,,,,,,,,,,,,,,
5/2/2026,Haji Shah,1035.3,,,,,,,,,,,,,,,,,,,,,,,,,,,,,,
5/2/2026,Talikna,1374.7,,,,,,,,,,,,,,,,,,,,,,,,,,,,,,
5/2/2026,Qibla Bandi,1236.4,,,,,,,,,,,,,,,,,,,,,,,,,,,,,,
5/2/2026,Mujahid,1360,,,,,,,,,,,,,,,,,,,,,,,,,,,,,,
5/2/2026,Chahan,1396.5,,,,,,,,,,,,,,,,,,,,,,,,,,,,,,
5/2/2026,Mahota,,,,,,,,,,,,,,,,,,,,,,,,,,,,,,,
6/2/2026,Rawal,1748.2,,,,,,,,,,,,,,,,,,,,,,,,,,,,,,
6/2/2026,Khasala,1328.9,,,,,,,,,,,,,,,,,,,,,,,,,,,,,,
6/2/2026,Dhok Sanday Mar,1720.3,,,,,,,,,,,,,,,,,,,,,,,,,,,,,,
6/2/2026,Jawa,1380.3,,,,,,,,,,,,,,,,,,,,,,,,,,,,,,
6/2/2026,Misriot,1629.6,,,,,,,,,,,,,,,,,,,,,,,,,,,,,,
6/2/2026,Shakardara,1173.3,,,,,,,,,,,,,,,,,,,,,,,,,,,,,,
6/2/2026,Sipiala,1642,,,,,,,,,,,,,,,,,,,,,,,,,,,,,,
6/2/2026,Haji Shah,1035.3,,,,,,,,,,,,,,,,,,,,,,,,,,,,,,
6/2/2026,Talikna,1374.7,,,,,,,,,,,,,,,,,,,,,,,,,,,,,,
6/2/2026,Qibla Bandi,1236.4,,,,,,,,,,,,,,,,,,,,,,,,,,,,,,
6/2/2026,Mujahid,1360,,,,,,,,,,,,,,,,,,,,,,,,,,,,,,
6/2/2026,Chahan,1396.4,,,,,,,,,,,,,,,,,,,,,,,,,,,,,,
6/2/2026,Mahota,,,,,,,,,,,,,,,,,,,,,,,,,,,,,,,
7/2/2026,Rawal,1748.1,,,,,,,,,,,,,,,,,,,,,,,,,,,,,,
7/2/2026,Khasala,1328.8,,,,,,,,,,,,,,,,,,,,,,,,,,,,,,
7/2/2026,Dhok Sanday Mar,1720.3,,,,,,,,,,,,,,,,,,,,,,,,,,,,,,
7/2/2026,Jawa,1380.2,,,,,,,,,,,,,,,,,,,,,,,,,,,,,,
7/2/2026,Misriot,1629.6,,,,,,,,,,,,,,,,,,,,,,,,,,,,,,
7/2/2026,Shakardara,1173.3,,,,,,,,,,,,,,,,,,,,,,,,,,,,,,
7/2/2026,Sipiala,1642,,,,,,,,,,,,,,,,,,,,,,,,,,,,,,
7/2/2026,Haji Shah,1035.3,,,,,,,,,,,,,,,,,,,,,,,,,,,,,,
7/2/2026,Talikna,1374.7,,,,,,,,,,,,,,,,,,,,,,,,,,,,,,
7/2/2026,Qibla Bandi,1236.4,,,,,,,,,,,,,,,,,,,,,,,,,,,,,,
7/2/2026,Mujahid,1360,,,,,,,,,,,,,,,,,,,,,,,,,,,,,,
7/2/2026,Chahan,1396.4,,,,,,,,,,,,,,,,,,,,,,,,,,,,,,
7/2/2026,Mahota,,,,,,,,,,,,,,,,,,,,,,,,,,,,,,,
8/2/2026,Rawal,1748.1,,,,,,,,,,,,,,,,,,,,,,,,,,,,,,
8/2/2026,Khasala,1328.8,,,,,,,,,,,,,,,,,,,,,,,,,,,,,,
8/2/2026,Dhok Sanday Mar,1720.3,,,,,,,,,,,,,,,,,,,,,,,,,,,,,,
8/2/2026,Jawa,1380.2,,,,,,,,,,,,,,,,,,,,,,,,,,,,,,
8/2/2026,Misriot,1629.6,,,,,,,,,,,,,,,,,,,,,,,,,,,,,,
8/2/2026,Shakardara,1173.3,,,,,,,,,,,,,,,,,,,,,,,,,,,,,,
8/2/2026,Sipiala,1642,,,,,,,,,,,,,,,,,,,,,,,,,,,,,,
8/2/2026,Haji Shah,1035.25,,,,,,,,,,,,,,,,,,,,,,,,,,,,,,
8/2/2026,Talikna,1374.7,,,,,,,,,,,,,,,,,,,,,,,,,,,,,,
8/2/2026,Qibla Bandi,1236.4,,,,,,,,,,,,,,,,,,,,,,,,,,,,,,
8/2/2026,Mujahid,1360,,,,,,,,,,,,,,,,,,,,,,,,,,,,,,
8/2/2026,Chahan,1396.4,,,,,,,,,,,,,,,,,,,,,,,,,,,,,,
8/2/2026,Mahota,,,,,,,,,,,,,,,,,,,,,,,,,,,,,,,
9/2/2026,Rawal,1748,,,,,,,,,,,,,,,,,,,,,,,,,,,,,,
9/2/2026,Khasala,1328.8,,,,,,,,,,,,,,,,,,,,,,,,,,,,,,
9/2/2026,Dhok Sanday Mar,1720.3,,,,,,,,,,,,,,,,,,,,,,,,,,,,,,
9/2/2026,Jawa,1380.2,,,,,,,,,,,,,,,,,,,,,,,,,,,,,,
9/2/2026,Misriot,1629.6,,,,,,,,,,,,,,,,,,,,,,,,,,,,,,
9/2/2026,Shakardara,1173.3,,,,,,,,,,,,,,,,,,,,,,,,,,,,,,
9/2/2026,Sipiala,1642,,,,,,,,,,,,,,,,,,,,,,,,,,,,,,
9/2/2026,Haji Shah,1035.25,,,,,,,,,,,,,,,,,,,,,,,,,,,,,,
9/2/2026,Talikna,1374.7,,,,,,,,,,,,,,,,,,,,,,,,,,,,,,
9/2/2026,Qibla Bandi,1236.4,,,,,,,,,,,,,,,,,,,,,,,,,,,,,,
9/2/2026,Mujahid,1360,,,,,,,,,,,,,,,,,,,,,,,,,,,,,,
9/2/2026,Chahan,1396.3,,,,,,,,,,,,,,,,,,,,,,,,,,,,,,
9/2/2026,Mahota,,,,,,,,,,,,,,,,,,,,,,,,,,,,,,,
10/2/2026,Rawal,1748,,,,,,,,,,,,,,,,,,,,,,,,,,,,,,
10/2/2026,Khasala,1328.8,,,,,,,,,,,,,,,,,,,,,,,,,,,,,,
10/2/2026,Dhok Sanday Mar,1720.3,,,,,,,,,,,,,,,,,,,,,,,,,,,,,,
10/2/2026,Jawa,1380.2,,,,,,,,,,,,,,,,,,,,,,,,,,,,,,
10/2/2026,Misriot,1629.6,,,,,,,,,,,,,,,,,,,,,,,,,,,,,,
10/2/2026,Shakardara,1173.3,,,,,,,,,,,,,,,,,,,,,,,,,,,,,,
10/2/2026,Sipiala,1642.5,,,,,,,,,,,,,,,,,,,,,,,,,,,,,,
10/2/2026,Haji Shah,1035.25,,,,,,,,,,,,,,,,,,,,,,,,,,,,,,
10/2/2026,Talikna,1374.7,,,,,,,,,,,,,,,,,,,,,,,,,,,,,,
10/2/2026,Qibla Bandi,1236.4,,,,,,,,,,,,,,,,,,,,,,,,,,,,,,
10/2/2026,Mujahid,1360,,,,,,,,,,,,,,,,,,,,,,,,,,,,,,
10/2/2026,Chahan,1396.4,,,,,,,,,,,,,,,,,,,,,,,,,,,,,,
10/2/2026,Mahota,,,,,,,,,,,,,,,,,,,,,,,,,,,,,,,
11/2/2026,Rawal,1748,,,,,,,,,,,,,,,,,,,,,,,,,,,,,,
11/2/2026,Khasala,1328.8,,,,,,,,,,,,,,,,,,,,,,,,,,,,,,
11/2/2026,Dhok Sanday Mar,1720.3,,,,,,,,,,,,,,,,,,,,,,,,,,,,,,
11/2/2026,Jawa,1380.2,,,,,,,,,,,,,,,,,,,,,,,,,,,,,,
11/2/2026,Misriot,1629.6,,,,,,,,,,,,,,,,,,,,,,,,,,,,,,
11/2/2026,Shakardara,1173.3,,,,,,,,,,,,,,,,,,,,,,,,,,,,,,
11/2/2026,Sipiala,1642.5,,,,,,,,,,,,,,,,,,,,,,,,,,,,,,
11/2/2026,Haji Shah,1035.25,,,,,,,,,,,,,,,,,,,,,,,,,,,,,,
11/2/2026,Talikna,1374.7,,,,,,,,,,,,,,,,,,,,,,,,,,,,,,
11/2/2026,Qibla Bandi,1236.4,,,,,,,,,,,,,,,,,,,,,,,,,,,,,,
11/2/2026,Mujahid,1360,,,,,,,,,,,,,,,,,,,,,,,,,,,,,,
11/2/2026,Chahan,1397,,,,,,,,,,,,,,,,,,,,,,,,,,,,,,
11/2/2026,Mahota,,,,,,,,,,,,,,,,,,,,,,,,,,,,,,,
12/2/2026,Rawal,1747.9,,,,,,,,,,,,,,,,,,,,,,,,,,,,,,
12/2/2026,Khasala,1328.8,,,,,,,,,,,,,,,,,,,,,,,,,,,,,,
12/2/2026,Dhok Sanday Mar,1720.3,,,,,,,,,,,,,,,,,,,,,,,,,,,,,,
12/2/2026,Jawa,1380.2,,,,,,,,,,,,,,,,,,,,,,,,,,,,,,
12/2/2026,Misriot,1629.6,,,,,,,,,,,,,,,,,,,,,,,,,,,,,,
12/2/2026,Shakardara,1173.3,,,,,,,,,,,,,,,,,,,,,,,,,,,,,,
12/2/2026,Sipiala,1645.1,,,,,,,,,,,,,,,,,,,,,,,,,,,,,,
12/2/2026,Haji Shah,1035.25,,,,,,,,,,,,,,,,,,,,,,,,,,,,,,
12/2/2026,Talikna,1374.7,,,,,,,,,,,,,,,,,,,,,,,,,,,,,,
12/2/2026,Qibla Bandi,1236.4,,,,,,,,,,,,,,,,,,,,,,,,,,,,,,
12/2/2026,Mujahid,1360,,,,,,,,,,,,,,,,,,,,,,,,,,,,,,
12/2/2026,Chahan,1397,,,,,,,,,,,,,,,,,,,,,,,,,,,,,,
12/2/2026,Mahota,,,,,,,,,,,,,,,,,,,,,,,,,,,,,,,
13/2/2026,Rawal,1747.9,,,,,,,,,,,,,,,,,,,,,,,,,,,,,,
13/2/2026,Khasala,1328.8,,,,,,,,,,,,,,,,,,,,,,,,,,,,,,
13/2/2026,Dhok Sanday Mar,1720.3,,,,,,,,,,,,,,,,,,,,,,,,,,,,,,
13/2/2026,Jawa,1380.2,,,,,,,,,,,,,,,,,,,,,,,,,,,,,,
13/2/2026,Misriot,1629.6,,,,,,,,,,,,,,,,,,,,,,,,,,,,,,
13/2/2026,Shakardara,1173.3,,,,,,,,,,,,,,,,,,,,,,,,,,,,,,
13/2/2026,Sipiala,1642.5,,,,,,,,,,,,,,,,,,,,,,,,,,,,,,
13/2/2026,Haji Shah,1035.25,,,,,,,,,,,,,,,,,,,,,,,,,,,,,,
13/2/2026,Talikna,1374.6,,,,,,,,,,,,,,,,,,,,,,,,,,,,,,
13/2/2026,Qibla Bandi,1236.4,,,,,,,,,,,,,,,,,,,,,,,,,,,,,,
13/2/2026,Mujahid,1360,,,,,,,,,,,,,,,,,,,,,,,,,,,,,,
13/2/2026,Chahan,1396.9,,,,,,,,,,,,,,,,,,,,,,,,,,,,,,
13/2/2026,Mahota,,,,,,,,,,,,,,,,,,,,,,,,,,,,,,,
14/2/2026,Rawal,1747.8,,,,,,,,,,,,,,,,,,,,,,,,,,,,,,
14/2/2026,Khasala,1328.7,,,,,,,,,,,,,,,,,,,,,,,,,,,,,,
14/2/2026,Dhok Sanday Mar,1720.3,,,,,,,,,,,,,,,,,,,,,,,,,,,,,,
14/2/2026,Jawa,1380.1,,,,,,,,,,,,,,,,,,,,,,,,,,,,,,
14/2/2026,Misriot,1629.5,,,,,,,,,,,,,,,,,,,,,,,,,,,,,,
14/2/2026,Shakardara,1173.3,,,,,,,,,,,,,,,,,,,,,,,,,,,,,,
14/2/2026,Sipiala,1642.4,,,,,,,,,,,,,,,,,,,,,,,,,,,,,,
14/2/2026,Haji Shah,1035.2,,,,,,,,,,,,,,,,,,,,,,,,,,,,,,
14/2/2026,Talikna,1374.6,,,,,,,,,,,,,,,,,,,,,,,,,,,,,,
14/2/2026,Qibla Bandi,1236.35,,,,,,,,,,,,,,,,,,,,,,,,,,,,,,
14/2/2026,Mujahid,1360,,,,,,,,,,,,,,,,,,,,,,,,,,,,,,
14/2/2026,Chahan,1396.9,,,,,,,,,,,,,,,,,,,,,,,,,,,,,,
14/2/2026,Mahota,,,,,,,,,,,,,,,,,,,,,,,,,,,,,,,
15/2/2026,Rawal,1747.8,,,,,,,,,,,,,,,,,,,,,,,,,,,,,,
15/2/2026,Khasala,1328.7,,,,,,,,,,,,,,,,,,,,,,,,,,,,,,
15/2/2026,Dhok Sanday Mar,1720.3,,,,,,,,,,,,,,,,,,,,,,,,,,,,,,
15/2/2026,Jawa,1380.1,,,,,,,,,,,,,,,,,,,,,,,,,,,,,,
15/2/2026,Misriot,1629.5,,,,,,,,,,,,,,,,,,,,,,,,,,,,,,
15/2/2026,Shakardara,1173.3,,,,,,,,,,,,,,,,,,,,,,,,,,,,,,
15/2/2026,Sipiala,1642.4,,,,,,,,,,,,,,,,,,,,,,,,,,,,,,
15/2/2026,Haji Shah,1035.2,,,,,,,,,,,,,,,,,,,,,,,,,,,,,,
15/2/2026,Talikna,1374.7,,,,,,,,,,,,,,,,,,,,,,,,,,,,,,
15/2/2026,Qibla Bandi,1236.3,,,,,,,,,,,,,,,,,,,,,,,,,,,,,,
15/2/2026,Mujahid,1360,,,,,,,,,,,,,,,,,,,,,,,,,,,,,,
15/2/2026,Chahan,1397,,,,,,,,,,,,,,,,,,,,,,,,,,,,,,
15/2/2026,Mahota,,,,,,,,,,,,,,,,,,,,,,,,,,,,,,,
16/2/2026,Rawal,1747.7,,,,,,,,,,,,,,,,,,,,,,,,,,,,,,
16/2/2026,Khasala,1328.7,,,,,,,,,,,,,,,,,,,,,,,,,,,,,,
16/2/2026,Dhok Sanday Mar,1720,,,,,,,,,,,,,,,,,,,,,,,,,,,,,,
16/2/2026,Jawa,1380.1,,,,,,,,,,,,,,,,,,,,,,,,,,,,,,
16/2/2026,Misriot,1629.5,,,,,,,,,,,,,,,,,,,,,,,,,,,,,,
16/2/2026,Shakardara,1173.2,,,,,,,,,,,,,,,,,,,,,,,,,,,,,,
16/2/2026,Sipiala,1642.4,,,,,,,,,,,,,,,,,,,,,,,,,,,,,,
16/2/2026,Haji Shah,1035.2,,,,,,,,,,,,,,,,,,,,,,,,,,,,,,
16/2/2026,Talikna,1374.6,,,,,,,,,,,,,,,,,,,,,,,,,,,,,,
16/2/2026,Qibla Bandi,1236.25,,,,,,,,,,,,,,,,,,,,,,,,,,,,,,
16/2/2026,Mujahid,1360,,,,,,,,,,,,,,,,,,,,,,,,,,,,,,
16/2/2026,Chahan,1396.8,,,,,,,,,,,,,,,,,,,,,,,,,,,,,,
16/2/2026,Mahota,,,,,,,,,,,,,,,,,,,,,,,,,,,,,,,
17/2/2026,Rawal,1747.6,,,,,,,,,,,,,,,,,,,,,,,,,,,,,,
17/2/2026,Khasala,1328.7,,,,,,,,,,,,,,,,,,,,,,,,,,,,,,
17/2/2026,Dhok Sanday Mar,1720,,,,,,,,,,,,,,,,,,,,,,,,,,,,,,
17/2/2026,Jawa,1380.1,,,,,,,,,,,,,,,,,,,,,,,,,,,,,,
17/2/2026,Misriot,1629.5,,,,,,,,,,,,,,,,,,,,,,,,,,,,,,
17/2/2026,Shakardara,1173.2,,,,,,,,,,,,,,,,,,,,,,,,,,,,,,
17/2/2026,Sipiala,1642.4,,,,,,,,,,,,,,,,,,,,,,,,,,,,,,
17/2/2026,Haji Shah,1035.2,,,,,,,,,,,,,,,,,,,,,,,,,,,,,,
17/2/2026,Talikna,1374.6,,,,,,,,,,,,,,,,,,,,,,,,,,,,,,
17/2/2026,Qibla Bandi,1236.2,,,,,,,,,,,,,,,,,,,,,,,,,,,,,,
17/2/2026,Mujahid,1360,,,,,,,,,,,,,,,,,,,,,,,,,,,,,,
17/2/2026,Chahan,1396.8,,,,,,,,,,,,,,,,,,,,,,,,,,,,,,
17/2/2026,Mahota,,,,,,,,,,,,,,,,,,,,,,,,,,,,,,,
18/2/2026,Rawal,1747.6,,,,,,,,,,,,,,,,,,,,,,,,,,,,,,
18/2/2026,Khasala,1328.6,,,,,,,,,,,,,,,,,,,,,,,,,,,,,,
18/2/2026,Dhok Sanday Mar,1720,,,,,,,,,,,,,,,,,,,,,,,,,,,,,,
18/2/2026,Jawa,1380.1,,,,,,,,,,,,,,,,,,,,,,,,,,,,,,
18/2/2026,Misriot,1629.5,,,,,,,,,,,,,,,,,,,,,,,,,,,,,,
18/2/2026,Shakardara,1173.2,,,,,,,,,,,,,,,,,,,,,,,,,,,,,,
18/2/2026,Sipiala,1642.3,,,,,,,,,,,,,,,,,,,,,,,,,,,,,,
18/2/2026,Haji Shah,1035.15,,,,,,,,,,,,,,,,,,,,,,,,,,,,,,
18/2/2026,Talikna,1374.5,,,,,,,,,,,,,,,,,,,,,,,,,,,,,,
18/2/2026,Qibla Bandi,1236.15,,,,,,,,,,,,,,,,,,,,,,,,,,,,,,
18/2/2026,Mujahid,1360,,,,,,,,,,,,,,,,,,,,,,,,,,,,,,
18/2/2026,Chahan,1396.7,,,,,,,,,,,,,,,,,,,,,,,,,,,,,,
18/2/2026,Mahota,,,,,,,,,,,,,,,,,,,,,,,,,,,,,,,
19/2/2026,Rawal,1747.5,,,,,,,,,,,,,,,,,,,,,,,,,,,,,,
19/2/2026,Khasala,1328.6,,,,,,,,,,,,,,,,,,,,,,,,,,,,,,
19/2/2026,Dhok Sanday Mar,1720,,,,,,,,,,,,,,,,,,,,,,,,,,,,,,
19/2/2026,Jawa,1380,,,,,,,,,,,,,,,,,,,,,,,,,,,,,,
19/2/2026,Misriot,1629.5,,,,,,,,,,,,,,,,,,,,,,,,,,,,,,
19/2/2026,Shakardara,1173.2,,,,,,,,,,,,,,,,,,,,,,,,,,,,,,
19/2/2026,Sipiala,1642.3,,,,,,,,,,,,,,,,,,,,,,,,,,,,,,
19/2/2026,Haji Shah,1035.15,,,,,,,,,,,,,,,,,,,,,,,,,,,,,,
19/2/2026,Talikna,1374.5,,,,,,,,,,,,,,,,,,,,,,,,,,,,,,
19/2/2026,Qibla Bandi,1236.1,,,,,,,,,,,,,,,,,,,,,,,,,,,,,,
19/2/2026,Mujahid,1360,,,,,,,,,,,,,,,,,,,,,,,,,,,,,,
19/2/2026,Chahan,1396.7,,,,,,,,,,,,,,,,,,,,,,,,,,,,,,
19/2/2026,Mahota,,,,,,,,,,,,,,,,,,,,,,,,,,,,,,,
20/2/2026,Rawal,1747.5,,,,,,,,,,,,,,,,,,,,,,,,,,,,,,
20/2/2026,Khasala,1328.6,,,,,,,,,,,,,,,,,,,,,,,,,,,,,,
20/2/2026,Dhok Sanday Mar,1720,,,,,,,,,,,,,,,,,,,,,,,,,,,,,,
20/2/2026,Jawa,1380,,,,,,,,,,,,,,,,,,,,,,,,,,,,,,
20/2/2026,Misriot,1629.5,,,,,,,,,,,,,,,,,,,,,,,,,,,,,,
20/2/2026,Shakardara,1173.2,,,,,,,,,,,,,,,,,,,,,,,,,,,,,,
20/2/2026,Sipiala,1642.3,,,,,,,,,,,,,,,,,,,,,,,,,,,,,,
20/2/2026,Haji Shah,1035.15,,,,,,,,,,,,,,,,,,,,,,,,,,,,,,
20/2/2026,Talikna,1374.5,,,,,,,,,,,,,,,,,,,,,,,,,,,,,,
20/2/2026,Qibla Bandi,1236.05,,,,,,,,,,,,,,,,,,,,,,,,,,,,,,
20/2/2026,Mujahid,1360,,,,,,,,,,,,,,,,,,,,,,,,,,,,,,
20/2/2026,Chahan,1396.6,,,,,,,,,,,,,,,,,,,,,,,,,,,,,,
20/2/2026,Mahota,,,,,,,,,,,,,,,,,,,,,,,,,,,,,,,
21/2/2026,Rawal,1747.4,,,,,,,,,,,,,,,,,,,,,,,,,,,,,,
21/2/2026,Khasala,1328.6,,,,,,,,,,,,,,,,,,,,,,,,,,,,,,
21/2/2026,Dhok Sanday Mar,1720,,,,,,,,,,,,,,,,,,,,,,,,,,,,,,
21/2/2026,Jawa,1380,,,,,,,,,,,,,,,,,,,,,,,,,,,,,,
21/2/2026,Misriot,1629.5,,,,,,,,,,,,,,,,,,,,,,,,,,,,,,
21/2/2026,Shakardara,1173.2,,,,,,,,,,,,,,,,,,,,,,,,,,,,,,
21/2/2026,Sipiala,1642.3,,,,,,,,,,,,,,,,,,,,,,,,,,,,,,
21/2/2026,Haji Shah,1035.15,,,,,,,,,,,,,,,,,,,,,,,,,,,,,,
21/2/2026,Talikna,1374.5,,,,,,,,,,,,,,,,,,,,,,,,,,,,,,
21/2/2026,Qibla Bandi,1235.95,,,,,,,,,,,,,,,,,,,,,,,,,,,,,,
21/2/2026,Mujahid,1360,,,,,,,,,,,,,,,,,,,,,,,,,,,,,,
21/2/2026,Chahan,1396.6,,,,,,,,,,,,,,,,,,,,,,,,,,,,,,
21/2/2026,Mahota,,,,,,,,,,,,,,,,,,,,,,,,,,,,,,,
22/2/2026,Rawal,1747.4,,,,,,,,,,,,,,,,,,,,,,,,,,,,,,
22/2/2026,Khasala,1328.6,,,,,,,,,,,,,,,,,,,,,,,,,,,,,,
22/2/2026,Dhok Sanday Mar,1720,,,,,,,,,,,,,,,,,,,,,,,,,,,,,,
22/2/2026,Jawa,1380,,,,,,,,,,,,,,,,,,,,,,,,,,,,,,
22/2/2026,Misriot,1629.5,,,,,,,,,,,,,,,,,,,,,,,,,,,,,,
22/2/2026,Shakardara,1173.2,,,,,,,,,,,,,,,,,,,,,,,,,,,,,,
22/2/2026,Sipiala,1642.3,,,,,,,,,,,,,,,,,,,,,,,,,,,,,,
22/2/2026,Haji Shah,1035.1,,,,,,,,,,,,,,,,,,,,,,,,,,,,,,
22/2/2026,Talikna,1374.5,,,,,,,,,,,,,,,,,,,,,,,,,,,,,,
22/2/2026,Qibla Bandi,1235.95,,,,,,,,,,,,,,,,,,,,,,,,,,,,,,
22/2/2026,Mujahid,1360,,,,,,,,,,,,,,,,,,,,,,,,,,,,,,
22/2/2026,Chahan,1396.6,,,,,,,,,,,,,,,,,,,,,,,,,,,,,,
22/2/2026,Mahota,,,,,,,,,,,,,,,,,,,,,,,,,,,,,,,
23/2/2026,Rawal,1747.4,,,,,,,,,,,,,,,,,,,,,,,,,,,,,,
23/2/2026,Khasala,1328.6,,,,,,,,,,,,,,,,,,,,,,,,,,,,,,
23/2/2026,Dhok Sanday Mar,1720,,,,,,,,,,,,,,,,,,,,,,,,,,,,,,
23/2/2026,Jawa,1380,,,,,,,,,,,,,,,,,,,,,,,,,,,,,,
23/2/2026,Misriot,1629.5,,,,,,,,,,,,,,,,,,,,,,,,,,,,,,
23/2/2026,Shakardara,1173.1,,,,,,,,,,,,,,,,,,,,,,,,,,,,,,
23/2/2026,Sipiala,1642.3,,,,,,,,,,,,,,,,,,,,,,,,,,,,,,
23/2/2026,Haji Shah,1035.1,,,,,,,,,,,,,,,,,,,,,,,,,,,,,,
23/2/2026,Talikna,1374.5,,,,,,,,,,,,,,,,,,,,,,,,,,,,,,
23/2/2026,Qibla Bandi,1235.85,,,,,,,,,,,,,,,,,,,,,,,,,,,,,,
23/2/2026,Mujahid,1360,,,,,,,,,,,,,,,,,,,,,,,,,,,,,,
23/2/2026,Chahan,1396.5,,,,,,,,,,,,,,,,,,,,,,,,,,,,,,
23/2/2026,Mahota,,,,,,,,,,,,,,,,,,,,,,,,,,,,,,,
24/2/2026,Rawal,1747.3,,,,,,,,,,,,,,,,,,,,,,,,,,,,,,
24/2/2026,Khasala,1328.5,,,,,,,,,,,,,,,,,,,,,,,,,,,,,,
24/2/2026,Dhok Sanday Mar,1720,,,,,,,,,,,,,,,,,,,,,,,,,,,,,,
24/2/2026,Jawa,1379.9,,,,,,,,,,,,,,,,,,,,,,,,,,,,,,
24/2/2026,Misriot,1629.5,,,,,,,,,,,,,,,,,,,,,,,,,,,,,,
24/2/2026,Shakardara,1173.1,,,,,,,,,,,,,,,,,,,,,,,,,,,,,,
24/2/2026,Sipiala,1642.3,,,,,,,,,,,,,,,,,,,,,,,,,,,,,,
24/2/2026,Haji Shah,1035.1,,,,,,,,,,,,,,,,,,,,,,,,,,,,,,
24/2/2026,Talikna,1374.5,,,,,,,,,,,,,,,,,,,,,,,,,,,,,,
24/2/2026,Qibla Bandi,1235.8,,,,,,,,,,,,,,,,,,,,,,,,,,,,,,
24/2/2026,Mujahid,1360,,,,,,,,,,,,,,,,,,,,,,,,,,,,,,
24/2/2026,Chahan,1396.5,,,,,,,,,,,,,,,,,,,,,,,,,,,,,,
24/2/2026,Mahota,,,,,,,,,,,,,,,,,,,,,,,,,,,,,,,
25/2/2026,Rawal,1747.3,,,,,,,,,,,,,,,,,,,,,,,,,,,,,,
25/2/2026,Khasala,1328.4,,,,,,,,,,,,,,,,,,,,,,,,,,,,,,
25/2/2026,Dhok Sanday Mar,1720,,,,,,,,,,,,,,,,,,,,,,,,,,,,,,
25/2/2026,Jawa,1379.8,,,,,,,,,,,,,,,,,,,,,,,,,,,,,,
25/2/2026,Misriot,1629.8,,,,,,,,,,,,,,,,,,,,,,,,,,,,,,
25/2/2026,Shakardara,1173.05,,,,,,,,,,,,,,,,,,,,,,,,,,,,,,
25/2/2026,Sipiala,1642.3,,,,,,,,,,,,,,,,,,,,,,,,,,,,,,
25/2/2026,Haji Shah,1035.05,,,,,,,,,,,,,,,,,,,,,,,,,,,,,,
25/2/2026,Talikna,1374.5,,,,,,,,,,,,,,,,,,,,,,,,,,,,,,
25/2/2026,Qibla Bandi,1235.75,,,,,,,,,,,,,,,,,,,,,,,,,,,,,,
25/2/2026,Mujahid,1360,,,,,,,,,,,,,,,,,,,,,,,,,,,,,,
25/2/2026,Chahan,1396.4,,,,,,,,,,,,,,,,,,,,,,,,,,,,,,
25/2/2026,Mahota,,,,,,,,,,,,,,,,,,,,,,,,,,,,,,,
26/2/2026,Rawal,1747.2,,,,,,,,,,,,,,,,,,,,,,,,,,,,,,
26/2/2026,Khasala,1328.4,,,,,,,,,,,,,,,,,,,,,,,,,,,,,,
26/2/2026,Dhok Sanday Mar,1720,,,,,,,,,,,,,,,,,,,,,,,,,,,,,,
26/2/2026,Jawa,1379.8,,,,,,,,,,,,,,,,,,,,,,,,,,,,,,
26/2/2026,Misriot,1629.8,,,,,,,,,,,,,,,,,,,,,,,,,,,,,,
26/2/2026,Shakardara,1173,,,,,,,,,,,,,,,,,,,,,,,,,,,,,,
26/2/2026,Sipiala,1642.3,,,,,,,,,,,,,,,,,,,,,,,,,,,,,,
26/2/2026,Haji Shah,1035,,,,,,,,,,,,,,,,,,,,,,,,,,,,,,
26/2/2026,Talikna,1374.5,,,,,,,,,,,,,,,,,,,,,,,,,,,,,,
26/2/2026,Qibla Bandi,1235.7,,,,,,,,,,,,,,,,,,,,,,,,,,,,,,
26/2/2026,Mujahid,1360,,,,,,,,,,,,,,,,,,,,,,,,,,,,,,
26/2/2026,Chahan,1396.4,,,,,,,,,,,,,,,,,,,,,,,,,,,,,,
26/2/2026,Mahota,,,,,,,,,,,,,,,,,,,,,,,,,,,,,,,
27/2/2026,Rawal,1747.1,,,,,,,,,,,,,,,,,,,,,,,,,,,,,,
27/2/2026,Khasala,1326.3,,,,,,,,,,,,,,,,,,,,,,,,,,,,,,
27/2/2026,Dhok Sanday Mar,1720,,,,,,,,,,,,,,,,,,,,,,,,,,,,,,
27/2/2026,Jawa,1379.7,,,,,,,,,,,,,,,,,,,,,,,,,,,,,,
27/2/2026,Misriot,1629.7,,,,,,,,,,,,,,,,,,,,,,,,,,,,,,
27/2/2026,Shakardara,1173,,,,,,,,,,,,,,,,,,,,,,,,,,,,,,
27/2/2026,Sipiala,1642.3,,,,,,,,,,,,,,,,,,,,,,,,,,,,,,
27/2/2026,Haji Shah,1034.95,,,,,,,,,,,,,,,,,,,,,,,,,,,,,,
27/2/2026,Talikna,1374.5,,,,,,,,,,,,,,,,,,,,,,,,,,,,,,
27/2/2026,Qibla Bandi,1235.6,,,,,,,,,,,,,,,,,,,,,,,,,,,,,,
27/2/2026,Mujahid,1360,,,,,,,,,,,,,,,,,,,,,,,,,,,,,,
27/2/2026,Chahan,1396.3,,,,,,,,,,,,,,,,,,,,,,,,,,,,,,
27/2/2026,Mahota,,,,,,,,,,,,,,,,,,,,,,,,,,,,,,,
28/2/2026,Rawal,1747.1,,,,,,,,,,,,,,,,,,,,,,,,,,,,,,
28/2/2026,Khasala,1328.3,,,,,,,,,,,,,,,,,,,,,,,,,,,,,,
28/2/2026,Dhok Sanday Mar,1720,,,,,,,,,,,,,,,,,,,,,,,,,,,,,,
28/2/2026,Jawa,1379.7,,,,,,,,,,,,,,,,,,,,,,,,,,,,,,
28/2/2026,Misriot,1629.7,,,,,,,,,,,,,,,,,,,,,,,,,,,,,,
28/2/2026,Shakardara,1172.9,,,,,,,,,,,,,,,,,,,,,,,,,,,,,,
28/2/2026,Sipiala,1642.3,,,,,,,,,,,,,,,,,,,,,,,,,,,,,,
28/2/2026,Haji Shah,1034.95,,,,,,,,,,,,,,,,,,,,,,,,,,,,,,
28/2/2026,Talikna,1374.5,,,,,,,,,,,,,,,,,,,,,,,,,,,,,,
28/2/2026,Qibla Bandi,1235.55,,,,,,,,,,,,,,,,,,,,,,,,,,,,,,
28/2/2026,Mujahid,1360,,,,,,,,,,,,,,,,,,,,,,,,,,,,,,
28/2/2026,Chahan,1396.3,,,,,,,,,,,,,,,,,,,,,,,,,,,,,,
28/2/2026,Mahota,,,,,,,,,,,,,,,,,,,,,,,,,,,,,,,
1/3/2026,Rawal,1747,,,,,,,,,,,,,,,,,,,,,,,,,,,,,,
1/3/2026,Khasala,1328.3,,,,,,,,,,,,,,,,,,,,,,,,,,,,,,
1/3/2026,Dhok Sanday Mar,1720,,,,,,,,,,,,,,,,,,,,,,,,,,,,,,
1/3/2026,Jawa,1379.7,,,,,,,,,,,,,,,,,,,,,,,,,,,,,,
1/3/2026,Misriot,1629.7,,,,,,,,,,,,,,,,,,,,,,,,,,,,,,
1/3/2026,Shakardara,1172.9,,,,,,,,,,,,,,,,,,,,,,,,,,,,,,
1/3/2026,Sipiala,1642,,,,,,,,,,,,,,,,,,,,,,,,,,,,,,
1/3/2026,Haji Shah,1034.95,,,,,,,,,,,,,,,,,,,,,,,,,,,,,,
1/3/2026,Talikna,1375.5,,,,,,,,,,,,,,,,,,,,,,,,,,,,,,
1/3/2026,Qibla Bandi,1235.5,,,,,,,,,,,,,,,,,,,,,,,,,,,,,,
1/3/2026,Mujahid,1360,,,,,,,,,,,,,,,,,,,,,,,,,,,,,,
1/3/2026,Chahan,1396.3,,,,,,,,,,,,,,,,,,,,,,,,,,,,,,
1/3/2026,Mahota,-,,,,,,,,,,,,,,,,,,,,,,,,,,,,,,
2/3/2026,Rawal,1747,,,,,,,,,,,,,,,,,,,,,,,,,,,,,,
2/3/2026,Khasala,1328.3,,,,,,,,,,,,,,,,,,,,,,,,,,,,,,
2/3/2026,Dhok Sanday Mar,1720,,,,,,,,,,,,,,,,,,,,,,,,,,,,,,
2/3/2026,Jawa,1379.7,,,,,,,,,,,,,,,,,,,,,,,,,,,,,,
2/3/2026,Misriot,1629.7,,,,,,,,,,,,,,,,,,,,,,,,,,,,,,
2/3/2026,Shakardara,1172.8,,,,,,,,,,,,,,,,,,,,,,,,,,,,,,
2/3/2026,Sipiala,1642,,,,,,,,,,,,,,,,,,,,,,,,,,,,,,
2/3/2026,Haji Shah,1034.95,,,,,,,,,,,,,,,,,,,,,,,,,,,,,,
2/3/2026,Talikna,1375.5,,,,,,,,,,,,,,,,,,,,,,,,,,,,,,
2/3/2026,Qibla Bandi,1235.45,,,,,,,,,,,,,,,,,,,,,,,,,,,,,,
2/3/2026,Mujahid,1360,,,,,,,,,,,,,,,,,,,,,,,,,,,,,,
2/3/2026,Chahan,1396.3,,,,,,,,,,,,,,,,,,,,,,,,,,,,,,
2/3/2026,Mahota,-,,,,,,,,,,,,,,,,,,,,,,,,,,,,,,
3/3/2026,Rawal,1746.9,,,,,,,,,,,,,,,,,,,,,,,,,,,,,,
3/3/2026,Khasala,1328.2,,,,,,,,,,,,,,,,,,,,,,,,,,,,,,
3/3/2026,Dhok Sanday Mar,1720,,,,,,,,,,,,,,,,,,,,,,,,,,,,,,
3/3/2026,Jawa,1379.6,,,,,,,,,,,,,,,,,,,,,,,,,,,,,,
3/3/2026,Misriot,1629.6,,,,,,,,,,,,,,,,,,,,,,,,,,,,,,
3/3/2026,Shakardara,1172.8,,,,,,,,,,,,,,,,,,,,,,,,,,,,,,
3/3/2026,Sipiala,1644,,,,,,,,,,,,,,,,,,,,,,,,,,,,,,
3/3/2026,Haji Shah,1034.95,,,,,,,,,,,,,,,,,,,,,,,,,,,,,,
3/3/2026,Talikna,1374.5,,,,,,,,,,,,,,,,,,,,,,,,,,,,,,
3/3/2026,Qibla Bandi,1235.4,,,,,,,,,,,,,,,,,,,,,,,,,,,,,,
3/3/2026,Mujahid,1360,,,,,,,,,,,,,,,,,,,,,,,,,,,,,,
3/3/2026,Chahan,1396.2,,,,,,,,,,,,,,,,,,,,,,,,,,,,,,
3/3/2026,Mahota,-,,,,,,,,,,,,,,,,,,,,,,,,,,,,,,
4/3/2026,Rawal,1746.8,,,,,,,,,,,,,,,,,,,,,,,,,,,,,,
4/3/2026,Khasala,1328.2,,,,,,,,,,,,,,,,,,,,,,,,,,,,,,
4/3/2026,Dhok Sanday Mar,1720,,,,,,,,,,,,,,,,,,,,,,,,,,,,,,
4/3/2026,Jawa,1379.6,,,,,,,,,,,,,,,,,,,,,,,,,,,,,,
4/3/2026,Misriot,1629.6,,,,,,,,,,,,,,,,,,,,,,,,,,,,,,
4/3/2026,Shakardara,1172.8,,,,,,,,,,,,,,,,,,,,,,,,,,,,,,
4/3/2026,Sipiala,1642,,,,,,,,,,,,,,,,,,,,,,,,,,,,,,
4/3/2026,Haji Shah,1034.95,,,,,,,,,,,,,,,,,,,,,,,,,,,,,,
4/3/2026,Talikna,1374.5,,,,,,,,,,,,,,,,,,,,,,,,,,,,,,
4/3/2026,Qibla Bandi,1235.35,,,,,,,,,,,,,,,,,,,,,,,,,,,,,,
4/3/2026,Mujahid,1360,,,,,,,,,,,,,,,,,,,,,,,,,,,,,,
4/3/2026,Chahan,1396.2,,,,,,,,,,,,,,,,,,,,,,,,,,,,,,
4/3/2026,Mahota,-,,,,,,,,,,,,,,,,,,,,,,,,,,,,,,
5/3/2026,Rawal,1746.7,,,,,,,,,,,,,,,,,,,,,,,,,,,,,,
5/3/2026,Khasala,1328.1,,,,,,,,,,,,,,,,,,,,,,,,,,,,,,
5/3/2026,Dhok Sanday Mar,1720,,,,,,,,,,,,,,,,,,,,,,,,,,,,,,
5/3/2026,Jawa,1379.5,,,,,,,,,,,,,,,,,,,,,,,,,,,,,,
5/3/2026,Misriot,1629.5,,,,,,,,,,,,,,,,,,,,,,,,,,,,,,
5/3/2026,Shakardara,1172.7,,,,,,,,,,,,,,,,,,,,,,,,,,,,,,
5/3/2026,Sipiala,1642,,,,,,,,,,,,,,,,,,,,,,,,,,,,,,
5/3/2026,Haji Shah,1034.95,,,,,,,,,,,,,,,,,,,,,,,,,,,,,,
5/3/2026,Talikna,1374.5,,,,,,,,,,,,,,,,,,,,,,,,,,,,,,
5/3/2026,Qibla Bandi,1235.3,,,,,,,,,,,,,,,,,,,,,,,,,,,,,,
5/3/2026,Mujahid,1360,,,,,,,,,,,,,,,,,,,,,,,,,,,,,,
5/3/2026,Chahan,1396.1,,,,,,,,,,,,,,,,,,,,,,,,,,,,,,
5/3/2026,Mahota,-,,,,,,,,,,,,,,,,,,,,,,,,,,,,,,
6/3/2026,Rawal,1746.6,,,,,,,,,,,,,,,,,,,,,,,,,,,,,,
6/3/2026,Khasala,1328.1,,,,,,,,,,,,,,,,,,,,,,,,,,,,,,
6/3/2026,Dhok Sanday Mar,1720,,,,,,,,,,,,,,,,,,,,,,,,,,,,,,
6/3/2026,Jawa,1379.5,,,,,,,,,,,,,,,,,,,,,,,,,,,,,,
6/3/2026,Misriot,1629.5,,,,,,,,,,,,,,,,,,,,,,,,,,,,,,
6/3/2026,Shakardara,1172.7,,,,,,,,,,,,,,,,,,,,,,,,,,,,,,
6/3/2026,Sipiala,1642,,,,,,,,,,,,,,,,,,,,,,,,,,,,,,
6/3/2026,Haji Shah,1034.9,,,,,,,,,,,,,,,,,,,,,,,,,,,,,,
6/3/2026,Talikna,1374.5,,,,,,,,,,,,,,,,,,,,,,,,,,,,,,
6/3/2026,Qibla Bandi,1235.2,,,,,,,,,,,,,,,,,,,,,,,,,,,,,,
6/3/2026,Mujahid,1360,,,,,,,,,,,,,,,,,,,,,,,,,,,,,,
6/3/2026,Chahan,1396.1,,,,,,,,,,,,,,,,,,,,,,,,,,,,,,
6/3/2026,Mahota,-,,,,,,,,,,,,,,,,,,,,,,,,,,,,,,
7/3/2026,Rawal,1746.5,,,,,,,,,,,,,,,,,,,,,,,,,,,,,,
7/3/2026,Khasala,1328.1,,,,,,,,,,,,,,,,,,,,,,,,,,,,,,
7/3/2026,Dhok Sanday Mar,1719.3,,,,,,,,,,,,,,,,,,,,,,,,,,,,,,
7/3/2026,Jawa,1379.5,,,,,,,,,,,,,,,,,,,,,,,,,,,,,,
7/3/2026,Misriot,1629.5,,,,,,,,,,,,,,,,,,,,,,,,,,,,,,
7/3/2026,Shakardara,1172.5,,,,,,,,,,,,,,,,,,,,,,,,,,,,,,
7/3/2026,Sipiala,1642,,,,,,,,,,,,,,,,,,,,,,,,,,,,,,
7/3/2026,Haji Shah,1034.9,,,,,,,,,,,,,,,,,,,,,,,,,,,,,,
7/3/2026,Talikna,1374.5,,,,,,,,,,,,,,,,,,,,,,,,,,,,,,
7/3/2026,Qibla Bandi,1235.1,,,,,,,,,,,,,,,,,,,,,,,,,,,,,,
7/3/2026,Mujahid,1360,,,,,,,,,,,,,,,,,,,,,,,,,,,,,,
7/3/2026,Chahan,1396.1,,,,,,,,,,,,,,,,,,,,,,,,,,,,,,
7/3/2026,Mahota,-,,,,,,,,,,,,,,,,,,,,,,,,,,,,,,
8/3/2026,Rawal,1746.4,,,,,,,,,,,,,,,,,,,,,,,,,,,,,,
8/3/2026,Khasala,1328.1,,,,,,,,,,,,,,,,,,,,,,,,,,,,,,
8/3/2026,Dhok Sanday Mar,1719,,,,,,,,,,,,,,,,,,,,,,,,,,,,,,
8/3/2026,Jawa,1379.5,,,,,,,,,,,,,,,,,,,,,,,,,,,,,,
8/3/2026,Misriot,1629.5,,,,,,,,,,,,,,,,,,,,,,,,,,,,,,
8/3/2026,Shakardara,1172.5,,,,,,,,,,,,,,,,,,,,,,,,,,,,,,
8/3/2026,Sipiala,1642,,,,,,,,,,,,,,,,,,,,,,,,,,,,,,
8/3/2026,Haji Shah,1034.85,,,,,,,,,,,,,,,,,,,,,,,,,,,,,,
8/3/2026,Talikna,1374.5,,,,,,,,,,,,,,,,,,,,,,,,,,,,,,
8/3/2026,Qibla Bandi,1235.05,,,,,,,,,,,,,,,,,,,,,,,,,,,,,,
8/3/2026,Mujahid,1360,,,,,,,,,,,,,,,,,,,,,,,,,,,,,,
8/3/2026,Chahan,1396.1,,,,,,,,,,,,,,,,,,,,,,,,,,,,,,
8/3/2026,Mahota,-,,,,,,,,,,,,,,,,,,,,,,,,,,,,,,
9/3/2026,Rawal,1746.3,,,,,,,,,,,,,,,,,,,,,,,,,,,,,,
9/3/2026,Khasala,1328.1,,,,,,,,,,,,,,,,,,,,,,,,,,,,,,
9/3/2026,Dhok Sanday Mar,1719,,,,,,,,,,,,,,,,,,,,,,,,,,,,,,
9/3/2026,Jawa,1379.4,,,,,,,,,,,,,,,,,,,,,,,,,,,,,,
9/3/2026,Misriot,1629.4,,,,,,,,,,,,,,,,,,,,,,,,,,,,,,
9/3/2026,Shakardara,1172.5,,,,,,,,,,,,,,,,,,,,,,,,,,,,,,
9/3/2026,Sipiala,1642,,,,,,,,,,,,,,,,,,,,,,,,,,,,,,
9/3/2026,Haji Shah,1034.85,,,,,,,,,,,,,,,,,,,,,,,,,,,,,,
9/3/2026,Talikna,1374.5,,,,,,,,,,,,,,,,,,,,,,,,,,,,,,
9/3/2026,Qibla Bandi,1234.95,,,,,,,,,,,,,,,,,,,,,,,,,,,,,,
9/3/2026,Mujahid,1360,,,,,,,,,,,,,,,,,,,,,,,,,,,,,,
9/3/2026,Chahan,1396,,,,,,,,,,,,,,,,,,,,,,,,,,,,,,
9/3/2026,Mahota,-,,,,,,,,,,,,,,,,,,,,,,,,,,,,,,
10/3/2026,Rawal,1746.2,,,,,,,,,,,,,,,,,,,,,,,,,,,,,,
10/3/2026,Khasala,1328,,,,,,,,,,,,,,,,,,,,,,,,,,,,,,
10/3/2026,Dhok Sanday Mar,1719,,,,,,,,,,,,,,,,,,,,,,,,,,,,,,
10/3/2026,Jawa,1379.4,,,,,,,,,,,,,,,,,,,,,,,,,,,,,,
10/3/2026,Misriot,1629.4,,,,,,,,,,,,,,,,,,,,,,,,,,,,,,
10/3/2026,Shakardara,1172.5,,,,,,,,,,,,,,,,,,,,,,,,,,,,,,
10/3/2026,Sipiala,1642,,,,,,,,,,,,,,,,,,,,,,,,,,,,,,
10/3/2026,Haji Shah,1034.85,,,,,,,,,,,,,,,,,,,,,,,,,,,,,,
10/3/2026,Talikna,1374.5,,,,,,,,,,,,,,,,,,,,,,,,,,,,,,
10/3/2026,Qibla Bandi,1234.9,,,,,,,,,,,,,,,,,,,,,,,,,,,,,,
10/3/2026,Mujahid,1360,,,,,,,,,,,,,,,,,,,,,,,,,,,,,,
10/3/2026,Chahan,1396,,,,,,,,,,,,,,,,,,,,,,,,,,,,,,
10/3/2026,Mahota,-,,,,,,,,,,,,,,,,,,,,,,,,,,,,,,
11/3/2026,Rawal,1746.1,,,,,,,,,,,,,,,,,,,,,,,,,,,,,,
11/3/2026,Khasala,1328,,,,,,,,,,,,,,,,,,,,,,,,,,,,,,
11/3/2026,Dhok Sanday Mar,1719,,,,,,,,,,,,,,,,,,,,,,,,,,,,,,
11/3/2026,Jawa,1379.4,,,,,,,,,,,,,,,,,,,,,,,,,,,,,,
11/3/2026,Misriot,1629.4,,,,,,,,,,,,,,,,,,,,,,,,,,,,,,
11/3/2026,Shakardara,1172.5,,,,,,,,,,,,,,,,,,,,,,,,,,,,,,
11/3/2026,Sipiala,1642,,,,,,,,,,,,,,,,,,,,,,,,,,,,,,
11/3/2026,Haji Shah,1034.85,,,,,,,,,,,,,,,,,,,,,,,,,,,,,,
11/3/2026,Talikna,1374.6,,,,,,,,,,,,,,,,,,,,,,,,,,,,,,
11/3/2026,Qibla Bandi,1234.9,,,,,,,,,,,,,,,,,,,,,,,,,,,,,,
11/3/2026,Mujahid,1360,,,,,,,,,,,,,,,,,,,,,,,,,,,,,,
11/3/2026,Chahan,1395.9,,,,,,,,,,,,,,,,,,,,,,,,,,,,,,
11/3/2026,Mahota,-,,,,,,,,,,,,,,,,,,,,,,,,,,,,,,
12/3/2026,Rawal,1746,,,,,,,,,,,,,,,,,,,,,,,,,,,,,,
12/3/2026,Khasala,1328,,,,,,,,,,,,,,,,,,,,,,,,,,,,,,
12/3/2026,Dhok Sanday Mar,1719,,,,,,,,,,,,,,,,,,,,,,,,,,,,,,
12/3/2026,Jawa,1379.4,,,,,,,,,,,,,,,,,,,,,,,,,,,,,,
12/3/2026,Misriot,1629.4,,,,,,,,,,,,,,,,,,,,,,,,,,,,,,
12/3/2026,Shakardara,1172.5,,,,,,,,,,,,,,,,,,,,,,,,,,,,,,
12/3/2026,Sipiala,1642,,,,,,,,,,,,,,,,,,,,,,,,,,,,,,
12/3/2026,Haji Shah,1034.8,,,,,,,,,,,,,,,,,,,,,,,,,,,,,,
12/3/2026,Talikna,1374.5,,,,,,,,,,,,,,,,,,,,,,,,,,,,,,
12/3/2026,Qibla Bandi,1234.85,,,,,,,,,,,,,,,,,,,,,,,,,,,,,,
12/3/2026,Mujahid,1360,,,,,,,,,,,,,,,,,,,,,,,,,,,,,,
12/3/2026,Chahan,1395.9,,,,,,,,,,,,,,,,,,,,,,,,,,,,,,
12/3/2026,Mahota,-,,,,,,,,,,,,,,,,,,,,,,,,,,,,,,
13/3/2026,Rawal,1746,,,,,,,,,,,,,,,,,,,,,,,,,,,,,,
13/3/2026,Khasala,1327.9,,,,,,,,,,,,,,,,,,,,,,,,,,,,,,
13/3/2026,Dhok Sanday Mar,1719,,,,,,,,,,,,,,,,,,,,,,,,,,,,,,
13/3/2026,Jawa,1379.3,,,,,,,,,,,,,,,,,,,,,,,,,,,,,,
13/3/2026,Misriot,1629.3,,,,,,,,,,,,,,,,,,,,,,,,,,,,,,
13/3/2026,Shakardara,1172.5,,,,,,,,,,,,,,,,,,,,,,,,,,,,,,
13/3/2026,Sipiala,1642,,,,,,,,,,,,,,,,,,,,,,,,,,,,,,
13/3/2026,Haji Shah,1034.8,,,,,,,,,,,,,,,,,,,,,,,,,,,,,,
13/3/2026,Talikna,1374.5,,,,,,,,,,,,,,,,,,,,,,,,,,,,,,
13/3/2026,Qibla Bandi,1234.8,,,,,,,,,,,,,,,,,,,,,,,,,,,,,,
13/3/2026,Mujahid,1360,,,,,,,,,,,,,,,,,,,,,,,,,,,,,,
13/3/2026,Chahan,1395.9,,,,,,,,,,,,,,,,,,,,,,,,,,,,,,
13/3/2026,Mahota,-,,,,,,,,,,,,,,,,,,,,,,,,,,,,,,
14/3/2026,Rawal,1746,,,,,,,,,,,,,,,,,,,,,,,,,,,,,,
14/3/2026,Khasala,1327.9,,,,,,,,,,,,,,,,,,,,,,,,,,,,,,
14/3/2026,Dhok Sanday Mar,1719,,,,,,,,,,,,,,,,,,,,,,,,,,,,,,
14/3/2026,Jawa,1379.3,,,,,,,,,,,,,,,,,,,,,,,,,,,,,,
14/3/2026,Misriot,1629.3,,,,,,,,,,,,,,,,,,,,,,,,,,,,,,
14/3/2026,Shakardara,1172.5,,,,,,,,,,,,,,,,,,,,,,,,,,,,,,
14/3/2026,Sipiala,1641.8,,,,,,,,,,,,,,,,,,,,,,,,,,,,,,
14/3/2026,Haji Shah,1034.8,,,,,,,,,,,,,,,,,,,,,,,,,,,,,,
14/3/2026,Talikna,1374.5,,,,,,,,,,,,,,,,,,,,,,,,,,,,,,
14/3/2026,Qibla Bandi,1234.8,,,,,,,,,,,,,,,,,,,,,,,,,,,,,,
14/3/2026,Mujahid,1360,,,,,,,,,,,,,,,,,,,,,,,,,,,,,,
14/3/2026,Chahan,1395.8,,,,,,,,,,,,,,,,,,,,,,,,,,,,,,
14/3/2026,Mahota,-,,,,,,,,,,,,,,,,,,,,,,,,,,,,,,
15/3/2026,Rawal,1745.9,,,,,,,,,,,,,,,,,,,,,,,,,,,,,,
15/3/2026,Khasala,1327.9,,,,,,,,,,,,,,,,,,,,,,,,,,,,,,
15/3/2026,Dhok Sanday Mar,1719,,,,,,,,,,,,,,,,,,,,,,,,,,,,,,
15/3/2026,Jawa,1379.3,,,,,,,,,,,,,,,,,,,,,,,,,,,,,,
15/3/2026,Misriot,1629.3,,,,,,,,,,,,,,,,,,,,,,,,,,,,,,
15/3/2026,Shakardara,1172.5,,,,,,,,,,,,,,,,,,,,,,,,,,,,,,
15/3/2026,Sipiala,1641.8,,,,,,,,,,,,,,,,,,,,,,,,,,,,,,
15/3/2026,Haji Shah,1034.75,,,,,,,,,,,,,,,,,,,,,,,,,,,,,,
15/3/2026,Talikna,1374.5,,,,,,,,,,,,,,,,,,,,,,,,,,,,,,
15/3/2026,Qibla Bandi,1234.75,,,,,,,,,,,,,,,,,,,,,,,,,,,,,,
15/3/2026,Mujahid,1360,,,,,,,,,,,,,,,,,,,,,,,,,,,,,,
15/3/2026,Chahan,1395.8,,,,,,,,,,,,,,,,,,,,,,,,,,,,,,
15/3/2026,Mahota,-,,,,,,,,,,,,,,,,,,,,,,,,,,,,,,
16/3/2026,Rawal,1745.9,,,,,,,,,,,,,,,,,,,,,,,,,,,,,,
16/3/2026,Khasala,1327.9,,,,,,,,,,,,,,,,,,,,,,,,,,,,,,
16/3/2026,Dhok Sanday Mar,1719,,,,,,,,,,,,,,,,,,,,,,,,,,,,,,
16/3/2026,Jawa,1379.3,,,,,,,,,,,,,,,,,,,,,,,,,,,,,,
16/3/2026,Misriot,1629.3,,,,,,,,,,,,,,,,,,,,,,,,,,,,,,
16/3/2026,Shakardara,1172.5,,,,,,,,,,,,,,,,,,,,,,,,,,,,,,
16/3/2026,Sipiala,1641.8,,,,,,,,,,,,,,,,,,,,,,,,,,,,,,
16/3/2026,Haji Shah,1034.75,,,,,,,,,,,,,,,,,,,,,,,,,,,,,,
16/3/2026,Talikna,1374.5,,,,,,,,,,,,,,,,,,,,,,,,,,,,,,
16/3/2026,Qibla Bandi,1234.75,,,,,,,,,,,,,,,,,,,,,,,,,,,,,,
16/3/2026,Mujahid,1360,,,,,,,,,,,,,,,,,,,,,,,,,,,,,,
16/3/2026,Chahan,1396,,,,,,,,,,,,,,,,,,,,,,,,,,,,,,
16/3/2026,Mahota,-,,,,,,,,,,,,,,,,,,,,,,,,,,,,,,
17/3/2026,Rawal,1745.9,,,,,,,,,,,,,,,,,,,,,,,,,,,,,,
17/3/2026,Khasala,1327.8,,,,,,,,,,,,,,,,,,,,,,,,,,,,,,
17/3/2026,Dhok Sanday Mar,1719,,,,,,,,,,,,,,,,,,,,,,,,,,,,,,
17/3/2026,Jawa,1379.2,,,,,,,,,,,,,,,,,,,,,,,,,,,,,,
17/3/2026,Misriot,1630,,,,,,,,,,,,,,,,,,,,,,,,,,,,,,
17/3/2026,Shakardara,1172.5,,,,,,,,,,,,,,,,,,,,,,,,,,,,,,
17/3/2026,Sipiala,1641.8,,,,,,,,,,,,,,,,,,,,,,,,,,,,,,
17/3/2026,Haji Shah,1034.75,,,,,,,,,,,,,,,,,,,,,,,,,,,,,,
17/3/2026,Talikna,1374.6,,,,,,,,,,,,,,,,,,,,,,,,,,,,,,
17/3/2026,Qibla Bandi,1234.75,,,,,,,,,,,,,,,,,,,,,,,,,,,,,,
17/3/2026,Mujahid,1360,,,,,,,,,,,,,,,,,,,,,,,,,,,,,,
17/3/2026,Chahan,1396,,,,,,,,,,,,,,,,,,,,,,,,,,,,,,
17/3/2026,Mahota,-,,,,,,,,,,,,,,,,,,,,,,,,,,,,,,
18/3/2026,Rawal,1745.8,,,,,,,,,,,,,,,,,,,,,,,,,,,,,,
18/3/2026,Khasala,1327.8,,,,,,,,,,,,,,,,,,,,,,,,,,,,,,
18/3/2026,Dhok Sanday Mar,1719,,,,,,,,,,,,,,,,,,,,,,,,,,,,,,
18/3/2026,Jawa,1379.2,,,,,,,,,,,,,,,,,,,,,,,,,,,,,,
18/3/2026,Misriot,1630,,,,,,,,,,,,,,,,,,,,,,,,,,,,,,
18/3/2026,Shakardara,1172.5,,,,,,,,,,,,,,,,,,,,,,,,,,,,,,
18/3/2026,Sipiala,1641.8,,,,,,,,,,,,,,,,,,,,,,,,,,,,,,
18/3/2026,Haji Shah,1034.75,,,,,,,,,,,,,,,,,,,,,,,,,,,,,,
18/3/2026,Talikna,1374.6,,,,,,,,,,,,,,,,,,,,,,,,,,,,,,
18/3/2026,Qibla Bandi,1234.7,,,,,,,,,,,,,,,,,,,,,,,,,,,,,,
18/3/2026,Mujahid,1360,,,,,,,,,,,,,,,,,,,,,,,,,,,,,,
18/3/2026,Chahan,1395.9,,,,,,,,,,,,,,,,,,,,,,,,,,,,,,
18/3/2026,Mahota,-,,,,,,,,,,,,,,,,,,,,,,,,,,,,,,
19/3/2026,Rawal,1745.7,,,,,,,,,,,,,,,,,,,,,,,,,,,,,,
19/3/2026,Khasala,1327.8,,,,,,,,,,,,,,,,,,,,,,,,,,,,,,
19/3/2026,Dhok Sanday Mar,1719,,,,,,,,,,,,,,,,,,,,,,,,,,,,,,
19/3/2026,Jawa,1379.2,,,,,,,,,,,,,,,,,,,,,,,,,,,,,,
19/3/2026,Misriot,1630,,,,,,,,,,,,,,,,,,,,,,,,,,,,,,
19/3/2026,Shakardara,1172.5,,,,,,,,,,,,,,,,,,,,,,,,,,,,,,
19/3/2026,Sipiala,1641.8,,,,,,,,,,,,,,,,,,,,,,,,,,,,,,
19/3/2026,Haji Shah,1034.75,,,,,,,,,,,,,,,,,,,,,,,,,,,,,,
19/3/2026,Talikna,1374.6,,,,,,,,,,,,,,,,,,,,,,,,,,,,,,
19/3/2026,Qibla Bandi,1234.7,,,,,,,,,,,,,,,,,,,,,,,,,,,,,,
19/3/2026,Mujahid,1360,,,,,,,,,,,,,,,,,,,,,,,,,,,,,,
19/3/2026,Chahan,1395.9,,,,,,,,,,,,,,,,,,,,,,,,,,,,,,
19/3/2026,Mahota,-,,,,,,,,,,,,,,,,,,,,,,,,,,,,,,
20/3/2026,Rawal,1745.7,,,,,,,,,,,,,,,,,,,,,,,,,,,,,,
20/3/2026,Khasala,1327.8,,,,,,,,,,,,,,,,,,,,,,,,,,,,,,
20/3/2026,Dhok Sanday Mar,1719,,,,,,,,,,,,,,,,,,,,,,,,,,,,,,
20/3/2026,Jawa,1379.2,,,,,,,,,,,,,,,,,,,,,,,,,,,,,,
20/3/2026,Misriot,1630,,,,,,,,,,,,,,,,,,,,,,,,,,,,,,
20/3/2026,Shakardara,1172.5,,,,,,,,,,,,,,,,,,,,,,,,,,,,,,
20/3/2026,Sipiala,1641.8,,,,,,,,,,,,,,,,,,,,,,,,,,,,,,
20/3/2026,Haji Shah,1034.75,,,,,,,,,,,,,,,,,,,,,,,,,,,,,,
20/3/2026,Talikna,1374.65,,,,,,,,,,,,,,,,,,,,,,,,,,,,,,
20/3/2026,Qibla Bandi,1234.7,,,,,,,,,,,,,,,,,,,,,,,,,,,,,,
20/3/2026,Mujahid,1360,,,,,,,,,,,,,,,,,,,,,,,,,,,,,,
20/3/2026,Chahan,1395.8,,,,,,,,,,,,,,,,,,,,,,,,,,,,,,
20/3/2026,Mahota,-,,,,,,,,,,,,,,,,,,,,,,,,,,,,,,
21/3/2026,Rawal,1745.5,,,,,,,,,,,,,,,,,,,,,,,,,,,,,,
21/3/2026,Khasala,1327.8,,,,,,,,,,,,,,,,,,,,,,,,,,,,,,
21/3/2026,Dhok Sanday Mar,1719,,,,,,,,,,,,,,,,,,,,,,,,,,,,,,
21/3/2026,Jawa,1379.2,,,,,,,,,,,,,,,,,,,,,,,,,,,,,,
21/3/2026,Misriot,1630,,,,,,,,,,,,,,,,,,,,,,,,,,,,,,
21/3/2026,Shakardara,1172.5,,,,,,,,,,,,,,,,,,,,,,,,,,,,,,
21/3/2026,Sipiala,1641.8,,,,,,,,,,,,,,,,,,,,,,,,,,,,,,
21/3/2026,Haji Shah,1034.75,,,,,,,,,,,,,,,,,,,,,,,,,,,,,,
21/3/2026,Talikna,1374.65,,,,,,,,,,,,,,,,,,,,,,,,,,,,,,
21/3/2026,Qibla Bandi,1234.7,,,,,,,,,,,,,,,,,,,,,,,,,,,,,,
21/3/2026,Mujahid,1360,,,,,,,,,,,,,,,,,,,,,,,,,,,,,,
21/3/2026,Chahan,1395.8,,,,,,,,,,,,,,,,,,,,,,,,,,,,,,
21/3/2026,Mahota,-,,,,,,,,,,,,,,,,,,,,,,,,,,,,,,
22/3/2026,Rawal,1745.5,,,,,,,,,,,,,,,,,,,,,,,,,,,,,,
22/3/2026,Khasala,1327.8,,,,,,,,,,,,,,,,,,,,,,,,,,,,,,
22/3/2026,Dhok Sanday Mar,1719,,,,,,,,,,,,,,,,,,,,,,,,,,,,,,
22/3/2026,Jawa,1379.2,,,,,,,,,,,,,,,,,,,,,,,,,,,,,,
22/3/2026,Misriot,1630,,,,,,,,,,,,,,,,,,,,,,,,,,,,,,
22/3/2026,Shakardara,1172.5,,,,,,,,,,,,,,,,,,,,,,,,,,,,,,
22/3/2026,Sipiala,1641.8,,,,,,,,,,,,,,,,,,,,,,,,,,,,,,
22/3/2026,Haji Shah,1034.75,,,,,,,,,,,,,,,,,,,,,,,,,,,,,,
22/3/2026,Talikna,1374.65,,,,,,,,,,,,,,,,,,,,,,,,,,,,,,
22/3/2026,Qibla Bandi,1234.7,,,,,,,,,,,,,,,,,,,,,,,,,,,,,,
22/3/2026,Mujahid,1360,,,,,,,,,,,,,,,,,,,,,,,,,,,,,,
22/3/2026,Chahan,1395.8,,,,,,,,,,,,,,,,,,,,,,,,,,,,,,
22/3/2026,Mahota,-,,,,,,,,,,,,,,,,,,,,,,,,,,,,,,
23/3/2026,Rawal,1745.5,,,,,,,,,,,,,,,,,,,,,,,,,,,,,,
23/3/2026,Khasala,1327.8,,,,,,,,,,,,,,,,,,,,,,,,,,,,,,
23/3/2026,Dhok Sanday Mar,1719,,,,,,,,,,,,,,,,,,,,,,,,,,,,,,
23/3/2026,Jawa,1379.2,,,,,,,,,,,,,,,,,,,,,,,,,,,,,,
23/3/2026,Misriot,1630,,,,,,,,,,,,,,,,,,,,,,,,,,,,,,
23/3/2026,Shakardara,1172.5,,,,,,,,,,,,,,,,,,,,,,,,,,,,,,
23/3/2026,Sipiala,1641.8,,,,,,,,,,,,,,,,,,,,,,,,,,,,,,
23/3/2026,Haji Shah,1034.75,,,,,,,,,,,,,,,,,,,,,,,,,,,,,,
23/3/2026,Talikna,1374.65,,,,,,,,,,,,,,,,,,,,,,,,,,,,,,
23/3/2026,Qibla Bandi,1234.7,,,,,,,,,,,,,,,,,,,,,,,,,,,,,,
23/3/2026,Mujahid,1360,,,,,,,,,,,,,,,,,,,,,,,,,,,,,,
23/3/2026,Chahan,1395.8,,,,,,,,,,,,,,,,,,,,,,,,,,,,,,
23/3/2026,Mahota,-,,,,,,,,,,,,,,,,,,,,,,,,,,,,,,
24/3/2026,Rawal,1745.4,,,,,,,,,,,,,,,,,,,,,,,,,,,,,,
24/3/2026,Khasala,1327.8,,,,,,,,,,,,,,,,,,,,,,,,,,,,,,
24/3/2026,Dhok Sanday Mar,1719.8,,,,,,,,,,,,,,,,,,,,,,,,,,,,,,
24/3/2026,Jawa,1379.2,,,,,,,,,,,,,,,,,,,,,,,,,,,,,,
24/3/2026,Misriot,1630,,,,,,,,,,,,,,,,,,,,,,,,,,,,,,
24/3/2026,Shakardara,1172.5,,,,,,,,,,,,,,,,,,,,,,,,,,,,,,
24/3/2026,Sipiala,1641.8,,,,,,,,,,,,,,,,,,,,,,,,,,,,,,
24/3/2026,Haji Shah,1034.75,,,,,,,,,,,,,,,,,,,,,,,,,,,,,,
24/3/2026,Talikna,1374.65,,,,,,,,,,,,,,,,,,,,,,,,,,,,,,
24/3/2026,Qibla Bandi,1234.7,,,,,,,,,,,,,,,,,,,,,,,,,,,,,,
24/3/2026,Mujahid,1360,,,,,,,,,,,,,,,,,,,,,,,,,,,,,,
24/3/2026,Chahan,1395.8,,,,,,,,,,,,,,,,,,,,,,,,,,,,,,
24/3/2026,Mahota,-,,,,,,,,,,,,,,,,,,,,,,,,,,,,,,
25/3/2026,Rawal,1745.3,,,,,,,,,,,,,,,,,,,,,,,,,,,,,,
25/3/2026,Khasala,1327.7,,,,,,,,,,,,,,,,,,,,,,,,,,,,,,
25/3/2026,Dhok Sanday Mar,1719,,,,,,,,,,,,,,,,,,,,,,,,,,,,,,
25/3/2026,Jawa,1379.1,,,,,,,,,,,,,,,,,,,,,,,,,,,,,,
25/3/2026,Misriot,1629.9,,,,,,,,,,,,,,,,,,,,,,,,,,,,,,
25/3/2026,Shakardara,1172.5,,,,,,,,,,,,,,,,,,,,,,,,,,,,,,
25/3/2026,Sipiala,1641.6,,,,,,,,,,,,,,,,,,,,,,,,,,,,,,
25/3/2026,Haji Shah,1034.7,,,,,,,,,,,,,,,,,,,,,,,,,,,,,,
25/3/2026,Talikna,1374.75,,,,,,,,,,,,,,,,,,,,,,,,,,,,,,
25/3/2026,Qibla Bandi,1234.65,,,,,,,,,,,,,,,,,,,,,,,,,,,,,,
25/3/2026,Mujahid,1360,,,,,,,,,,,,,,,,,,,,,,,,,,,,,,
25/3/2026,Chahan,1396.2,,,,,,,,,,,,,,,,,,,,,,,,,,,,,,
25/3/2026,Mahota,-,,,,,,,,,,,,,,,,,,,,,,,,,,,,,,
26/3/2026,Rawal,1745.2,,,,,,,,,,,,,,,,,,,,,,,,,,,,,,
26/3/2026,Khasala,1327.7,,,,,,,,,,,,,,,,,,,,,,,,,,,,,,
26/3/2026,Dhok Sanday Mar,1719,,,,,,,,,,,,,,,,,,,,,,,,,,,,,,
26/3/2026,Jawa,1379.1,,,,,,,,,,,,,,,,,,,,,,,,,,,,,,
26/3/2026,Misriot,1629.9,,,,,,,,,,,,,,,,,,,,,,,,,,,,,,
26/3/2026,Shakardara,1172.5,,,,,,,,,,,,,,,,,,,,,,,,,,,,,,
26/3/2026,Sipiala,1641.6,,,,,,,,,,,,,,,,,,,,,,,,,,,,,,
26/3/2026,Haji Shah,1034.65,,,,,,,,,,,,,,,,,,,,,,,,,,,,,,
26/3/2026,Talikna,1374.65,,,,,,,,,,,,,,,,,,,,,,,,,,,,,,
26/3/2026,Qibla Bandi,1234.6,,,,,,,,,,,,,,,,,,,,,,,,,,,,,,
26/3/2026,Mujahid,1360,,,,,,,,,,,,,,,,,,,,,,,,,,,,,,
26/3/2026,Chahan,1396.2,,,,,,,,,,,,,,,,,,,,,,,,,,,,,,
26/3/2026,Mahota,-,,,,,,,,,,,,,,,,,,,,,,,,,,,,,,
27/3/2026,Rawal,1745.1,,,,,,,,,,,,,,,,,,,,,,,,,,,,,,
27/3/2026,Khasala,1327.7,,,,,,,,,,,,,,,,,,,,,,,,,,,,,,
27/3/2026,Dhok Sanday Mar,1719,,,,,,,,,,,,,,,,,,,,,,,,,,,,,,
27/3/2026,Jawa,1379.1,,,,,,,,,,,,,,,,,,,,,,,,,,,,,,
27/3/2026,Misriot,1629.9,,,,,,,,,,,,,,,,,,,,,,,,,,,,,,
27/3/2026,Shakardara,1172.5,,,,,,,,,,,,,,,,,,,,,,,,,,,,,,
27/3/2026,Sipiala,1641.6,,,,,,,,,,,,,,,,,,,,,,,,,,,,,,
27/3/2026,Haji Shah,1034.65,,,,,,,,,,,,,,,,,,,,,,,,,,,,,,
27/3/2026,Talikna,1374.65,,,,,,,,,,,,,,,,,,,,,,,,,,,,,,
27/3/2026,Qibla Bandi,1234.6,,,,,,,,,,,,,,,,,,,,,,,,,,,,,,
27/3/2026,Mujahid,1360,,,,,,,,,,,,,,,,,,,,,,,,,,,,,,
27/3/2026,Chahan,1396.3,,,,,,,,,,,,,,,,,,,,,,,,,,,,,,
27/3/2026,Mahota,-,,,,,,,,,,,,,,,,,,,,,,,,,,,,,,
28/3/2026,Rawal,1745,,,,,,,,,,,,,,,,,,,,,,,,,,,,,,
28/3/2026,Khasala,1327.7,,,,,,,,,,,,,,,,,,,,,,,,,,,,,,
28/3/2026,Dhok Sanday Mar,1719,,,,,,,,,,,,,,,,,,,,,,,,,,,,,,
28/3/2026,Jawa,1379.1,,,,,,,,,,,,,,,,,,,,,,,,,,,,,,
28/3/2026,Misriot,1629.9,,,,,,,,,,,,,,,,,,,,,,,,,,,,,,
28/3/2026,Shakardara,1172,,,,,,,,,,,,,,,,,,,,,,,,,,,,,,
28/3/2026,Sipiala,1641.6,,,,,,,,,,,,,,,,,,,,,,,,,,,,,,
28/3/2026,Haji Shah,1034.65,,,,,,,,,,,,,,,,,,,,,,,,,,,,,,
28/3/2026,Talikna,1374.65,,,,,,,,,,,,,,,,,,,,,,,,,,,,,,
28/3/2026,Qibla Bandi,1234.55,,,,,,,,,,,,,,,,,,,,,,,,,,,,,,
28/3/2026,Mujahid,1360,,,,,,,,,,,,,,,,,,,,,,,,,,,,,,
28/3/2026,Chahan,1396.4,,,,,,,,,,,,,,,,,,,,,,,,,,,,,,
28/3/2026,Mahota,-,,,,,,,,,,,,,,,,,,,,,,,,,,,,,,
29/3/2026,Rawal,1744.9,,,,,,,,,,,,,,,,,,,,,,,,,,,,,,
29/3/2026,Khasala,1327.7,,,,,,,,,,,,,,,,,,,,,,,,,,,,,,
29/3/2026,Dhok Sanday Mar,1719,,,,,,,,,,,,,,,,,,,,,,,,,,,,,,
29/3/2026,Jawa,1379.1,,,,,,,,,,,,,,,,,,,,,,,,,,,,,,
29/3/2026,Misriot,1629.9,,,,,,,,,,,,,,,,,,,,,,,,,,,,,,
29/3/2026,Shakardara,1172,,,,,,,,,,,,,,,,,,,,,,,,,,,,,,
29/3/2026,Sipiala,1641.6,,,,,,,,,,,,,,,,,,,,,,,,,,,,,,
29/3/2026,Haji Shah,1034.65,,,,,,,,,,,,,,,,,,,,,,,,,,,,,,
29/3/2026,Talikna,1374.65,,,,,,,,,,,,,,,,,,,,,,,,,,,,,,
29/3/2026,Qibla Bandi,1234.5,,,,,,,,,,,,,,,,,,,,,,,,,,,,,,
29/3/2026,Mujahid,1360,,,,,,,,,,,,,,,,,,,,,,,,,,,,,,
29/3/2026,Chahan,1396.4,,,,,,,,,,,,,,,,,,,,,,,,,,,,,,
29/3/2026,Mahota,-,,,,,,,,,,,,,,,,,,,,,,,,,,,,,,
30/3/2026,Rawal,1744.9,,,,,,,,,,,,,,,,,,,,,,,,,,,,,,
30/3/2026,Khasala,1327.7,,,,,,,,,,,,,,,,,,,,,,,,,,,,,,
30/3/2026,Dhok Sanday Mar,1719,,,,,,,,,,,,,,,,,,,,,,,,,,,,,,
30/3/2026,Jawa,1379.1,,,,,,,,,,,,,,,,,,,,,,,,,,,,,,
30/3/2026,Misriot,1629.9,,,,,,,,,,,,,,,,,,,,,,,,,,,,,,
30/3/2026,Shakardara,1172.87,,,,,,,,,,,,,,,,,,,,,,,,,,,,,,
30/3/2026,Sipiala,1641.6,,,,,,,,,,,,,,,,,,,,,,,,,,,,,,
30/3/2026,Haji Shah,1034.65,,,,,,,,,,,,,,,,,,,,,,,,,,,,,,
30/3/2026,Talikna,1374.7,,,,,,,,,,,,,,,,,,,,,,,,,,,,,,
30/3/2026,Qibla Bandi,1234.5,,,,,,,,,,,,,,,,,,,,,,,,,,,,,,
30/3/2026,Mujahid,1360,,,,,,,,,,,,,,,,,,,,,,,,,,,,,,
30/3/2026,Chahan,1396.5,,,,,,,,,,,,,,,,,,,,,,,,,,,,,,
30/3/2026,Mahota,-,,,,,,,,,,,,,,,,,,,,,,,,,,,,,,
31/3/2026,Rawal,1746,,,,,,,,,,,,,,,,,,,,,,,,,,,,,,
31/3/2026,Khasala,1328.7,,,,,,,,,,,,,,,,,,,,,,,,,,,,,,
31/3/2026,Dhok Sanday Mar,1719,,,,,,,,,,,,,,,,,,,,,,,,,,,,,,
31/3/2026,Jawa,1379.1,,,,,,,,,,,,,,,,,,,,,,,,,,,,,,
31/3/2026,Misriot,1631.1,,,,,,,,,,,,,,,,,,,,,,,,,,,,,,
31/3/2026,Shakardara,1172.9,,,,,,,,,,,,,,,,,,,,,,,,,,,,,,
31/3/2026,Sipiala,1641.9,,,,,,,,,,,,,,,,,,,,,,,,,,,,,,
31/3/2026,Haji Shah,1034.65,,,,,,,,,,,,,,,,,,,,,,,,,,,,,,
31/3/2026,Talikna,1374.7,,,,,,,,,,,,,,,,,,,,,,,,,,,,,,
31/3/2026,Qibla Bandi,1234.5,,,,,,,,,,,,,,,,,,,,,,,,,,,,,,
31/3/2026,Mujahid,1360,,,,,,,,,,,,,,,,,,,,,,,,,,,,,,
31/3/2026,Chahan,1397,,,,,,,,,,,,,,,,,,,,,,,,,,,,,,
31/3/2026,Mahota,-,,,,,,,,,,,,,,,,,,,,,,,,,,,,,,
1/4/2026,Rawal,1746.1,,,,,,,,,,,,,,,,,,,,,,,,,,,,,,
1/4/2026,Khasala,1328.7,,,,,,,,,,,,,,,,,,,,,,,,,,,,,,
1/4/2026,Dhok Sanday Mar,1719,,,,,,,,,,,,,,,,,,,,,,,,,,,,,,
1/4/2026,Jawa,1379.1,,,,,,,,,,,,,,,,,,,,,,,,,,,,,,
1/4/2026,Misriot,1631.1,,,,,,,,,,,,,,,,,,,,,,,,,,,,,,
1/4/2026,Shakardara,1173.5,,,,,,,,,,,,,,,,,,,,,,,,,,,,,,
1/4/2026,Sipiala,1641.9,,,,,,,,,,,,,,,,,,,,,,,,,,,,,,
1/4/2026,Haji Shah,1034.65,,,,,,,,,,,,,,,,,,,,,,,,,,,,,,
1/4/2026,Talikna,1374.7,,,,,,,,,,,,,,,,,,,,,,,,,,,,,,
1/4/2026,Qibla Bandi,1234.5,,,,,,,,,,,,,,,,,,,,,,,,,,,,,,
1/4/2026,Mujahid,1360,,,,,,,,,,,,,,,,,,,,,,,,,,,,,,
1/4/2026,Chahan,1398,,,,,,,,,,,,,,,,,,,,,,,,,,,,,,
1/4/2026,Mahota,-,,,,,,,,,,,,,,,,,,,,,,,,,,,,,,
2/4/2026,Rawal,1746.1,,,,,,,,,,,,,,,,,,,,,,,,,,,,,,
2/4/2026,Khasala,1328.7,,,,,,,,,,,,,,,,,,,,,,,,,,,,,,
2/4/2026,Dhok Sanday Mar,1719,,,,,,,,,,,,,,,,,,,,,,,,,,,,,,
2/4/2026,Jawa,1379.1,,,,,,,,,,,,,,,,,,,,,,,,,,,,,,
2/4/2026,Misriot,1631.1,,,,,,,,,,,,,,,,,,,,,,,,,,,,,,
2/4/2026,Shakardara,1173.5,,,,,,,,,,,,,,,,,,,,,,,,,,,,,,
2/4/2026,Sipiala,1641.9,,,,,,,,,,,,,,,,,,,,,,,,,,,,,,
2/4/2026,Haji Shah,1034.65,,,,,,,,,,,,,,,,,,,,,,,,,,,,,,
2/4/2026,Talikna,1374.7,,,,,,,,,,,,,,,,,,,,,,,,,,,,,,
2/4/2026,Qibla Bandi,1234.55,,,,,,,,,,,,,,,,,,,,,,,,,,,,,,
2/4/2026,Mujahid,1360,,,,,,,,,,,,,,,,,,,,,,,,,,,,,,
2/4/2026,Chahan,1398,,,,,,,,,,,,,,,,,,,,,,,,,,,,,,
2/4/2026,Mahota,-,,,,,,,,,,,,,,,,,,,,,,,,,,,,,,
3/4/2026,Rawal,1746.1,,,,,,,,,,,,,,,,,,,,,,,,,,,,,,
3/4/2026,Khasala,1328.7,,,,,,,,,,,,,,,,,,,,,,,,,,,,,,
3/4/2026,Dhok Sanday Mar,1719,,,,,,,,,,,,,,,,,,,,,,,,,,,,,,
3/4/2026,Jawa,1379.1,,,,,,,,,,,,,,,,,,,,,,,,,,,,,,
3/4/2026,Misriot,1631.1,,,,,,,,,,,,,,,,,,,,,,,,,,,,,,
3/4/2026,Shakardara,1173.5,,,,,,,,,,,,,,,,,,,,,,,,,,,,,,
3/4/2026,Sipiala,1641.9,,,,,,,,,,,,,,,,,,,,,,,,,,,,,,
3/4/2026,Haji Shah,1034.65,,,,,,,,,,,,,,,,,,,,,,,,,,,,,,
3/4/2026,Talikna,1374.7,,,,,,,,,,,,,,,,,,,,,,,,,,,,,,
3/4/2026,Qibla Bandi,1234.55,,,,,,,,,,,,,,,,,,,,,,,,,,,,,,
3/4/2026,Mujahid,1360,,,,,,,,,,,,,,,,,,,,,,,,,,,,,,
3/4/2026,Chahan,1398,,,,,,,,,,,,,,,,,,,,,,,,,,,,,,
3/4/2026,Mahota,-,,,,,,,,,,,,,,,,,,,,,,,,,,,,,,
4/4/2026,Rawal,1746.5,,,,,,,,,,,,,,,,,,,,,,,,,,,,,,
4/4/2026,Khasala,1328.7,,,,,,,,,,,,,,,,,,,,,,,,,,,,,,
4/4/2026,Dhok Sanday Mar,1720.5,,,,,,,,,,,,,,,,,,,,,,,,,,,,,,
4/4/2026,Jawa,1379.1,,,,,,,,,,,,,,,,,,,,,,,,,,,,,,
4/4/2026,Misriot,1631.1,,,,,,,,,,,,,,,,,,,,,,,,,,,,,,
4/4/2026,Shakardara,1173.8,,,,,,,,,,,,,,,,,,,,,,,,,,,,,,
4/4/2026,Sipiala,1642,,,,,,,,,,,,,,,,,,,,,,,,,,,,,,
4/4/2026,Haji Shah,1034.75,,,,,,,,,,,,,,,,,,,,,,,,,,,,,,
4/4/2026,Talikna,1374.7,,,,,,,,,,,,,,,,,,,,,,,,,,,,,,
4/4/2026,Qibla Bandi,1234.55,,,,,,,,,,,,,,,,,,,,,,,,,,,,,,
4/4/2026,Mujahid,1360,,,,,,,,,,,,,,,,,,,,,,,,,,,,,,
4/4/2026,Chahan,1399,,,,,,,,,,,,,,,,,,,,,,,,,,,,,,
4/4/2026,Mahota,-,,,,,,,,,,,,,,,,,,,,,,,,,,,,,,
5/4/2026,Rawal,1746.9,,,,,,,,,,,,,,,,,,,,,,,,,,,,,,
5/4/2026,Khasala,1328.7,,,,,,,,,,,,,,,,,,,,,,,,,,,,,,
5/4/2026,Dhok Sanday Mar,1722.5,,,,,,,,,,,,,,,,,,,,,,,,,,,,,,
5/4/2026,Jawa,1379.1,,,,,,,,,,,,,,,,,,,,,,,,,,,,,,
5/4/2026,Misriot,1631.1,,,,,,,,,,,,,,,,,,,,,,,,,,,,,,
5/4/2026,Shakardara,1173.8,,,,,,,,,,,,,,,,,,,,,,,,,,,,,,
5/4/2026,Sipiala,1643,,,,,,,,,,,,,,,,,,,,,,,,,,,,,,
5/4/2026,Haji Shah,1034.75,,,,,,,,,,,,,,,,,,,,,,,,,,,,,,
5/4/2026,Talikna,1374.7,,,,,,,,,,,,,,,,,,,,,,,,,,,,,,
5/4/2026,Qibla Bandi,1234.6,,,,,,,,,,,,,,,,,,,,,,,,,,,,,,
5/4/2026,Mujahid,1360,,,,,,,,,,,,,,,,,,,,,,,,,,,,,,
5/4/2026,Chahan,1399,,,,,,,,,,,,,,,,,,,,,,,,,,,,,,
5/4/2026,Mahota,-,,,,,,,,,,,,,,,,,,,,,,,,,,,,,,
6/4/2026,Rawal,1746.9,,,,,,,,,,,,,,,,,,,,,,,,,,,,,,
6/4/2026,Khasala,1328.7,,,,,,,,,,,,,,,,,,,,,,,,,,,,,,
6/4/2026,Dhok Sanday Mar,1722.5,,,,,,,,,,,,,,,,,,,,,,,,,,,,,,
6/4/2026,Jawa,1379.1,,,,,,,,,,,,,,,,,,,,,,,,,,,,,,
6/4/2026,Misriot,1631.1,,,,,,,,,,,,,,,,,,,,,,,,,,,,,,
6/4/2026,Shakardara,1173.9,,,,,,,,,,,,,,,,,,,,,,,,,,,,,,
6/4/2026,Sipiala,1643,,,,,,,,,,,,,,,,,,,,,,,,,,,,,,
6/4/2026,Haji Shah,1034.75,,,,,,,,,,,,,,,,,,,,,,,,,,,,,,
6/4/2026,Talikna,1374.7,,,,,,,,,,,,,,,,,,,,,,,,,,,,,,
6/4/2026,Qibla Bandi,1234.6,,,,,,,,,,,,,,,,,,,,,,,,,,,,,,
6/4/2026,Mujahid,1360,,,,,,,,,,,,,,,,,,,,,,,,,,,,,,
6/4/2026,Chahan,1399.2,,,,,,,,,,,,,,,,,,,,,,,,,,,,,,
6/4/2026,Mahota,-,,,,,,,,,,,,,,,,,,,,,,,,,,,,,,
7/4/2026,Rawal,1747,,,,,,,,,,,,,,,,,,,,,,,,,,,,,,
7/4/2026,Khasala,1328.7,,,,,,,,,,,,,,,,,,,,,,,,,,,,,,
7/4/2026,Dhok Sanday Mar,1722.5,,,,,,,,,,,,,,,,,,,,,,,,,,,,,,
7/4/2026,Jawa,1379.1,,,,,,,,,,,,,,,,,,,,,,,,,,,,,,
7/4/2026,Misriot,1631,,,,,,,,,,,,,,,,,,,,,,,,,,,,,,
7/4/2026,Shakardara,1174,,,,,,,,,,,,,,,,,,,,,,,,,,,,,,
7/4/2026,Sipiala,1643,,,,,,,,,,,,,,,,,,,,,,,,,,,,,,
7/4/2026,Haji Shah,1034.75,,,,,,,,,,,,,,,,,,,,,,,,,,,,,,
7/4/2026,Talikna,1374.7,,,,,,,,,,,,,,,,,,,,,,,,,,,,,,
7/4/2026,Qibla Bandi,1234.6,,,,,,,,,,,,,,,,,,,,,,,,,,,,,,
7/4/2026,Mujahid,1360,,,,,,,,,,,,,,,,,,,,,,,,,,,,,,
7/4/2026,Chahan,1399.2,,,,,,,,,,,,,,,,,,,,,,,,,,,,,,
7/4/2026,Mahota,-,,,,,,,,,,,,,,,,,,,,,,,,,,,,,,
8/4/2026,Rawal,1747.6,,,,,,,,,,,,,,,,,,,,,,,,,,,,,,
8/4/2026,Khasala,1330,,,,,,,,,,,,,,,,,,,,,,,,,,,,,,
8/4/2026,Dhok Sanday Mar,1723,,,,,,,,,,,,,,,,,,,,,,,,,,,,,,
8/4/2026,Jawa,1380,,,,,,,,,,,,,,,,,,,,,,,,,,,,,,
8/4/2026,Misriot,1631.1,,,,,,,,,,,,,,,,,,,,,,,,,,,,,,
8/4/2026,Shakardara,1174,,,,,,,,,,,,,,,,,,,,,,,,,,,,,,
8/4/2026,Sipiala,1643.8,,,,,,,,,,,,,,,,,,,,,,,,,,,,,,
8/4/2026,Haji Shah,1035.5,,,,,,,,,,,,,,,,,,,,,,,,,,,,,,
8/4/2026,Talikna,1374.85,,,,,,,,,,,,,,,,,,,,,,,,,,,,,,
8/4/2026,Qibla Bandi,1234.7,,,,,,,,,,,,,,,,,,,,,,,,,,,,,,
8/4/2026,Mujahid,1355,,,,,,,,,,,,,,,,,,,,,,,,,,,,,,
8/4/2026,Chahan,1400.7,,,,,,,,,,,,,,,,,,,,,,,,,,,,,,
8/4/2026,Mahota,1233,,,,,,,,,,,,,,,,,,,,,,,,,,,,,,
9/4/2026,Rawal,1747.8,,,,,,,,,,,,,,,,,,,,,,,,,,,,,,
9/4/2026,Khasala,1330,,,,,,,,,,,,,,,,,,,,,,,,,,,,,,
9/4/2026,Dhok Sanday Mar,1726,,,,,,,,,,,,,,,,,,,,,,,,,,,,,,
9/4/2026,Jawa,1380,,,,,,,,,,,,,,,,,,,,,,,,,,,,,,
9/4/2026,Misriot,1631.1,,,,,,,,,,,,,,,,,,,,,,,,,,,,,,
9/4/2026,Shakardara,1174,,,,,,,,,,,,,,,,,,,,,,,,,,,,,,
9/4/2026,Sipiala,1643.8,,,,,,,,,,,,,,,,,,,,,,,,,,,,,,
9/4/2026,Haji Shah,1035.5,,,,,,,,,,,,,,,,,,,,,,,,,,,,,,
9/4/2026,Talikna,1374.85,,,,,,,,,,,,,,,,,,,,,,,,,,,,,,
9/4/2026,Qibla Bandi,1236.1,,,,,,,,,,,,,,,,,,,,,,,,,,,,,,
9/4/2026,Mujahid,1355,,,,,,,,,,,,,,,,,,,,,,,,,,,,,,
9/4/2026,Chahan,1400,,,,,,,,,,,,,,,,,,,,,,,,,,,,,,
9/4/2026,Mahota,1233,,,,,,,,,,,,,,,,,,,,,,,,,,,,,,
10/4/2026,Rawal,1747.8,,,,,,,,,,,,,,,,,,,,,,,,,,,,,,
10/4/2026,Khasala,1330,,,,,,,,,,,,,,,,,,,,,,,,,,,,,,
10/4/2026,Dhok Sanday Mar,1726,,,,,,,,,,,,,,,,,,,,,,,,,,,,,,
10/4/2026,Jawa,1380,,,,,,,,,,,,,,,,,,,,,,,,,,,,,,
10/4/2026,Misriot,1631.1,,,,,,,,,,,,,,,,,,,,,,,,,,,,,,
10/4/2026,Shakardara,1175.64,,,,,,,,,,,,,,,,,,,,,,,,,,,,,,
10/4/2026,Sipiala,1644,,,,,,,,,,,,,,,,,,,,,,,,,,,,,,
10/4/2026,Haji Shah,1035.5,,,,,,,,,,,,,,,,,,,,,,,,,,,,,,
10/4/2026,Talikna,1374.85,,,,,,,,,,,,,,,,,,,,,,,,,,,,,,
10/4/2026,Qibla Bandi,1236.1,,,,,,,,,,,,,,,,,,,,,,,,,,,,,,
10/4/2026,Mujahid,1355,,,,,,,,,,,,,,,,,,,,,,,,,,,,,,
10/4/2026,Chahan,1399.9,,,,,,,,,,,,,,,,,,,,,,,,,,,,,,
10/4/2026,Mahota,1233,,,,,,,,,,,,,,,,,,,,,,,,,,,,,,
11/4/2026,Rawal,1747.9,,,,,,,,,,,,,,,,,,,,,,,,,,,,,,
11/4/2026,Khasala,1330,,,,,,,,,,,,,,,,,,,,,,,,,,,,,,
11/4/2026,Dhok Sanday Mar,1726,,,,,,,,,,,,,,,,,,,,,,,,,,,,,,
11/4/2026,Jawa,1380,,,,,,,,,,,,,,,,,,,,,,,,,,,,,,
11/4/2026,Misriot,1631.1,,,,,,,,,,,,,,,,,,,,,,,,,,,,,,
11/4/2026,Shakardara,1175.64,,,,,,,,,,,,,,,,,,,,,,,,,,,,,,
11/4/2026,Sipiala,1644,,,,,,,,,,,,,,,,,,,,,,,,,,,,,,
11/4/2026,Haji Shah,1035.5,,,,,,,,,,,,,,,,,,,,,,,,,,,,,,
11/4/2026,Talikna,1374.85,,,,,,,,,,,,,,,,,,,,,,,,,,,,,,
11/4/2026,Qibla Bandi,1236.1,,,,,,,,,,,,,,,,,,,,,,,,,,,,,,
11/4/2026,Mujahid,1355,,,,,,,,,,,,,,,,,,,,,,,,,,,,,,
11/4/2026,Chahan,1399.5,,,,,,,,,,,,,,,,,,,,,,,,,,,,,,
11/4/2026,Mahota,1233,,,,,,,,,,,,,,,,,,,,,,,,,,,,,,
12/4/2026,Rawal,1747.9,,,,,,,,,,,,,,,,,,,,,,,,,,,,,,
12/4/2026,Khasala,1330.3,,,,,,,,,,,,,,,,,,,,,,,,,,,,,,
12/4/2026,Dhok Sanday Mar,1726,,,,,,,,,,,,,,,,,,,,,,,,,,,,,,
12/4/2026,Jawa,1380.4,,,,,,,,,,,,,,,,,,,,,,,,,,,,,,
12/4/2026,Misriot,1631.1,,,,,,,,,,,,,,,,,,,,,,,,,,,,,,
12/4/2026,Shakardara,1175.64,,,,,,,,,,,,,,,,,,,,,,,,,,,,,,
12/4/2026,Sipiala,1644,,,,,,,,,,,,,,,,,,,,,,,,,,,,,,
12/4/2026,Haji Shah,1035.5,,,,,,,,,,,,,,,,,,,,,,,,,,,,,,
12/4/2026,Talikna,1374.95,,,,,,,,,,,,,,,,,,,,,,,,,,,,,,
12/4/2026,Qibla Bandi,1236.1,,,,,,,,,,,,,,,,,,,,,,,,,,,,,,
12/4/2026,Mujahid,1355,,,,,,,,,,,,,,,,,,,,,,,,,,,,,,
12/4/2026,Chahan,1399.6,,,,,,,,,,,,,,,,,,,,,,,,,,,,,,
12/4/2026,Mahota,1233,,,,,,,,,,,,,,,,,,,,,,,,,,,,,,
13/4/2026,Rawal,1747.9,,,,,,,,,,,,,,,,,,,,,,,,,,,,,,
13/4/2026,Khasala,1330.3,,,,,,,,,,,,,,,,,,,,,,,,,,,,,,
13/4/2026,Dhok Sanday Mar,1726,,,,,,,,,,,,,,,,,,,,,,,,,,,,,,
13/4/2026,Jawa,1380.4,,,,,,,,,,,,,,,,,,,,,,,,,,,,,,
13/4/2026,Misriot,1631.1,,,,,,,,,,,,,,,,,,,,,,,,,,,,,,
13/4/2026,Shakardara,1175.64,,,,,,,,,,,,,,,,,,,,,,,,,,,,,,
13/4/2026,Sipiala,1644,,,,,,,,,,,,,,,,,,,,,,,,,,,,,,
13/4/2026,Haji Shah,1035.5,,,,,,,,,,,,,,,,,,,,,,,,,,,,,,
13/4/2026,Talikna,1375.05,,,,,,,,,,,,,,,,,,,,,,,,,,,,,,
13/4/2026,Qibla Bandi,1236.1,,,,,,,,,,,,,,,,,,,,,,,,,,,,,,
13/4/2026,Mujahid,1355,,,,,,,,,,,,,,,,,,,,,,,,,,,,,,
13/4/2026,Chahan,1399.4,,,,,,,,,,,,,,,,,,,,,,,,,,,,,,
13/4/2026,Mahota,1233,,,,,,,,,,,,,,,,,,,,,,,,,,,,,,
14/4/2026,Rawal,1747.9,,,,,,,,,,,,,,,,,,,,,,,,,,,,,,
14/4/2026,Khasala,1330.3,,,,,,,,,,,,,,,,,,,,,,,,,,,,,,
14/4/2026,Dhok Sanday Mar,1726,,,,,,,,,,,,,,,,,,,,,,,,,,,,,,
14/4/2026,Jawa,1380.4,,,,,,,,,,,,,,,,,,,,,,,,,,,,,,
14/4/2026,Misriot,1631.1,,,,,,,,,,,,,,,,,,,,,,,,,,,,,,
14/4/2026,Shakardara,1175.64,,,,,,,,,,,,,,,,,,,,,,,,,,,,,,
14/4/2026,Sipiala,1644,,,,,,,,,,,,,,,,,,,,,,,,,,,,,,
14/4/2026,Haji Shah,1035.5,,,,,,,,,,,,,,,,,,,,,,,,,,,,,,
14/4/2026,Talikna,1375.05,,,,,,,,,,,,,,,,,,,,,,,,,,,,,,
14/4/2026,Qibla Bandi,1236.05,,,,,,,,,,,,,,,,,,,,,,,,,,,,,,
14/4/2026,Mujahid,1355,,,,,,,,,,,,,,,,,,,,,,,,,,,,,,
14/4/2026,Chahan,1399.2,,,,,,,,,,,,,,,,,,,,,,,,,,,,,,
14/4/2026,Mahota,1233,,,,,,,,,,,,,,,,,,,,,,,,,,,,,,
15/4/2026,Rawal,1747.8,,,,,,,,,,,,,,,,,,,,,,,,,,,,,,
15/4/2026,Khasala,1330.3,,,,,,,,,,,,,,,,,,,,,,,,,,,,,,
15/4/2026,Dhok Sanday Mar,1726,,,,,,,,,,,,,,,,,,,,,,,,,,,,,,
15/4/2026,Jawa,1380.4,,,,,,,,,,,,,,,,,,,,,,,,,,,,,,
15/4/2026,Misriot,1631.1,,,,,,,,,,,,,,,,,,,,,,,,,,,,,,
15/4/2026,Shakardara,1175.64,,,,,,,,,,,,,,,,,,,,,,,,,,,,,,
15/4/2026,Sipiala,1644,,,,,,,,,,,,,,,,,,,,,,,,,,,,,,
15/4/2026,Haji Shah,1035.5,,,,,,,,,,,,,,,,,,,,,,,,,,,,,,
15/4/2026,Talikna,1375.05,,,,,,,,,,,,,,,,,,,,,,,,,,,,,,
15/4/2026,Qibla Bandi,1236.05,,,,,,,,,,,,,,,,,,,,,,,,,,,,,,
15/4/2026,Mujahid,1355,,,,,,,,,,,,,,,,,,,,,,,,,,,,,,
15/4/2026,Chahan,1399.1,,,,,,,,,,,,,,,,,,,,,,,,,,,,,,
15/4/2026,Mahota,1233,,,,,,,,,,,,,,,,,,,,,,,,,,,,,,
16/4/2026,Rawal,1747.8,,,,,,,,,,,,,,,,,,,,,,,,,,,,,,
16/4/2026,Khasala,1330.2,,,,,,,,,,,,,,,,,,,,,,,,,,,,,,
16/4/2026,Dhok Sanday Mar,1726,,,,,,,,,,,,,,,,,,,,,,,,,,,,,,
16/4/2026,Jawa,1380.3,,,,,,,,,,,,,,,,,,,,,,,,,,,,,,
16/4/2026,Misriot,1631,,,,,,,,,,,,,,,,,,,,,,,,,,,,,,
16/4/2026,Shakardara,1175.7,,,,,,,,,,,,,,,,,,,,,,,,,,,,,,
16/4/2026,Sipiala,1644,,,,,,,,,,,,,,,,,,,,,,,,,,,,,,
16/4/2026,Haji Shah,1035.5,,,,,,,,,,,,,,,,,,,,,,,,,,,,,,
16/4/2026,Talikna,1375.15,,,,,,,,,,,,,,,,,,,,,,,,,,,,,,
16/4/2026,Qibla Bandi,1236.05,,,,,,,,,,,,,,,,,,,,,,,,,,,,,,
16/4/2026,Mujahid,1355,,,,,,,,,,,,,,,,,,,,,,,,,,,,,,
16/4/2026,Chahan,1399,,,,,,,,,,,,,,,,,,,,,,,,,,,,,,
16/4/2026,Mahota,1233,,,,,,,,,,,,,,,,,,,,,,,,,,,,,,
17/4/2026,Rawal,1747.8,,,,,,,,,,,,,,,,,,,,,,,,,,,,,,
17/4/2026,Khasala,1330.2,,,,,,,,,,,,,,,,,,,,,,,,,,,,,,
17/4/2026,Dhok Sanday Mar,1726,,,,,,,,,,,,,,,,,,,,,,,,,,,,,,
17/4/2026,Jawa,1380.3,,,,,,,,,,,,,,,,,,,,,,,,,,,,,,
17/4/2026,Misriot,1631,,,,,,,,,,,,,,,,,,,,,,,,,,,,,,
17/4/2026,Shakardara,1175.8,,,,,,,,,,,,,,,,,,,,,,,,,,,,,,
17/4/2026,Sipiala,1644,,,,,,,,,,,,,,,,,,,,,,,,,,,,,,
17/4/2026,Haji Shah,1035.5,,,,,,,,,,,,,,,,,,,,,,,,,,,,,,
17/4/2026,Talikna,1375.15,,,,,,,,,,,,,,,,,,,,,,,,,,,,,,
17/4/2026,Qibla Bandi,1236,,,,,,,,,,,,,,,,,,,,,,,,,,,,,,
17/4/2026,Mujahid,1355,,,,,,,,,,,,,,,,,,,,,,,,,,,,,,
17/4/2026,Chahan,1398.9,,,,,,,,,,,,,,,,,,,,,,,,,,,,,,
17/4/2026,Mahota,1233,,,,,,,,,,,,,,,,,,,,,,,,,,,,,,
18/4/2026,Rawal,1747.8,,,,,,,,,,,,,,,,,,,,,,,,,,,,,,
18/4/2026,Khasala,1330.2,,,,,,,,,,,,,,,,,,,,,,,,,,,,,,
18/4/2026,Dhok Sanday Mar,1726,,,,,,,,,,,,,,,,,,,,,,,,,,,,,,
18/4/2026,Jawa,1380.3,,,,,,,,,,,,,,,,,,,,,,,,,,,,,,
18/4/2026,Misriot,1631,,,,,,,,,,,,,,,,,,,,,,,,,,,,,,
18/4/2026,Shakardara,1176,,,,,,,,,,,,,,,,,,,,,,,,,,,,,,
18/4/2026,Sipiala,1644,,,,,,,,,,,,,,,,,,,,,,,,,,,,,,
18/4/2026,Haji Shah,1035.5,,,,,,,,,,,,,,,,,,,,,,,,,,,,,,
18/4/2026,Talikna,1375.15,,,,,,,,,,,,,,,,,,,,,,,,,,,,,,
18/4/2026,Qibla Bandi,1235.95,,,,,,,,,,,,,,,,,,,,,,,,,,,,,,
18/4/2026,Mujahid,1355,,,,,,,,,,,,,,,,,,,,,,,,,,,,,,
18/4/2026,Chahan,1398.8,,,,,,,,,,,,,,,,,,,,,,,,,,,,,,
18/4/2026,Mahota,1233,,,,,,,,,,,,,,,,,,,,,,,,,,,,,,
19/4/2026,Rawal,1747.7,,,,,,,,,,,,,,,,,,,,,,,,,,,,,,
19/4/2026,Khasala,1330.2,,,,,,,,,,,,,,,,,,,,,,,,,,,,,,
19/4/2026,Dhok Sanday Mar,1726,,,,,,,,,,,,,,,,,,,,,,,,,,,,,,
19/4/2026,Jawa,1380.3,,,,,,,,,,,,,,,,,,,,,,,,,,,,,,
19/4/2026,Misriot,1631,,,,,,,,,,,,,,,,,,,,,,,,,,,,,,
19/4/2026,Shakardara,1176,,,,,,,,,,,,,,,,,,,,,,,,,,,,,,
19/4/2026,Sipiala,1644,,,,,,,,,,,,,,,,,,,,,,,,,,,,,,
19/4/2026,Haji Shah,1035.5,,,,,,,,,,,,,,,,,,,,,,,,,,,,,,
19/4/2026,Talikna,1375.15,,,,,,,,,,,,,,,,,,,,,,,,,,,,,,
19/4/2026,Qibla Bandi,1235.95,,,,,,,,,,,,,,,,,,,,,,,,,,,,,,
19/4/2026,Mujahid,1355,,,,,,,,,,,,,,,,,,,,,,,,,,,,,,
19/4/2026,Chahan,1398.7,,,,,,,,,,,,,,,,,,,,,,,,,,,,,,
19/4/2026,Mahota,1233,,,,,,,,,,,,,,,,,,,,,,,,,,,,,,
20/4/2026,Rawal,1747.7,,,,,,,,,,,,,,,,,,,,,,,,,,,,,,
20/4/2026,Khasala,1330.2,,,,,,,,,,,,,,,,,,,,,,,,,,,,,,
20/4/2026,Dhok Sanday Mar,1726,,,,,,,,,,,,,,,,,,,,,,,,,,,,,,
20/4/2026,Jawa,1380.3,,,,,,,,,,,,,,,,,,,,,,,,,,,,,,
20/4/2026,Misriot,1631,,,,,,,,,,,,,,,,,,,,,,,,,,,,,,
20/4/2026,Shakardara,1176.64,,,,,,,,,,,,,,,,,,,,,,,,,,,,,,
20/4/2026,Sipiala,1644,,,,,,,,,,,,,,,,,,,,,,,,,,,,,,
20/4/2026,Haji Shah,1035.5,,,,,,,,,,,,,,,,,,,,,,,,,,,,,,
20/4/2026,Talikna,1375.15,,,,,,,,,,,,,,,,,,,,,,,,,,,,,,
20/4/2026,Qibla Bandi,1235.9,,,,,,,,,,,,,,,,,,,,,,,,,,,,,,
20/4/2026,Mujahid,1355,,,,,,,,,,,,,,,,,,,,,,,,,,,,,,
20/4/2026,Chahan,1398.6,,,,,,,,,,,,,,,,,,,,,,,,,,,,,,
20/4/2026,Mahota,1233,,,,,,,,,,,,,,,,,,,,,,,,,,,,,,
21/4/2026,Rawal,1747.6,,,,,,,,,,,,,,,,,,,,,,,,,,,,,,
21/4/2026,Khasala,1330.2,,,,,,,,,,,,,,,,,,,,,,,,,,,,,,
21/4/2026,Dhok Sanday Mar,1726,,,,,,,,,,,,,,,,,,,,,,,,,,,,,,
21/4/2026,Jawa,1380.3,,,,,,,,,,,,,,,,,,,,,,,,,,,,,,
21/4/2026,Misriot,1631,,,,,,,,,,,,,,,,,,,,,,,,,,,,,,
21/4/2026,Shakardara,1176.64,,,,,,,,,,,,,,,,,,,,,,,,,,,,,,
21/4/2026,Sipiala,1644,,,,,,,,,,,,,,,,,,,,,,,,,,,,,,
21/4/2026,Haji Shah,1035.5,,,,,,,,,,,,,,,,,,,,,,,,,,,,,,
21/4/2026,Talikna,1375.15,,,,,,,,,,,,,,,,,,,,,,,,,,,,,,
21/4/2026,Qibla Bandi,1235.85,,,,,,,,,,,,,,,,,,,,,,,,,,,,,,
21/4/2026,Mujahid,1355,,,,,,,,,,,,,,,,,,,,,,,,,,,,,,
21/4/2026,Chahan,1398.6,,,,,,,,,,,,,,,,,,,,,,,,,,,,,,
21/4/2026,Mahota,1233,,,,,,,,,,,,,,,,,,,,,,,,,,,,,,
22/4/2026,Rawal,1747.6,,,,,,,,,,,,,,,,,,,,,,,,,,,,,,
22/4/2026,Khasala,1330.2,,,,,,,,,,,,,,,,,,,,,,,,,,,,,,
22/4/2026,Dhok Sanday Mar,1726,,,,,,,,,,,,,,,,,,,,,,,,,,,,,,
22/4/2026,Jawa,1380.3,,,,,,,,,,,,,,,,,,,,,,,,,,,,,,
22/4/2026,Misriot,1631,,,,,,,,,,,,,,,,,,,,,,,,,,,,,,
22/4/2026,Shakardara,1176.64,,,,,,,,,,,,,,,,,,,,,,,,,,,,,,
22/4/2026,Sipiala,1644,,,,,,,,,,,,,,,,,,,,,,,,,,,,,,
22/4/2026,Haji Shah,1035.45,,,,,,,,,,,,,,,,,,,,,,,,,,,,,,
22/4/2026,Talikna,1375.15,,,,,,,,,,,,,,,,,,,,,,,,,,,,,,
22/4/2026,Qibla Bandi,1235.8,,,,,,,,,,,,,,,,,,,,,,,,,,,,,,
22/4/2026,Mujahid,1355,,,,,,,,,,,,,,,,,,,,,,,,,,,,,,
22/4/2026,Chahan,1398.5,,,,,,,,,,,,,,,,,,,,,,,,,,,,,,
22/4/2026,Mahota,1233,,,,,,,,,,,,,,,,,,,,,,,,,,,,,,
23/4/2026,Rawal,1747.6,,,,,,,,,,,,,,,,,,,,,,,,,,,,,,
23/4/2026,Khasala,1330.2,,,,,,,,,,,,,,,,,,,,,,,,,,,,,,
23/4/2026,Dhok Sanday Mar,1726,,,,,,,,,,,,,,,,,,,,,,,,,,,,,,
23/4/2026,Jawa,1380.3,,,,,,,,,,,,,,,,,,,,,,,,,,,,,,
23/4/2026,Misriot,1631,,,,,,,,,,,,,,,,,,,,,,,,,,,,,,
23/4/2026,Shakardara,1176.64,,,,,,,,,,,,,,,,,,,,,,,,,,,,,,
23/4/2026,Sipiala,1644,,,,,,,,,,,,,,,,,,,,,,,,,,,,,,
23/4/2026,Haji Shah,1035.45,,,,,,,,,,,,,,,,,,,,,,,,,,,,,,
23/4/2026,Talikna,1375.1,,,,,,,,,,,,,,,,,,,,,,,,,,,,,,
23/4/2026,Qibla Bandi,1235.75,,,,,,,,,,,,,,,,,,,,,,,,,,,,,,
23/4/2026,Mujahid,1355,,,,,,,,,,,,,,,,,,,,,,,,,,,,,,
23/4/2026,Chahan,1398.5,,,,,,,,,,,,,,,,,,,,,,,,,,,,,,
23/4/2026,Mahota,1233,,,,,,,,,,,,,,,,,,,,,,,,,,,,,,
24/4/2026,Rawal,1747.5,,,,,,,,,,,,,,,,,,,,,,,,,,,,,,
24/4/2026,Khasala,1330.2,,,,,,,,,,,,,,,,,,,,,,,,,,,,,,
24/4/2026,Dhok Sanday Mar,1726,,,,,,,,,,,,,,,,,,,,,,,,,,,,,,
24/4/2026,Jawa,1380.3,,,,,,,,,,,,,,,,,,,,,,,,,,,,,,
24/4/2026,Misriot,1631,,,,,,,,,,,,,,,,,,,,,,,,,,,,,,
24/4/2026,Shakardara,1176.64,,,,,,,,,,,,,,,,,,,,,,,,,,,,,,
24/4/2026,Sipiala,1644,,,,,,,,,,,,,,,,,,,,,,,,,,,,,,
24/4/2026,Haji Shah,1035.4,,,,,,,,,,,,,,,,,,,,,,,,,,,,,,
24/4/2026,Talikna,1375.1,,,,,,,,,,,,,,,,,,,,,,,,,,,,,,
24/4/2026,Qibla Bandi,1235.7,,,,,,,,,,,,,,,,,,,,,,,,,,,,,,
24/4/2026,Mujahid,1355,,,,,,,,,,,,,,,,,,,,,,,,,,,,,,
24/4/2026,Chahan,1398.4,,,,,,,,,,,,,,,,,,,,,,,,,,,,,,
24/4/2026,Mahota,1233,,,,,,,,,,,,,,,,,,,,,,,,,,,,,,
25/4/2026,Rawal,1747.5,,,,,,,,,,,,,,,,,,,,,,,,,,,,,,
25/4/2026,Khasala,1330.2,,,,,,,,,,,,,,,,,,,,,,,,,,,,,,
25/4/2026,Dhok Sanday Mar,1726,,,,,,,,,,,,,,,,,,,,,,,,,,,,,,
25/4/2026,Jawa,1380.3,,,,,,,,,,,,,,,,,,,,,,,,,,,,,,
25/4/2026,Misriot,1631,,,,,,,,,,,,,,,,,,,,,,,,,,,,,,
25/4/2026,Shakardara,1176.64,,,,,,,,,,,,,,,,,,,,,,,,,,,,,,
25/4/2026,Sipiala,1644,,,,,,,,,,,,,,,,,,,,,,,,,,,,,,
25/4/2026,Haji Shah,1035.4,,,,,,,,,,,,,,,,,,,,,,,,,,,,,,
25/4/2026,Talikna,1375.1,,,,,,,,,,,,,,,,,,,,,,,,,,,,,,
25/4/2026,Qibla Bandi,1235.65,,,,,,,,,,,,,,,,,,,,,,,,,,,,,,
25/4/2026,Mujahid,1355,,,,,,,,,,,,,,,,,,,,,,,,,,,,,,
25/4/2026,Chahan,1398.4,,,,,,,,,,,,,,,,,,,,,,,,,,,,,,
25/4/2026,Mahota,1233,,,,,,,,,,,,,,,,,,,,,,,,,,,,,,
26/4/2026,Rawal,1747.5,,,,,,,,,,,,,,,,,,,,,,,,,,,,,,
26/4/2026,Khasala,1330.2,,,,,,,,,,,,,,,,,,,,,,,,,,,,,,
26/4/2026,Dhok Sanday Mar,1726,,,,,,,,,,,,,,,,,,,,,,,,,,,,,,
26/4/2026,Jawa,1380.3,,,,,,,,,,,,,,,,,,,,,,,,,,,,,,
26/4/2026,Misriot,1631,,,,,,,,,,,,,,,,,,,,,,,,,,,,,,
26/4/2026,Shakardara,1176.64,,,,,,,,,,,,,,,,,,,,,,,,,,,,,,
26/4/2026,Sipiala,1644,,,,,,,,,,,,,,,,,,,,,,,,,,,,,,
26/4/2026,Haji Shah,1035.4,,,,,,,,,,,,,,,,,,,,,,,,,,,,,,
26/4/2026,Talikna,1375.15,,,,,,,,,,,,,,,,,,,,,,,,,,,,,,
26/4/2026,Qibla Bandi,1235.6,,,,,,,,,,,,,,,,,,,,,,,,,,,,,,
26/4/2026,Mujahid,1355,,,,,,,,,,,,,,,,,,,,,,,,,,,,,,
26/4/2026,Chahan,1398.3,,,,,,,,,,,,,,,,,,,,,,,,,,,,,,
26/4/2026,Mahota,1233,,,,,,,,,,,,,,,,,,,,,,,,,,,,,,
27/4/2026,Rawal,1747.5,,,,,,,,,,,,,,,,,,,,,,,,,,,,,,
27/4/2026,Khasala,1330.2,,,,,,,,,,,,,,,,,,,,,,,,,,,,,,
27/4/2026,Dhok Sanday Mar,1725.5,,,,,,,,,,,,,,,,,,,,,,,,,,,,,,
27/4/2026,Jawa,1380.3,,,,,,,,,,,,,,,,,,,,,,,,,,,,,,
27/4/2026,Misriot,1631,,,,,,,,,,,,,,,,,,,,,,,,,,,,,,
27/4/2026,Shakardara,1176.6,,,,,,,,,,,,,,,,,,,,,,,,,,,,,,
27/4/2026,Sipiala,1644,,,,,,,,,,,,,,,,,,,,,,,,,,,,,,
27/4/2026,Haji Shah,1035.4,,,,,,,,,,,,,,,,,,,,,,,,,,,,,,
27/4/2026,Talikna,1375.1,,,,,,,,,,,,,,,,,,,,,,,,,,,,,,
27/4/2026,Qibla Bandi,1235.55,,,,,,,,,,,,,,,,,,,,,,,,,,,,,,
27/4/2026,Mujahid,1355,,,,,,,,,,,,,,,,,,,,,,,,,,,,,,
27/4/2026,Chahan,1398.3,,,,,,,,,,,,,,,,,,,,,,,,,,,,,,
27/4/2026,Mahota,1233,,,,,,,,,,,,,,,,,,,,,,,,,,,,,,
28/4/2026,Rawal,1747.4,,,,,,,,,,,,,,,,,,,,,,,,,,,,,,
28/4/2026,Khasala,1330.1,,,,,,,,,,,,,,,,,,,,,,,,,,,,,,
28/4/2026,Dhok Sanday Mar,1725.5,,,,,,,,,,,,,,,,,,,,,,,,,,,,,,
28/4/2026,Jawa,1380.2,,,,,,,,,,,,,,,,,,,,,,,,,,,,,,
28/4/2026,Misriot,1631,,,,,,,,,,,,,,,,,,,,,,,,,,,,,,
28/4/2026,Shakardara,1176.4,,,,,,,,,,,,,,,,,,,,,,,,,,,,,,
28/4/2026,Sipiala,1644,,,,,,,,,,,,,,,,,,,,,,,,,,,,,,
28/4/2026,Haji Shah,1035.4,,,,,,,,,,,,,,,,,,,,,,,,,,,,,,
28/4/2026,Talikna,1375.1,,,,,,,,,,,,,,,,,,,,,,,,,,,,,,
28/4/2026,Qibla Bandi,1235.55,,,,,,,,,,,,,,,,,,,,,,,,,,,,,,
28/4/2026,Mujahid,1355,,,,,,,,,,,,,,,,,,,,,,,,,,,,,,
28/4/2026,Chahan,1398.2,,,,,,,,,,,,,,,,,,,,,,,,,,,,,,
28/4/2026,Mahota,1233,,,,,,,,,,,,,,,,,,,,,,,,,,,,,,
29/4/2026,Rawal,1747.4,,,,,,,,,,,,,,,,,,,,,,,,,,,,,,
29/4/2026,Khasala,1330.2,,,,,,,,,,,,,,,,,,,,,,,,,,,,,,
29/4/2026,Dhok Sanday Mar,1725.5,,,,,,,,,,,,,,,,,,,,,,,,,,,,,,
29/4/2026,Jawa,1380.3,,,,,,,,,,,,,,,,,,,,,,,,,,,,,,
29/4/2026,Misriot,1631,,,,,,,,,,,,,,,,,,,,,,,,,,,,,,
29/4/2026,Shakardara,1176.2,,,,,,,,,,,,,,,,,,,,,,,,,,,,,,
29/4/2026,Sipiala,1644,,,,,,,,,,,,,,,,,,,,,,,,,,,,,,
29/4/2026,Haji Shah,1035.36,,,,,,,,,,,,,,,,,,,,,,,,,,,,,,
29/4/2026,Talikna,1375.15,,,,,,,,,,,,,,,,,,,,,,,,,,,,,,
29/4/2026,Qibla Bandi,1235.55,,,,,,,,,,,,,,,,,,,,,,,,,,,,,,
29/4/2026,Mujahid,1355,,,,,,,,,,,,,,,,,,,,,,,,,,,,,,
29/4/2026,Chahan,1398.2,,,,,,,,,,,,,,,,,,,,,,,,,,,,,,
29/4/2026,Mahota,1232.5,,,,,,,,,,,,,,,,,,,,,,,,,,,,,,
30/4/2026,Rawal,1747.4,,,,,,,,,,,,,,,,,,,,,,,,,,,,,,
30/4/2026,Khasala,1330.2,,,,,,,,,,,,,,,,,,,,,,,,,,,,,,
30/4/2026,Dhok Sanday Mar,1725.5,,,,,,,,,,,,,,,,,,,,,,,,,,,,,,
30/4/2026,Jawa,1380.3,,,,,,,,,,,,,,,,,,,,,,,,,,,,,,
30/4/2026,Misriot,1631,,,,,,,,,,,,,,,,,,,,,,,,,,,,,,
30/4/2026,Shakardara,1176.2,,,,,,,,,,,,,,,,,,,,,,,,,,,,,,
30/4/2026,Sipiala,1643.8,,,,,,,,,,,,,,,,,,,,,,,,,,,,,,
30/4/2026,Haji Shah,1035.36,,,,,,,,,,,,,,,,,,,,,,,,,,,,,,
30/4/2026,Talikna,-,,,,,,,,,,,,,,,,,,,,,,,,,,,,,,
30/4/2026,Qibla Bandi,1235.45,,,,,,,,,,,,,,,,,,,,,,,,,,,,,,
30/4/2026,Mujahid,1355,,,,,,,,,,,,,,,,,,,,,,,,,,,,,,
30/4/2026,Chahan,1398.1,,,,,,,,,,,,,,,,,,,,,,,,,,,,,,
30/4/2026,Mahota,1232.5,,,,,,,,,,,,,,,,,,,,,,,,,,,,,,
1/5/2026,Rawal,1747.3,,,,,,,,,,,,,,,,,,,,,,,,,,,,,,
1/5/2026,Khasala,1330.2,,,,,,,,,,,,,,,,,,,,,,,,,,,,,,
1/5/2026,Dhok Sanday Mar,1725.5,,,,,,,,,,,,,,,,,,,,,,,,,,,,,,
1/5/2026,Jawa,1380.3,,,,,,,,,,,,,,,,,,,,,,,,,,,,,,
1/5/2026,Misriot,1631,,,,,,,,,,,,,,,,,,,,,,,,,,,,,,
1/5/2026,Shakardara,1176,,,,,,,,,,,,,,,,,,,,,,,,,,,,,,
1/5/2026,Sipiala,1643.8,,,,,,,,,,,,,,,,,,,,,,,,,,,,,,
1/5/2026,Haji Shah,1035.36,,,,,,,,,,,,,,,,,,,,,,,,,,,,,,
1/5/2026,Talikna,1375.1,,,,,,,,,,,,,,,,,,,,,,,,,,,,,,
1/5/2026,Qibla Bandi,1235.4,,,,,,,,,,,,,,,,,,,,,,,,,,,,,,
1/5/2026,Mujahid,1355,,,,,,,,,,,,,,,,,,,,,,,,,,,,,,
1/5/2026,Chahan,1398.5,,,,,,,,,,,,,,,,,,,,,,,,,,,,,,
1/5/2026,Mahota,1232.5,,,,,,,,,,,,,,,,,,,,,,,,,,,,,,
2/5/2026,Rawal,1747.3,,,,,,,,,,,,,,,,,,,,,,,,,,,,,,
2/5/2026,Khasala,1330.2,,,,,,,,,,,,,,,,,,,,,,,,,,,,,,
2/5/2026,Dhok Sanday Mar,1725.5,,,,,,,,,,,,,,,,,,,,,,,,,,,,,,
2/5/2026,Jawa,1380.3,,,,,,,,,,,,,,,,,,,,,,,,,,,,,,
2/5/2026,Misriot,1631,,,,,,,,,,,,,,,,,,,,,,,,,,,,,,
2/5/2026,Shakardara,1175.9,,,,,,,,,,,,,,,,,,,,,,,,,,,,,,
2/5/2026,Sipiala,1643.8,,,,,,,,,,,,,,,,,,,,,,,,,,,,,,
2/5/2026,Haji Shah,1035.36,,,,,,,,,,,,,,,,,,,,,,,,,,,,,,
2/5/2026,Talikna,1375.1,,,,,,,,,,,,,,,,,,,,,,,,,,,,,,
2/5/2026,Qibla Bandi,1235.35,,,,,,,,,,,,,,,,,,,,,,,,,,,,,,
2/5/2026,Mujahid,1355,,,,,,,,,,,,,,,,,,,,,,,,,,,,,,
2/5/2026,Chahan,1398.5,,,,,,,,,,,,,,,,,,,,,,,,,,,,,,
2/5/2026,Mahota,1232.5,,,,,,,,,,,,,,,,,,,,,,,,,,,,,,
3/5/2026,Rawal,1747.3,,,,,,,,,,,,,,,,,,,,,,,,,,,,,,
3/5/2026,Khasala,1330.2,,,,,,,,,,,,,,,,,,,,,,,,,,,,,,
3/5/2026,Dhok Sanday Mar,1725.5,,,,,,,,,,,,,,,,,,,,,,,,,,,,,,
3/5/2026,Jawa,1380.3,,,,,,,,,,,,,,,,,,,,,,,,,,,,,,
3/5/2026,Misriot,1631,,,,,,,,,,,,,,,,,,,,,,,,,,,,,,
3/5/2026,Shakardara,1175.9,,,,,,,,,,,,,,,,,,,,,,,,,,,,,,
3/5/2026,Sipiala,1643.8,,,,,,,,,,,,,,,,,,,,,,,,,,,,,,
3/5/2026,Haji Shah,1035.3,,,,,,,,,,,,,,,,,,,,,,,,,,,,,,
3/5/2026,Talikna,1375.15,,,,,,,,,,,,,,,,,,,,,,,,,,,,,,
3/5/2026,Qibla Bandi,1235.3,,,,,,,,,,,,,,,,,,,,,,,,,,,,,,
3/5/2026,Mujahid,1355,,,,,,,,,,,,,,,,,,,,,,,,,,,,,,
3/5/2026,Chahan,1399,,,,,,,,,,,,,,,,,,,,,,,,,,,,,,
3/5/2026,Mahota,1232.5,,,,,,,,,,,,,,,,,,,,,,,,,,,,,,
4/5/2026,Rawal,1747.2,,,,,,,,,,,,,,,,,,,,,,,,,,,,,,
4/5/2026,Khasala,1330.2,,,,,,,,,,,,,,,,,,,,,,,,,,,,,,
4/5/2026,Dhok Sanday Mar,1725.5,,,,,,,,,,,,,,,,,,,,,,,,,,,,,,
4/5/2026,Jawa,1380.3,,,,,,,,,,,,,,,,,,,,,,,,,,,,,,
4/5/2026,Misriot,1631,,,,,,,,,,,,,,,,,,,,,,,,,,,,,,
4/5/2026,Shakardara,1175.9,,,,,,,,,,,,,,,,,,,,,,,,,,,,,,
4/5/2026,Sipiala,1643.8,,,,,,,,,,,,,,,,,,,,,,,,,,,,,,
4/5/2026,Haji Shah,1035.3,,,,,,,,,,,,,,,,,,,,,,,,,,,,,,
4/5/2026,Talikna,1375.1,,,,,,,,,,,,,,,,,,,,,,,,,,,,,,
4/5/2026,Qibla Bandi,1235.3,,,,,,,,,,,,,,,,,,,,,,,,,,,,,,
4/5/2026,Mujahid,1355,,,,,,,,,,,,,,,,,,,,,,,,,,,,,,
4/5/2026,Chahan,1399,,,,,,,,,,,,,,,,,,,,,,,,,,,,,,
4/5/2026,Mahota,1232.5,,,,,,,,,,,,,,,,,,,,,,,,,,,,,,
